#
# There is insufficient memory for the Java Runtime Environment to continue.
# Native memory allocation (mmap) failed to map 2373976064 bytes. Error detail: G1 virtual space
# Possible reasons:
#   The system is out of physical RAM or swap space
#   This process is running with CompressedOops enabled, and the Java Heap may be blocking the growth of the native heap
# Possible solutions:
#   Reduce memory load on the system
#   Increase physical memory or swap space
#   Check if swap backing store is full
#   Decrease Java heap size (-Xmx/-Xms)
#   Decrease number of Java threads
#   Decrease Java thread stack sizes (-Xss)
#   Set larger code cache with -XX:ReservedCodeCacheSize=
#   JVM is running with Zero Based Compressed Oops mode in which the Java heap is
#     placed in the first 32GB address space. The Java Heap base address is the
#     maximum limit for the native heap growth. Please use -XX:HeapBaseMinAddress
#     to set the Java Heap base and to place the Java Heap above 32GB virtual address.
# This output file may be truncated or incomplete.
#
#  Out of Memory Error (os_windows.cpp:3732), pid=23432, tid=23928
#
# JRE version: OpenJDK Runtime Environment Temurin-21.0.12.1+1 (21.0.12.1+1) (build 21.0.12.1+1-LTS)
# Java VM: OpenJDK 64-Bit Server VM Temurin-21.0.12.1+1 (21.0.12.1+1-LTS, mixed mode, sharing, tiered, compressed oops, compressed class ptrs, g1 gc, windows-amd64)
# No core dump will be written. Minidumps are not enabled by default on client versions of Windows
#

---------------  S U M M A R Y ------------

Command Line: --add-modules=ALL-SYSTEM --add-opens=java.base/java.util=ALL-UNNAMED --add-opens=java.base/java.lang=ALL-UNNAMED --add-opens=java.base/sun.nio.fs=ALL-UNNAMED -Declipse.application=org.eclipse.jdt.ls.core.id1 -Dosgi.bundles.defaultStartLevel=4 -Declipse.product=org.eclipse.jdt.ls.core.product -Djava.import.generatesMetadataFilesAtProjectRoot=false -Dm2e.project.cache.size=50 -DDetectVMInstallationsJob.disabled=true -Dfile.encoding=utf8 -Xlog:disable -Xmx16G -XX:+UseG1GC -XX:+UseStringDeduplication -javaagent:c:\Users\ZHAN\.vscode\extensions\redhat.java-1.56.0-win32-x64\lombok\lombok-1.18.39-4050.jar -XX:+HeapDumpOnOutOfMemoryError -XX:HeapDumpPath=c:\Users\ZHAN\AppData\Roaming\Code\User\workspaceStorage\6ade11563f4fe5361217eb6860d671e4\redhat.java -Daether.dependencyCollector.impl=bf c:\Users\ZHAN\.vscode\extensions\redhat.java-1.56.0-win32-x64\server\plugins\org.eclipse.equinox.launcher_1.8.0.v20260804-1928.jar -configuration c:\Users\ZHAN\AppData\Roaming\Code\User\globalStorage\redhat.java\1.56.0\config_win -data c:\Users\ZHAN\AppData\Roaming\Code\User\workspaceStorage\6ade11563f4fe5361217eb6860d671e4\redhat.java\jdt_ws --stdio

Host: Intel(R) Core(TM) i5-1035G1 CPU @ 1.00GHz, 8 cores, 7G,  Windows 11 , 64 bit Build 26100 (10.0.26100.9168)
Time: Sun Sep 20 01:42:18 2026 Jordan Standard Time elapsed time: 2945.644008 seconds (0d 0h 49m 5s)

---------------  T H R E A D  ---------------

Current thread (0x000002454d5ac350):  VMThread "VM Thread"          [id=23928, stack(0x000000fb83f00000,0x000000fb84000000) (1024K)]

Stack: [0x000000fb83f00000,0x000000fb84000000]
Native frames: (J=compiled Java code, j=interpreted, Vv=VM code, C=native code)
V  [jvm.dll+0x6d83e9]
V  [jvm.dll+0x8b5736]
V  [jvm.dll+0x8b7cee]
V  [jvm.dll+0x8b83d3]
V  [jvm.dll+0x284596]
V  [jvm.dll+0x6d4d05]
V  [jvm.dll+0x6c898a]
V  [jvm.dll+0x35f2f8]
V  [jvm.dll+0x366f36]
V  [jvm.dll+0x3b804e]
V  [jvm.dll+0x3b82f8]
V  [jvm.dll+0x33320c]
V  [jvm.dll+0x335fce]
V  [jvm.dll+0x375196]
V  [jvm.dll+0x8be0c0]
V  [jvm.dll+0x8bf434]
V  [jvm.dll+0x8bf960]
V  [jvm.dll+0x8bfc03]
V  [jvm.dll+0x8600cd]
V  [jvm.dll+0x6d6c1d]
C  [ucrtbase.dll+0x2cd30]
C  [KERNEL32.DLL+0x2ccb7]
C  [ntdll.dll+0xaad6c]

VM_Operation (0x000000fb860fe650): G1CollectForAllocation, mode: safepoint, requested by thread 0x0000024596338f00


---------------  P R O C E S S  ---------------

Threads class SMR info:
_java_thread_list=0x00000245972a71e0, length=36, elements={
0x0000024526eb04b0, 0x000002454d5ce410, 0x000002454d5d1ba0, 0x000002454d5d5c00,
0x000002454d5d87a0, 0x000002454d5dc060, 0x0000024595008e00, 0x0000024595018a30,
0x000002459501b100, 0x000002459500a1b0, 0x0000024595009490, 0x000002459500a840,
0x000002459500aed0, 0x000002459500b560, 0x0000024595009b20, 0x0000024595008770,
0x00000245950080e0, 0x0000024596338870, 0x0000024596339590, 0x0000024596339c20,
0x0000024596338f00, 0x000002459633d0a0, 0x000002459633b660, 0x000002459633a2b0,
0x0000024598739f90, 0x000002459873e130, 0x000002459873ee50, 0x000002459873daa0,
0x0000024599a4e8d0, 0x0000024598663cf0, 0x0000024598669240, 0x0000024598665dc0,
0x0000024598667170, 0x0000024598668520, 0x00000245986698d0, 0x0000024598669f60
}
_to_delete_list=0x00000245979d8e50, length=34, elements={
0x0000024526eb04b0, 0x000002454d5ce410, 0x000002454d5d1ba0, 0x000002454d5d5c00,
0x000002454d5d87a0, 0x000002454d5dc060, 0x0000024595008e00, 0x0000024595018a30,
0x000002459501b100, 0x000002459500a1b0, 0x0000024595009490, 0x000002459500a840,
0x000002459500aed0, 0x000002459500b560, 0x0000024595009b20, 0x0000024595008770,
0x00000245950080e0, 0x0000024596338870, 0x0000024596339590, 0x0000024596339c20,
0x0000024596338f00, 0x000002459633d0a0, 0x000002459633b660, 0x000002459633a2b0,
0x0000024598739f90, 0x000002459873e130, 0x000002459873ee50, 0x000002459873daa0,
0x0000024599a4ce90, 0x0000024599a4e8d0, 0x0000024598663cf0, 0x0000024598669240,
0x0000024598665dc0, 0x0000024598667170
}

Java Threads: ( => current thread )
  0x0000024526eb04b0 JavaThread "main"                              [_thread_blocked, id=26412, stack(0x000000fb83800000,0x000000fb83900000) (1024K)]
  0x000002454d5ce410 JavaThread "Reference Handler"          daemon [_thread_blocked, id=17252, stack(0x000000fb84000000,0x000000fb84100000) (1024K)]
  0x000002454d5d1ba0 JavaThread "Finalizer"                  daemon [_thread_blocked, id=16272, stack(0x000000fb84100000,0x000000fb84200000) (1024K)]
  0x000002454d5d5c00 JavaThread "Signal Dispatcher"          daemon [_thread_blocked, id=13688, stack(0x000000fb84200000,0x000000fb84300000) (1024K)]
  0x000002454d5d87a0 JavaThread "Attach Listener"            daemon [_thread_blocked, id=9300, stack(0x000000fb84300000,0x000000fb84400000) (1024K)]
  0x000002454d5dc060 JavaThread "Service Thread"             daemon [_thread_blocked, id=17088, stack(0x000000fb84400000,0x000000fb84500000) (1024K)]
  0x0000024595008e00 JavaThread "Monitor Deflation Thread"   daemon [_thread_blocked, id=24948, stack(0x000000fb84500000,0x000000fb84600000) (1024K)]
  0x0000024595018a30 JavaThread "C2 CompilerThread0"         daemon [_thread_blocked, id=18880, stack(0x000000fb84600000,0x000000fb84700000) (1024K)]
  0x000002459501b100 JavaThread "C1 CompilerThread0"         daemon [_thread_blocked, id=9200, stack(0x000000fb84700000,0x000000fb84800000) (1024K)]
  0x000002459500a1b0 JavaThread "StringDedupThread"          daemon [_thread_blocked, id=25272, stack(0x000000fb84800000,0x000000fb84900000) (1024K)]
  0x0000024595009490 JavaThread "Common-Cleaner"             daemon [_thread_blocked, id=9520, stack(0x000000fb84a00000,0x000000fb84b00000) (1024K)]
  0x000002459500a840 JavaThread "Notification Thread"        daemon [_thread_blocked, id=7036, stack(0x000000fb84b00000,0x000000fb84c00000) (1024K)]
  0x000002459500aed0 JavaThread "Active Thread: Equinox Container: 8229fb42-5057-418a-be0e-4f79c1f3d557"        [_thread_blocked, id=28116, stack(0x000000fb85300000,0x000000fb85400000) (1024K)]
  0x000002459500b560 JavaThread "Refresh Thread: Equinox Container: 8229fb42-5057-418a-be0e-4f79c1f3d557" daemon [_thread_blocked, id=19272, stack(0x000000fb85400000,0x000000fb85500000) (1024K)]
  0x0000024595009b20 JavaThread "Framework Event Dispatcher: Equinox Container: 8229fb42-5057-418a-be0e-4f79c1f3d557" daemon [_thread_blocked, id=21588, stack(0x000000fb85500000,0x000000fb85600000) (1024K)]
  0x0000024595008770 JavaThread "Start Level: Equinox Container: 8229fb42-5057-418a-be0e-4f79c1f3d557" daemon [_thread_blocked, id=15212, stack(0x000000fb85600000,0x000000fb85700000) (1024K)]
  0x00000245950080e0 JavaThread "Bundle File Closer"         daemon [_thread_blocked, id=19988, stack(0x000000fb85700000,0x000000fb85800000) (1024K)]
  0x0000024596338870 JavaThread "SCR Component Actor"        daemon [_thread_blocked, id=28612, stack(0x000000fb84900000,0x000000fb84a00000) (1024K)]
  0x0000024596339590 JavaThread "Worker-JM"                         [_thread_blocked, id=15576, stack(0x000000fb85800000,0x000000fb85900000) (1024K)]
  0x0000024596339c20 JavaThread "JNA Cleaner"                daemon [_thread_blocked, id=24152, stack(0x000000fb85900000,0x000000fb85a00000) (1024K)]
  0x0000024596338f00 JavaThread "Java indexing"              daemon [_thread_blocked, id=26720, stack(0x000000fb86000000,0x000000fb86100000) (1024K)]
  0x000002459633d0a0 JavaThread "pool-2-thread-1"                   [_thread_blocked, id=24444, stack(0x000000fb86500000,0x000000fb86600000) (1024K)]
  0x000002459633b660 JavaThread "WorkspaceEventsHandler"            [_thread_blocked, id=27520, stack(0x000000fb86700000,0x000000fb86800000) (1024K)]
  0x000002459633a2b0 JavaThread "pool-1-thread-1"                   [_thread_in_native, id=9312, stack(0x000000fb86800000,0x000000fb86900000) (1024K)]
  0x0000024598739f90 JavaThread "Java Debug Server"          daemon [_thread_in_native, id=26480, stack(0x000000fb83600000,0x000000fb83700000) (1024K)]
  0x000002459873e130 JavaThread "RxSchedulerPurge-1"         daemon [_thread_blocked, id=23884, stack(0x000000fb86900000,0x000000fb86a00000) (1024K)]
  0x000002459873ee50 JavaThread "RxCachedWorkerPoolEvictor-1" daemon [_thread_blocked, id=15144, stack(0x000000fb87500000,0x000000fb87600000) (1024K)]
  0x000002459873daa0 JavaThread "Worker-6"                          [_thread_blocked, id=6392, stack(0x000000fb85a00000,0x000000fb85b00000) (1024K)]
  0x0000024599a4e8d0 JavaThread "LocalFile Deleter"          daemon [_thread_blocked, id=24004, stack(0x000000fb86e00000,0x000000fb86f00000) (1024K)]
  0x0000024598663cf0 JavaThread "Worker-8"                          [_thread_blocked, id=2736, stack(0x000000fb87400000,0x000000fb87500000) (1024K)]
  0x0000024598669240 JavaThread "ForkJoinPool.commonPool-worker-14" daemon [_thread_blocked, id=10936, stack(0x000000fb83500000,0x000000fb83600000) (1024K)]
  0x0000024598665dc0 JavaThread "Compiler Source File Reader" daemon [_thread_blocked, id=24052, stack(0x000000fb83700000,0x000000fb83800000) (1024K)]
  0x0000024598667170 JavaThread "Worker-10"                         [_thread_blocked, id=11032, stack(0x000000fb85b00000,0x000000fb85c00000) (1024K)]
  0x0000024598668520 JavaThread "ForkJoinPool.commonPool-worker-15" daemon [_thread_blocked, id=28376, stack(0x000000fb85d00000,0x000000fb85e00000) (1024K)]
  0x00000245986698d0 JavaThread "Compiler Processing Task"   daemon [_thread_blocked, id=10628, stack(0x000000fb85e00000,0x000000fb85f00000) (1024K)]
  0x0000024598669f60 JavaThread "Worker-11"                         [_thread_blocked, id=18660, stack(0x000000fb85f00000,0x000000fb86000000) (1024K)]
Total: 36

Other Threads:
=>0x000002454d5ac350 VMThread "VM Thread"                           [id=23928, stack(0x000000fb83f00000,0x000000fb84000000) (1024K)]
  0x000002454d595590 WatcherThread "VM Periodic Task Thread"        [id=9872, stack(0x000000fb83e00000,0x000000fb83f00000) (1024K)]
  0x000002454d420090 WorkerThread "GC Thread#0"                     [id=12388, stack(0x000000fb83900000,0x000000fb83a00000) (1024K)]
  0x00000245953d0bf0 WorkerThread "GC Thread#1"                     [id=22144, stack(0x000000fb84c00000,0x000000fb84d00000) (1024K)]
  0x00000245953d0fa0 WorkerThread "GC Thread#2"                     [id=19596, stack(0x000000fb84d00000,0x000000fb84e00000) (1024K)]
  0x000002459551fc50 WorkerThread "GC Thread#3"                     [id=27828, stack(0x000000fb84e00000,0x000000fb84f00000) (1024K)]
  0x000002459540e8b0 WorkerThread "GC Thread#4"                     [id=26284, stack(0x000000fb84f00000,0x000000fb85000000) (1024K)]
  0x000002459540ec60 WorkerThread "GC Thread#5"                     [id=27308, stack(0x000000fb85000000,0x000000fb85100000) (1024K)]
  0x00000245954a6590 WorkerThread "GC Thread#6"                     [id=21520, stack(0x000000fb85100000,0x000000fb85200000) (1024K)]
  0x00000245954a6940 WorkerThread "GC Thread#7"                     [id=19024, stack(0x000000fb85200000,0x000000fb85300000) (1024K)]
  0x0000024526f6df00 ConcurrentGCThread "G1 Main Marker"            [id=19780, stack(0x000000fb83a00000,0x000000fb83b00000) (1024K)]
  0x000002454d426830 WorkerThread "G1 Conc#0"                       [id=20284, stack(0x000000fb83b00000,0x000000fb83c00000) (1024K)]
  0x00000245951c7ca0 WorkerThread "G1 Conc#1"                       [id=14964, stack(0x000000fb85c00000,0x000000fb85d00000) (1024K)]
  0x000002454d461290 ConcurrentGCThread "G1 Refine#0"               [id=28248, stack(0x000000fb83c00000,0x000000fb83d00000) (1024K)]
  0x000002454d463be0 ConcurrentGCThread "G1 Service"                [id=11832, stack(0x000000fb83d00000,0x000000fb83e00000) (1024K)]
Total: 15

Threads with active compile tasks:
C2 CompilerThread0  2945772 19948  s!   4       org.eclipse.jdt.internal.core.index.DiskIndex::readCategoryTable (743 bytes)
Total: 1

VM state: at safepoint (normal execution)

VM Mutex/Monitor currently owned by a thread:  ([mutex/lock_event])
[0x00007ffed029f5b0] Threads_lock - owner thread: 0x000002454d5ac350
[0x00007ffed029f6b0] Heap_lock - owner thread: 0x0000024596338f00

Heap address: 0x0000000400000000, size: 16384 MB, Compressed Oops mode: Zero based, Oop shift amount: 3

CDS archive(s) mapped at: [0x0000024550000000-0x0000024550ba0000-0x0000024550ba0000), size 12189696, SharedBaseAddress: 0x0000024550000000, ArchiveRelocationMode: 1.
Compressed class space mapped at: 0x0000024551000000-0x0000024591000000, reserved size: 1073741824
Narrow klass base: 0x0000024550000000, Narrow klass shift: 0, Narrow klass range: 0x100000000

GC Precious Log:
 CardTable entry size: 512
 Card Set container configuration: InlinePtr #cards 4 size 8 Array Of Cards #cards 64 size 144 Howl #buckets 8 coarsen threshold 14745 Howl Bitmap #cards 2048 size 272 coarsen threshold 1843 Card regions per heap region 1 cards per card region 16384
 CPUs: 8 total, 8 available
 Memory: 7877M
 Large Page Support: Disabled
 NUMA Support: Disabled
 Compressed Oops: Enabled (Zero based)
 Heap Region Size: 8M
 Heap Min Capacity: 8M
 Heap Initial Capacity: 128M
 Heap Max Capacity: 16G
 Pre-touch: Disabled
 Parallel Workers: 8
 Concurrent Workers: 2
 Concurrent Refinement Workers: 8
 Periodic GC: Disabled
 String Deduplication is enabled

Heap:
 garbage-first heap   total 14458880K, used 14210441K [0x0000000400000000, 0x0000000800000000)
  region size 8192K, 1 young (8192K), 1 survivors (8192K)
 Metaspace       used 82084K, committed 83904K, reserved 1179648K
  class space    used 8390K, committed 9216K, reserved 1048576K

Heap Regions: E=young(eden), S=young(survivor), O=old, HS=humongous(starts), HC=humongous(continues), CS=collection set, F=free, TAMS=top-at-mark-start, PB=parsable bottom
|   0|0x0000000400000000, 0x0000000400800000, 0x0000000400800000|100%| O|  |TAMS 0x0000000400800000| PB 0x0000000400000000| Untracked 
|   1|0x0000000400800000, 0x0000000401000000, 0x0000000401000000|100%| O|  |TAMS 0x0000000401000000| PB 0x0000000400800000| Untracked 
|   2|0x0000000401000000, 0x0000000401000000, 0x0000000401800000|  0%| F|  |TAMS 0x0000000401000000| PB 0x0000000401000000| Untracked 
|   3|0x0000000401800000, 0x0000000402000000, 0x0000000402000000|100%| O|  |TAMS 0x0000000402000000| PB 0x0000000401800000| Untracked 
|   4|0x0000000402000000, 0x0000000402800000, 0x0000000402800000|100%| O|  |TAMS 0x0000000402800000| PB 0x0000000402000000| Untracked 
|   5|0x0000000402800000, 0x0000000403000000, 0x0000000403000000|100%| O|  |TAMS 0x0000000403000000| PB 0x0000000402800000| Untracked 
|   6|0x0000000403000000, 0x0000000403800000, 0x0000000403800000|100%| O|  |TAMS 0x0000000403800000| PB 0x0000000403000000| Untracked 
|   7|0x0000000403800000, 0x0000000404000000, 0x0000000404000000|100%| O|  |TAMS 0x0000000404000000| PB 0x0000000403800000| Untracked 
|   8|0x0000000404000000, 0x0000000404000000, 0x0000000404800000|  0%| F|  |TAMS 0x0000000404000000| PB 0x0000000404000000| Untracked 
|   9|0x0000000404800000, 0x0000000404e4fd18, 0x0000000405000000| 78%| O|  |TAMS 0x0000000404e4fd18| PB 0x0000000404800000| Untracked 
|  10|0x0000000405000000, 0x0000000405000000, 0x0000000405800000|  0%| F|  |TAMS 0x0000000405000000| PB 0x0000000405000000| Untracked 
|  11|0x0000000405800000, 0x0000000406000000, 0x0000000406000000|100%| O|  |TAMS 0x0000000406000000| PB 0x0000000405800000| Untracked 
|  12|0x0000000406000000, 0x0000000406000000, 0x0000000406800000|  0%| F|  |TAMS 0x0000000406000000| PB 0x0000000406000000| Untracked 
|  13|0x0000000406800000, 0x0000000406800000, 0x0000000407000000|  0%| F|  |TAMS 0x0000000406800000| PB 0x0000000406800000| Untracked 
|  14|0x0000000407000000, 0x0000000407000000, 0x0000000407800000|  0%| F|  |TAMS 0x0000000407000000| PB 0x0000000407000000| Untracked 
|  15|0x0000000407800000, 0x0000000407800000, 0x0000000408000000|  0%| F|  |TAMS 0x0000000407800000| PB 0x0000000407800000| Untracked 
|  16|0x0000000408000000, 0x0000000408000000, 0x0000000408800000|  0%| F|  |TAMS 0x0000000408000000| PB 0x0000000408000000| Untracked 
|  17|0x0000000408800000, 0x0000000408800000, 0x0000000409000000|  0%| F|  |TAMS 0x0000000408800000| PB 0x0000000408800000| Untracked 
|  18|0x0000000409000000, 0x0000000409000000, 0x0000000409800000|  0%| F|  |TAMS 0x0000000409000000| PB 0x0000000409000000| Untracked 
|  19|0x0000000409800000, 0x0000000409800000, 0x000000040a000000|  0%| F|  |TAMS 0x0000000409800000| PB 0x0000000409800000| Untracked 
|  20|0x000000040a000000, 0x000000040a000000, 0x000000040a800000|  0%| F|  |TAMS 0x000000040a000000| PB 0x000000040a000000| Untracked 
|  21|0x000000040a800000, 0x000000040a800000, 0x000000040b000000|  0%| F|  |TAMS 0x000000040a800000| PB 0x000000040a800000| Untracked 
|  22|0x000000040b000000, 0x000000040b000000, 0x000000040b800000|  0%| F|  |TAMS 0x000000040b000000| PB 0x000000040b000000| Untracked 
|  23|0x000000040b800000, 0x000000040b800000, 0x000000040c000000|  0%| F|  |TAMS 0x000000040b800000| PB 0x000000040b800000| Untracked 
|  24|0x000000040c000000, 0x000000040c000000, 0x000000040c800000|  0%| F|  |TAMS 0x000000040c000000| PB 0x000000040c000000| Untracked 
|  25|0x000000040c800000, 0x000000040c800000, 0x000000040d000000|  0%| F|  |TAMS 0x000000040c800000| PB 0x000000040c800000| Untracked 
|  26|0x000000040d000000, 0x000000040d000000, 0x000000040d800000|  0%| F|  |TAMS 0x000000040d000000| PB 0x000000040d000000| Untracked 
|  27|0x000000040d800000, 0x000000040d800000, 0x000000040e000000|  0%| F|  |TAMS 0x000000040d800000| PB 0x000000040d800000| Untracked 
|  28|0x000000040e000000, 0x000000040e000000, 0x000000040e800000|  0%| F|  |TAMS 0x000000040e000000| PB 0x000000040e000000| Untracked 
|  29|0x000000040e800000, 0x000000040e800000, 0x000000040f000000|  0%| F|  |TAMS 0x000000040e800000| PB 0x000000040e800000| Untracked 
|  30|0x000000040f000000, 0x000000040f000000, 0x000000040f800000|  0%| F|  |TAMS 0x000000040f000000| PB 0x000000040f000000| Untracked 
|  31|0x000000040f800000, 0x000000040f800000, 0x0000000410000000|  0%| F|  |TAMS 0x000000040f800000| PB 0x000000040f800000| Untracked 
|  32|0x0000000410000000, 0x0000000410000000, 0x0000000410800000|  0%| F|  |TAMS 0x0000000410000000| PB 0x0000000410000000| Untracked 
|  33|0x0000000410800000, 0x0000000410800000, 0x0000000411000000|  0%| F|  |TAMS 0x0000000410800000| PB 0x0000000410800000| Untracked 
|  34|0x0000000411000000, 0x0000000411000000, 0x0000000411800000|  0%| F|  |TAMS 0x0000000411000000| PB 0x0000000411000000| Untracked 
|  35|0x0000000411800000, 0x0000000411800000, 0x0000000412000000|  0%| F|  |TAMS 0x0000000411800000| PB 0x0000000411800000| Untracked 
|  36|0x0000000412000000, 0x0000000412000000, 0x0000000412800000|  0%| F|  |TAMS 0x0000000412000000| PB 0x0000000412000000| Untracked 
|  37|0x0000000412800000, 0x0000000413000000, 0x0000000413000000|100%|HS|  |TAMS 0x0000000413000000| PB 0x0000000412800000| Complete 
|  38|0x0000000413000000, 0x0000000413800000, 0x0000000413800000|100%|HC|  |TAMS 0x0000000413800000| PB 0x0000000413000000| Complete 
|  39|0x0000000413800000, 0x0000000414000000, 0x0000000414000000|100%|HC|  |TAMS 0x0000000414000000| PB 0x0000000413800000| Complete 
|  40|0x0000000414000000, 0x0000000414800000, 0x0000000414800000|100%|HC|  |TAMS 0x0000000414800000| PB 0x0000000414000000| Complete 
|  41|0x0000000414800000, 0x0000000415000000, 0x0000000415000000|100%|HC|  |TAMS 0x0000000415000000| PB 0x0000000414800000| Complete 
|  42|0x0000000415000000, 0x0000000415800000, 0x0000000415800000|100%|HC|  |TAMS 0x0000000415800000| PB 0x0000000415000000| Complete 
|  43|0x0000000415800000, 0x0000000416000000, 0x0000000416000000|100%|HC|  |TAMS 0x0000000416000000| PB 0x0000000415800000| Complete 
|  44|0x0000000416000000, 0x0000000416800000, 0x0000000416800000|100%|HC|  |TAMS 0x0000000416800000| PB 0x0000000416000000| Complete 
|  45|0x0000000416800000, 0x0000000417000000, 0x0000000417000000|100%|HC|  |TAMS 0x0000000417000000| PB 0x0000000416800000| Complete 
|  46|0x0000000417000000, 0x0000000417800000, 0x0000000417800000|100%|HC|  |TAMS 0x0000000417800000| PB 0x0000000417000000| Complete 
|  47|0x0000000417800000, 0x0000000418000000, 0x0000000418000000|100%|HC|  |TAMS 0x0000000418000000| PB 0x0000000417800000| Complete 
|  48|0x0000000418000000, 0x0000000418800000, 0x0000000418800000|100%|HC|  |TAMS 0x0000000418800000| PB 0x0000000418000000| Complete 
|  49|0x0000000418800000, 0x0000000419000000, 0x0000000419000000|100%|HC|  |TAMS 0x0000000419000000| PB 0x0000000418800000| Complete 
|  50|0x0000000419000000, 0x0000000419800000, 0x0000000419800000|100%|HC|  |TAMS 0x0000000419800000| PB 0x0000000419000000| Complete 
|  51|0x0000000419800000, 0x000000041a000000, 0x000000041a000000|100%|HC|  |TAMS 0x000000041a000000| PB 0x0000000419800000| Complete 
|  52|0x000000041a000000, 0x000000041a800000, 0x000000041a800000|100%|HC|  |TAMS 0x000000041a800000| PB 0x000000041a000000| Complete 
|  53|0x000000041a800000, 0x000000041b000000, 0x000000041b000000|100%|HC|  |TAMS 0x000000041b000000| PB 0x000000041a800000| Complete 
|  54|0x000000041b000000, 0x000000041b800000, 0x000000041b800000|100%|HC|  |TAMS 0x000000041b800000| PB 0x000000041b000000| Complete 
|  55|0x000000041b800000, 0x000000041c000000, 0x000000041c000000|100%|HC|  |TAMS 0x000000041c000000| PB 0x000000041b800000| Complete 
|  56|0x000000041c000000, 0x000000041c800000, 0x000000041c800000|100%|HC|  |TAMS 0x000000041c800000| PB 0x000000041c000000| Complete 
|  57|0x000000041c800000, 0x000000041d000000, 0x000000041d000000|100%|HC|  |TAMS 0x000000041d000000| PB 0x000000041c800000| Complete 
|  58|0x000000041d000000, 0x000000041d800000, 0x000000041d800000|100%|HC|  |TAMS 0x000000041d800000| PB 0x000000041d000000| Complete 
|  59|0x000000041d800000, 0x000000041e000000, 0x000000041e000000|100%|HC|  |TAMS 0x000000041e000000| PB 0x000000041d800000| Complete 
|  60|0x000000041e000000, 0x000000041e800000, 0x000000041e800000|100%|HC|  |TAMS 0x000000041e800000| PB 0x000000041e000000| Complete 
|  61|0x000000041e800000, 0x000000041f000000, 0x000000041f000000|100%|HC|  |TAMS 0x000000041f000000| PB 0x000000041e800000| Complete 
|  62|0x000000041f000000, 0x000000041f800000, 0x000000041f800000|100%|HC|  |TAMS 0x000000041f800000| PB 0x000000041f000000| Complete 
|  63|0x000000041f800000, 0x0000000420000000, 0x0000000420000000|100%|HC|  |TAMS 0x0000000420000000| PB 0x000000041f800000| Complete 
|  64|0x0000000420000000, 0x0000000420800000, 0x0000000420800000|100%|HC|  |TAMS 0x0000000420800000| PB 0x0000000420000000| Complete 
|  65|0x0000000420800000, 0x0000000421000000, 0x0000000421000000|100%|HC|  |TAMS 0x0000000421000000| PB 0x0000000420800000| Complete 
|  66|0x0000000421000000, 0x0000000421800000, 0x0000000421800000|100%|HC|  |TAMS 0x0000000421800000| PB 0x0000000421000000| Complete 
|  67|0x0000000421800000, 0x0000000422000000, 0x0000000422000000|100%|HC|  |TAMS 0x0000000422000000| PB 0x0000000421800000| Complete 
|  68|0x0000000422000000, 0x0000000422800000, 0x0000000422800000|100%|HC|  |TAMS 0x0000000422800000| PB 0x0000000422000000| Complete 
|  69|0x0000000422800000, 0x0000000423000000, 0x0000000423000000|100%|HC|  |TAMS 0x0000000423000000| PB 0x0000000422800000| Complete 
|  70|0x0000000423000000, 0x0000000423800000, 0x0000000423800000|100%|HC|  |TAMS 0x0000000423800000| PB 0x0000000423000000| Complete 
|  71|0x0000000423800000, 0x0000000424000000, 0x0000000424000000|100%|HC|  |TAMS 0x0000000424000000| PB 0x0000000423800000| Complete 
|  72|0x0000000424000000, 0x0000000424800000, 0x0000000424800000|100%|HC|  |TAMS 0x0000000424800000| PB 0x0000000424000000| Complete 
|  73|0x0000000424800000, 0x0000000425000000, 0x0000000425000000|100%|HC|  |TAMS 0x0000000425000000| PB 0x0000000424800000| Complete 
|  74|0x0000000425000000, 0x0000000425800000, 0x0000000425800000|100%|HC|  |TAMS 0x0000000425800000| PB 0x0000000425000000| Complete 
|  75|0x0000000425800000, 0x0000000426000000, 0x0000000426000000|100%|HC|  |TAMS 0x0000000426000000| PB 0x0000000425800000| Complete 
|  76|0x0000000426000000, 0x0000000426800000, 0x0000000426800000|100%|HC|  |TAMS 0x0000000426800000| PB 0x0000000426000000| Complete 
|  77|0x0000000426800000, 0x0000000427000000, 0x0000000427000000|100%|HC|  |TAMS 0x0000000427000000| PB 0x0000000426800000| Complete 
|  78|0x0000000427000000, 0x0000000427800000, 0x0000000427800000|100%|HC|  |TAMS 0x0000000427800000| PB 0x0000000427000000| Complete 
|  79|0x0000000427800000, 0x0000000428000000, 0x0000000428000000|100%|HC|  |TAMS 0x0000000428000000| PB 0x0000000427800000| Complete 
|  80|0x0000000428000000, 0x0000000428800000, 0x0000000428800000|100%|HC|  |TAMS 0x0000000428800000| PB 0x0000000428000000| Complete 
|  81|0x0000000428800000, 0x0000000429000000, 0x0000000429000000|100%|HC|  |TAMS 0x0000000429000000| PB 0x0000000428800000| Complete 
|  82|0x0000000429000000, 0x0000000429800000, 0x0000000429800000|100%|HC|  |TAMS 0x0000000429800000| PB 0x0000000429000000| Complete 
|  83|0x0000000429800000, 0x000000042a000000, 0x000000042a000000|100%|HC|  |TAMS 0x000000042a000000| PB 0x0000000429800000| Complete 
|  84|0x000000042a000000, 0x000000042a800000, 0x000000042a800000|100%|HC|  |TAMS 0x000000042a800000| PB 0x000000042a000000| Complete 
|  85|0x000000042a800000, 0x000000042b000000, 0x000000042b000000|100%|HC|  |TAMS 0x000000042b000000| PB 0x000000042a800000| Complete 
|  86|0x000000042b000000, 0x000000042b800000, 0x000000042b800000|100%|HC|  |TAMS 0x000000042b800000| PB 0x000000042b000000| Complete 
|  87|0x000000042b800000, 0x000000042c000000, 0x000000042c000000|100%|HC|  |TAMS 0x000000042c000000| PB 0x000000042b800000| Complete 
|  88|0x000000042c000000, 0x000000042c800000, 0x000000042c800000|100%|HC|  |TAMS 0x000000042c800000| PB 0x000000042c000000| Complete 
|  89|0x000000042c800000, 0x000000042d000000, 0x000000042d000000|100%|HC|  |TAMS 0x000000042d000000| PB 0x000000042c800000| Complete 
|  90|0x000000042d000000, 0x000000042d800000, 0x000000042d800000|100%|HC|  |TAMS 0x000000042d800000| PB 0x000000042d000000| Complete 
|  91|0x000000042d800000, 0x000000042e000000, 0x000000042e000000|100%|HC|  |TAMS 0x000000042e000000| PB 0x000000042d800000| Complete 
|  92|0x000000042e000000, 0x000000042e800000, 0x000000042e800000|100%|HC|  |TAMS 0x000000042e800000| PB 0x000000042e000000| Complete 
|  93|0x000000042e800000, 0x000000042f000000, 0x000000042f000000|100%|HC|  |TAMS 0x000000042f000000| PB 0x000000042e800000| Complete 
|  94|0x000000042f000000, 0x000000042f800000, 0x000000042f800000|100%|HC|  |TAMS 0x000000042f800000| PB 0x000000042f000000| Complete 
|  95|0x000000042f800000, 0x0000000430000000, 0x0000000430000000|100%|HC|  |TAMS 0x0000000430000000| PB 0x000000042f800000| Complete 
|  96|0x0000000430000000, 0x0000000430800000, 0x0000000430800000|100%|HC|  |TAMS 0x0000000430800000| PB 0x0000000430000000| Complete 
|  97|0x0000000430800000, 0x0000000431000000, 0x0000000431000000|100%|HC|  |TAMS 0x0000000431000000| PB 0x0000000430800000| Complete 
|  98|0x0000000431000000, 0x0000000431800000, 0x0000000431800000|100%|HC|  |TAMS 0x0000000431800000| PB 0x0000000431000000| Complete 
|  99|0x0000000431800000, 0x0000000432000000, 0x0000000432000000|100%|HC|  |TAMS 0x0000000432000000| PB 0x0000000431800000| Complete 
| 100|0x0000000432000000, 0x0000000432800000, 0x0000000432800000|100%|HC|  |TAMS 0x0000000432800000| PB 0x0000000432000000| Complete 
| 101|0x0000000432800000, 0x0000000433000000, 0x0000000433000000|100%|HC|  |TAMS 0x0000000433000000| PB 0x0000000432800000| Complete 
| 102|0x0000000433000000, 0x0000000433800000, 0x0000000433800000|100%|HC|  |TAMS 0x0000000433800000| PB 0x0000000433000000| Complete 
| 103|0x0000000433800000, 0x0000000434000000, 0x0000000434000000|100%|HC|  |TAMS 0x0000000434000000| PB 0x0000000433800000| Complete 
| 104|0x0000000434000000, 0x0000000434800000, 0x0000000434800000|100%|HC|  |TAMS 0x0000000434800000| PB 0x0000000434000000| Complete 
| 105|0x0000000434800000, 0x0000000435000000, 0x0000000435000000|100%|HC|  |TAMS 0x0000000435000000| PB 0x0000000434800000| Complete 
| 106|0x0000000435000000, 0x0000000435800000, 0x0000000435800000|100%|HC|  |TAMS 0x0000000435800000| PB 0x0000000435000000| Complete 
| 107|0x0000000435800000, 0x0000000436000000, 0x0000000436000000|100%|HC|  |TAMS 0x0000000436000000| PB 0x0000000435800000| Complete 
| 108|0x0000000436000000, 0x0000000436800000, 0x0000000436800000|100%|HC|  |TAMS 0x0000000436800000| PB 0x0000000436000000| Complete 
| 109|0x0000000436800000, 0x0000000437000000, 0x0000000437000000|100%|HC|  |TAMS 0x0000000437000000| PB 0x0000000436800000| Complete 
| 110|0x0000000437000000, 0x0000000437800000, 0x0000000437800000|100%|HC|  |TAMS 0x0000000437800000| PB 0x0000000437000000| Complete 
| 111|0x0000000437800000, 0x0000000438000000, 0x0000000438000000|100%|HC|  |TAMS 0x0000000438000000| PB 0x0000000437800000| Complete 
| 112|0x0000000438000000, 0x0000000438800000, 0x0000000438800000|100%|HC|  |TAMS 0x0000000438800000| PB 0x0000000438000000| Complete 
| 113|0x0000000438800000, 0x0000000439000000, 0x0000000439000000|100%|HC|  |TAMS 0x0000000439000000| PB 0x0000000438800000| Complete 
| 114|0x0000000439000000, 0x0000000439800000, 0x0000000439800000|100%|HC|  |TAMS 0x0000000439800000| PB 0x0000000439000000| Complete 
| 115|0x0000000439800000, 0x000000043a000000, 0x000000043a000000|100%|HC|  |TAMS 0x000000043a000000| PB 0x0000000439800000| Complete 
| 116|0x000000043a000000, 0x000000043a800000, 0x000000043a800000|100%|HC|  |TAMS 0x000000043a800000| PB 0x000000043a000000| Complete 
| 117|0x000000043a800000, 0x000000043b000000, 0x000000043b000000|100%|HC|  |TAMS 0x000000043b000000| PB 0x000000043a800000| Complete 
| 118|0x000000043b000000, 0x000000043b800000, 0x000000043b800000|100%|HC|  |TAMS 0x000000043b800000| PB 0x000000043b000000| Complete 
| 119|0x000000043b800000, 0x000000043c000000, 0x000000043c000000|100%|HC|  |TAMS 0x000000043c000000| PB 0x000000043b800000| Complete 
| 120|0x000000043c000000, 0x000000043c800000, 0x000000043c800000|100%|HC|  |TAMS 0x000000043c800000| PB 0x000000043c000000| Complete 
| 121|0x000000043c800000, 0x000000043d000000, 0x000000043d000000|100%|HC|  |TAMS 0x000000043d000000| PB 0x000000043c800000| Complete 
| 122|0x000000043d000000, 0x000000043d800000, 0x000000043d800000|100%|HC|  |TAMS 0x000000043d800000| PB 0x000000043d000000| Complete 
| 123|0x000000043d800000, 0x000000043e000000, 0x000000043e000000|100%|HC|  |TAMS 0x000000043e000000| PB 0x000000043d800000| Complete 
| 124|0x000000043e000000, 0x000000043e800000, 0x000000043e800000|100%|HC|  |TAMS 0x000000043e800000| PB 0x000000043e000000| Complete 
| 125|0x000000043e800000, 0x000000043f000000, 0x000000043f000000|100%|HC|  |TAMS 0x000000043f000000| PB 0x000000043e800000| Complete 
| 126|0x000000043f000000, 0x000000043f800000, 0x000000043f800000|100%|HC|  |TAMS 0x000000043f800000| PB 0x000000043f000000| Complete 
| 127|0x000000043f800000, 0x0000000440000000, 0x0000000440000000|100%|HC|  |TAMS 0x0000000440000000| PB 0x000000043f800000| Complete 
| 128|0x0000000440000000, 0x0000000440800000, 0x0000000440800000|100%|HC|  |TAMS 0x0000000440800000| PB 0x0000000440000000| Complete 
| 129|0x0000000440800000, 0x0000000441000000, 0x0000000441000000|100%|HC|  |TAMS 0x0000000441000000| PB 0x0000000440800000| Complete 
| 130|0x0000000441000000, 0x0000000441800000, 0x0000000441800000|100%|HC|  |TAMS 0x0000000441800000| PB 0x0000000441000000| Complete 
| 131|0x0000000441800000, 0x0000000442000000, 0x0000000442000000|100%|HC|  |TAMS 0x0000000442000000| PB 0x0000000441800000| Complete 
| 132|0x0000000442000000, 0x0000000442800000, 0x0000000442800000|100%|HC|  |TAMS 0x0000000442800000| PB 0x0000000442000000| Complete 
| 133|0x0000000442800000, 0x0000000443000000, 0x0000000443000000|100%|HC|  |TAMS 0x0000000443000000| PB 0x0000000442800000| Complete 
| 134|0x0000000443000000, 0x0000000443800000, 0x0000000443800000|100%|HC|  |TAMS 0x0000000443800000| PB 0x0000000443000000| Complete 
| 135|0x0000000443800000, 0x0000000444000000, 0x0000000444000000|100%|HC|  |TAMS 0x0000000444000000| PB 0x0000000443800000| Complete 
| 136|0x0000000444000000, 0x0000000444800000, 0x0000000444800000|100%|HC|  |TAMS 0x0000000444800000| PB 0x0000000444000000| Complete 
| 137|0x0000000444800000, 0x0000000445000000, 0x0000000445000000|100%|HC|  |TAMS 0x0000000445000000| PB 0x0000000444800000| Complete 
| 138|0x0000000445000000, 0x0000000445800000, 0x0000000445800000|100%|HC|  |TAMS 0x0000000445800000| PB 0x0000000445000000| Complete 
| 139|0x0000000445800000, 0x0000000446000000, 0x0000000446000000|100%|HC|  |TAMS 0x0000000446000000| PB 0x0000000445800000| Complete 
| 140|0x0000000446000000, 0x0000000446800000, 0x0000000446800000|100%|HC|  |TAMS 0x0000000446800000| PB 0x0000000446000000| Complete 
| 141|0x0000000446800000, 0x0000000447000000, 0x0000000447000000|100%|HC|  |TAMS 0x0000000447000000| PB 0x0000000446800000| Complete 
| 142|0x0000000447000000, 0x0000000447800000, 0x0000000447800000|100%|HC|  |TAMS 0x0000000447800000| PB 0x0000000447000000| Complete 
| 143|0x0000000447800000, 0x0000000448000000, 0x0000000448000000|100%|HC|  |TAMS 0x0000000448000000| PB 0x0000000447800000| Complete 
| 144|0x0000000448000000, 0x0000000448800000, 0x0000000448800000|100%|HC|  |TAMS 0x0000000448800000| PB 0x0000000448000000| Complete 
| 145|0x0000000448800000, 0x0000000449000000, 0x0000000449000000|100%|HC|  |TAMS 0x0000000449000000| PB 0x0000000448800000| Complete 
| 146|0x0000000449000000, 0x0000000449800000, 0x0000000449800000|100%|HC|  |TAMS 0x0000000449800000| PB 0x0000000449000000| Complete 
| 147|0x0000000449800000, 0x000000044a000000, 0x000000044a000000|100%|HC|  |TAMS 0x000000044a000000| PB 0x0000000449800000| Complete 
| 148|0x000000044a000000, 0x000000044a800000, 0x000000044a800000|100%|HC|  |TAMS 0x000000044a800000| PB 0x000000044a000000| Complete 
| 149|0x000000044a800000, 0x000000044b000000, 0x000000044b000000|100%|HC|  |TAMS 0x000000044b000000| PB 0x000000044a800000| Complete 
| 150|0x000000044b000000, 0x000000044b800000, 0x000000044b800000|100%|HC|  |TAMS 0x000000044b800000| PB 0x000000044b000000| Complete 
| 151|0x000000044b800000, 0x000000044c000000, 0x000000044c000000|100%|HC|  |TAMS 0x000000044c000000| PB 0x000000044b800000| Complete 
| 152|0x000000044c000000, 0x000000044c800000, 0x000000044c800000|100%|HC|  |TAMS 0x000000044c800000| PB 0x000000044c000000| Complete 
| 153|0x000000044c800000, 0x000000044d000000, 0x000000044d000000|100%|HC|  |TAMS 0x000000044d000000| PB 0x000000044c800000| Complete 
| 154|0x000000044d000000, 0x000000044d800000, 0x000000044d800000|100%|HC|  |TAMS 0x000000044d800000| PB 0x000000044d000000| Complete 
| 155|0x000000044d800000, 0x000000044e000000, 0x000000044e000000|100%|HC|  |TAMS 0x000000044e000000| PB 0x000000044d800000| Complete 
| 156|0x000000044e000000, 0x000000044e800000, 0x000000044e800000|100%|HC|  |TAMS 0x000000044e800000| PB 0x000000044e000000| Complete 
| 157|0x000000044e800000, 0x000000044f000000, 0x000000044f000000|100%|HC|  |TAMS 0x000000044f000000| PB 0x000000044e800000| Complete 
| 158|0x000000044f000000, 0x000000044f800000, 0x000000044f800000|100%|HC|  |TAMS 0x000000044f800000| PB 0x000000044f000000| Complete 
| 159|0x000000044f800000, 0x0000000450000000, 0x0000000450000000|100%|HC|  |TAMS 0x0000000450000000| PB 0x000000044f800000| Complete 
| 160|0x0000000450000000, 0x0000000450800000, 0x0000000450800000|100%|HC|  |TAMS 0x0000000450800000| PB 0x0000000450000000| Complete 
| 161|0x0000000450800000, 0x0000000451000000, 0x0000000451000000|100%|HC|  |TAMS 0x0000000451000000| PB 0x0000000450800000| Complete 
| 162|0x0000000451000000, 0x0000000451800000, 0x0000000451800000|100%|HC|  |TAMS 0x0000000451800000| PB 0x0000000451000000| Complete 
| 163|0x0000000451800000, 0x0000000452000000, 0x0000000452000000|100%|HC|  |TAMS 0x0000000452000000| PB 0x0000000451800000| Complete 
| 164|0x0000000452000000, 0x0000000452800000, 0x0000000452800000|100%|HC|  |TAMS 0x0000000452800000| PB 0x0000000452000000| Complete 
| 165|0x0000000452800000, 0x0000000453000000, 0x0000000453000000|100%|HC|  |TAMS 0x0000000453000000| PB 0x0000000452800000| Complete 
| 166|0x0000000453000000, 0x0000000453800000, 0x0000000453800000|100%|HC|  |TAMS 0x0000000453800000| PB 0x0000000453000000| Complete 
| 167|0x0000000453800000, 0x0000000454000000, 0x0000000454000000|100%|HC|  |TAMS 0x0000000454000000| PB 0x0000000453800000| Complete 
| 168|0x0000000454000000, 0x0000000454800000, 0x0000000454800000|100%|HC|  |TAMS 0x0000000454800000| PB 0x0000000454000000| Complete 
| 169|0x0000000454800000, 0x0000000455000000, 0x0000000455000000|100%|HC|  |TAMS 0x0000000455000000| PB 0x0000000454800000| Complete 
| 170|0x0000000455000000, 0x0000000455800000, 0x0000000455800000|100%|HC|  |TAMS 0x0000000455800000| PB 0x0000000455000000| Complete 
| 171|0x0000000455800000, 0x0000000456000000, 0x0000000456000000|100%|HC|  |TAMS 0x0000000456000000| PB 0x0000000455800000| Complete 
| 172|0x0000000456000000, 0x0000000456800000, 0x0000000456800000|100%|HC|  |TAMS 0x0000000456800000| PB 0x0000000456000000| Complete 
| 173|0x0000000456800000, 0x0000000457000000, 0x0000000457000000|100%|HC|  |TAMS 0x0000000457000000| PB 0x0000000456800000| Complete 
| 174|0x0000000457000000, 0x0000000457800000, 0x0000000457800000|100%|HC|  |TAMS 0x0000000457800000| PB 0x0000000457000000| Complete 
| 175|0x0000000457800000, 0x0000000458000000, 0x0000000458000000|100%|HC|  |TAMS 0x0000000458000000| PB 0x0000000457800000| Complete 
| 176|0x0000000458000000, 0x0000000458800000, 0x0000000458800000|100%|HC|  |TAMS 0x0000000458800000| PB 0x0000000458000000| Complete 
| 177|0x0000000458800000, 0x0000000459000000, 0x0000000459000000|100%|HC|  |TAMS 0x0000000459000000| PB 0x0000000458800000| Complete 
| 178|0x0000000459000000, 0x0000000459800000, 0x0000000459800000|100%|HC|  |TAMS 0x0000000459800000| PB 0x0000000459000000| Complete 
| 179|0x0000000459800000, 0x000000045a000000, 0x000000045a000000|100%|HC|  |TAMS 0x000000045a000000| PB 0x0000000459800000| Complete 
| 180|0x000000045a000000, 0x000000045a800000, 0x000000045a800000|100%|HC|  |TAMS 0x000000045a800000| PB 0x000000045a000000| Complete 
| 181|0x000000045a800000, 0x000000045b000000, 0x000000045b000000|100%|HC|  |TAMS 0x000000045b000000| PB 0x000000045a800000| Complete 
| 182|0x000000045b000000, 0x000000045b800000, 0x000000045b800000|100%|HC|  |TAMS 0x000000045b800000| PB 0x000000045b000000| Complete 
| 183|0x000000045b800000, 0x000000045c000000, 0x000000045c000000|100%|HC|  |TAMS 0x000000045c000000| PB 0x000000045b800000| Complete 
| 184|0x000000045c000000, 0x000000045c800000, 0x000000045c800000|100%|HC|  |TAMS 0x000000045c800000| PB 0x000000045c000000| Complete 
| 185|0x000000045c800000, 0x000000045d000000, 0x000000045d000000|100%|HC|  |TAMS 0x000000045d000000| PB 0x000000045c800000| Complete 
| 186|0x000000045d000000, 0x000000045d800000, 0x000000045d800000|100%|HC|  |TAMS 0x000000045d800000| PB 0x000000045d000000| Complete 
| 187|0x000000045d800000, 0x000000045e000000, 0x000000045e000000|100%|HC|  |TAMS 0x000000045e000000| PB 0x000000045d800000| Complete 
| 188|0x000000045e000000, 0x000000045e800000, 0x000000045e800000|100%|HC|  |TAMS 0x000000045e800000| PB 0x000000045e000000| Complete 
| 189|0x000000045e800000, 0x000000045f000000, 0x000000045f000000|100%|HC|  |TAMS 0x000000045f000000| PB 0x000000045e800000| Complete 
| 190|0x000000045f000000, 0x000000045f800000, 0x000000045f800000|100%|HC|  |TAMS 0x000000045f800000| PB 0x000000045f000000| Complete 
| 191|0x000000045f800000, 0x0000000460000000, 0x0000000460000000|100%|HC|  |TAMS 0x0000000460000000| PB 0x000000045f800000| Complete 
| 192|0x0000000460000000, 0x0000000460800000, 0x0000000460800000|100%|HC|  |TAMS 0x0000000460800000| PB 0x0000000460000000| Complete 
| 193|0x0000000460800000, 0x0000000461000000, 0x0000000461000000|100%|HC|  |TAMS 0x0000000461000000| PB 0x0000000460800000| Complete 
| 194|0x0000000461000000, 0x0000000461800000, 0x0000000461800000|100%|HC|  |TAMS 0x0000000461800000| PB 0x0000000461000000| Complete 
| 195|0x0000000461800000, 0x0000000462000000, 0x0000000462000000|100%|HC|  |TAMS 0x0000000462000000| PB 0x0000000461800000| Complete 
| 196|0x0000000462000000, 0x0000000462800000, 0x0000000462800000|100%|HC|  |TAMS 0x0000000462800000| PB 0x0000000462000000| Complete 
| 197|0x0000000462800000, 0x0000000463000000, 0x0000000463000000|100%|HC|  |TAMS 0x0000000463000000| PB 0x0000000462800000| Complete 
| 198|0x0000000463000000, 0x0000000463800000, 0x0000000463800000|100%|HC|  |TAMS 0x0000000463800000| PB 0x0000000463000000| Complete 
| 199|0x0000000463800000, 0x0000000464000000, 0x0000000464000000|100%|HC|  |TAMS 0x0000000464000000| PB 0x0000000463800000| Complete 
| 200|0x0000000464000000, 0x0000000464800000, 0x0000000464800000|100%|HC|  |TAMS 0x0000000464800000| PB 0x0000000464000000| Complete 
| 201|0x0000000464800000, 0x0000000465000000, 0x0000000465000000|100%|HC|  |TAMS 0x0000000465000000| PB 0x0000000464800000| Complete 
| 202|0x0000000465000000, 0x0000000465800000, 0x0000000465800000|100%|HC|  |TAMS 0x0000000465800000| PB 0x0000000465000000| Complete 
| 203|0x0000000465800000, 0x0000000466000000, 0x0000000466000000|100%|HC|  |TAMS 0x0000000466000000| PB 0x0000000465800000| Complete 
| 204|0x0000000466000000, 0x0000000466800000, 0x0000000466800000|100%|HC|  |TAMS 0x0000000466800000| PB 0x0000000466000000| Complete 
| 205|0x0000000466800000, 0x0000000467000000, 0x0000000467000000|100%|HC|  |TAMS 0x0000000467000000| PB 0x0000000466800000| Complete 
| 206|0x0000000467000000, 0x0000000467800000, 0x0000000467800000|100%|HC|  |TAMS 0x0000000467800000| PB 0x0000000467000000| Complete 
| 207|0x0000000467800000, 0x0000000468000000, 0x0000000468000000|100%|HC|  |TAMS 0x0000000468000000| PB 0x0000000467800000| Complete 
| 208|0x0000000468000000, 0x0000000468800000, 0x0000000468800000|100%|HC|  |TAMS 0x0000000468800000| PB 0x0000000468000000| Complete 
| 209|0x0000000468800000, 0x0000000469000000, 0x0000000469000000|100%|HC|  |TAMS 0x0000000469000000| PB 0x0000000468800000| Complete 
| 210|0x0000000469000000, 0x0000000469800000, 0x0000000469800000|100%|HC|  |TAMS 0x0000000469800000| PB 0x0000000469000000| Complete 
| 211|0x0000000469800000, 0x000000046a000000, 0x000000046a000000|100%|HC|  |TAMS 0x000000046a000000| PB 0x0000000469800000| Complete 
| 212|0x000000046a000000, 0x000000046a800000, 0x000000046a800000|100%|HC|  |TAMS 0x000000046a800000| PB 0x000000046a000000| Complete 
| 213|0x000000046a800000, 0x000000046b000000, 0x000000046b000000|100%|HC|  |TAMS 0x000000046b000000| PB 0x000000046a800000| Complete 
| 214|0x000000046b000000, 0x000000046b800000, 0x000000046b800000|100%|HC|  |TAMS 0x000000046b800000| PB 0x000000046b000000| Complete 
| 215|0x000000046b800000, 0x000000046c000000, 0x000000046c000000|100%|HC|  |TAMS 0x000000046c000000| PB 0x000000046b800000| Complete 
| 216|0x000000046c000000, 0x000000046c800000, 0x000000046c800000|100%|HC|  |TAMS 0x000000046c800000| PB 0x000000046c000000| Complete 
| 217|0x000000046c800000, 0x000000046d000000, 0x000000046d000000|100%|HC|  |TAMS 0x000000046d000000| PB 0x000000046c800000| Complete 
| 218|0x000000046d000000, 0x000000046d800000, 0x000000046d800000|100%|HC|  |TAMS 0x000000046d800000| PB 0x000000046d000000| Complete 
| 219|0x000000046d800000, 0x000000046e000000, 0x000000046e000000|100%|HC|  |TAMS 0x000000046e000000| PB 0x000000046d800000| Complete 
| 220|0x000000046e000000, 0x000000046e800000, 0x000000046e800000|100%|HC|  |TAMS 0x000000046e800000| PB 0x000000046e000000| Complete 
| 221|0x000000046e800000, 0x000000046f000000, 0x000000046f000000|100%|HC|  |TAMS 0x000000046f000000| PB 0x000000046e800000| Complete 
| 222|0x000000046f000000, 0x000000046f800000, 0x000000046f800000|100%|HC|  |TAMS 0x000000046f800000| PB 0x000000046f000000| Complete 
| 223|0x000000046f800000, 0x0000000470000000, 0x0000000470000000|100%|HC|  |TAMS 0x0000000470000000| PB 0x000000046f800000| Complete 
| 224|0x0000000470000000, 0x0000000470800000, 0x0000000470800000|100%|HC|  |TAMS 0x0000000470800000| PB 0x0000000470000000| Complete 
| 225|0x0000000470800000, 0x0000000471000000, 0x0000000471000000|100%|HC|  |TAMS 0x0000000471000000| PB 0x0000000470800000| Complete 
| 226|0x0000000471000000, 0x0000000471800000, 0x0000000471800000|100%|HC|  |TAMS 0x0000000471800000| PB 0x0000000471000000| Complete 
| 227|0x0000000471800000, 0x0000000472000000, 0x0000000472000000|100%|HC|  |TAMS 0x0000000472000000| PB 0x0000000471800000| Complete 
| 228|0x0000000472000000, 0x0000000472800000, 0x0000000472800000|100%|HC|  |TAMS 0x0000000472800000| PB 0x0000000472000000| Complete 
| 229|0x0000000472800000, 0x0000000473000000, 0x0000000473000000|100%|HC|  |TAMS 0x0000000473000000| PB 0x0000000472800000| Complete 
| 230|0x0000000473000000, 0x0000000473800000, 0x0000000473800000|100%|HC|  |TAMS 0x0000000473800000| PB 0x0000000473000000| Complete 
| 231|0x0000000473800000, 0x0000000474000000, 0x0000000474000000|100%|HC|  |TAMS 0x0000000474000000| PB 0x0000000473800000| Complete 
| 232|0x0000000474000000, 0x0000000474800000, 0x0000000474800000|100%|HC|  |TAMS 0x0000000474800000| PB 0x0000000474000000| Complete 
| 233|0x0000000474800000, 0x0000000475000000, 0x0000000475000000|100%|HC|  |TAMS 0x0000000475000000| PB 0x0000000474800000| Complete 
| 234|0x0000000475000000, 0x0000000475800000, 0x0000000475800000|100%|HC|  |TAMS 0x0000000475800000| PB 0x0000000475000000| Complete 
| 235|0x0000000475800000, 0x0000000476000000, 0x0000000476000000|100%|HC|  |TAMS 0x0000000476000000| PB 0x0000000475800000| Complete 
| 236|0x0000000476000000, 0x0000000476800000, 0x0000000476800000|100%|HC|  |TAMS 0x0000000476800000| PB 0x0000000476000000| Complete 
| 237|0x0000000476800000, 0x0000000477000000, 0x0000000477000000|100%|HC|  |TAMS 0x0000000477000000| PB 0x0000000476800000| Complete 
| 238|0x0000000477000000, 0x0000000477800000, 0x0000000477800000|100%|HC|  |TAMS 0x0000000477800000| PB 0x0000000477000000| Complete 
| 239|0x0000000477800000, 0x0000000478000000, 0x0000000478000000|100%|HC|  |TAMS 0x0000000478000000| PB 0x0000000477800000| Complete 
| 240|0x0000000478000000, 0x0000000478800000, 0x0000000478800000|100%|HC|  |TAMS 0x0000000478800000| PB 0x0000000478000000| Complete 
| 241|0x0000000478800000, 0x0000000479000000, 0x0000000479000000|100%|HC|  |TAMS 0x0000000479000000| PB 0x0000000478800000| Complete 
| 242|0x0000000479000000, 0x0000000479800000, 0x0000000479800000|100%|HC|  |TAMS 0x0000000479800000| PB 0x0000000479000000| Complete 
| 243|0x0000000479800000, 0x000000047a000000, 0x000000047a000000|100%|HC|  |TAMS 0x000000047a000000| PB 0x0000000479800000| Complete 
| 244|0x000000047a000000, 0x000000047a800000, 0x000000047a800000|100%|HC|  |TAMS 0x000000047a800000| PB 0x000000047a000000| Complete 
| 245|0x000000047a800000, 0x000000047b000000, 0x000000047b000000|100%|HC|  |TAMS 0x000000047b000000| PB 0x000000047a800000| Complete 
| 246|0x000000047b000000, 0x000000047b800000, 0x000000047b800000|100%|HC|  |TAMS 0x000000047b800000| PB 0x000000047b000000| Complete 
| 247|0x000000047b800000, 0x000000047c000000, 0x000000047c000000|100%|HC|  |TAMS 0x000000047c000000| PB 0x000000047b800000| Complete 
| 248|0x000000047c000000, 0x000000047c800000, 0x000000047c800000|100%|HC|  |TAMS 0x000000047c800000| PB 0x000000047c000000| Complete 
| 249|0x000000047c800000, 0x000000047d000000, 0x000000047d000000|100%|HC|  |TAMS 0x000000047d000000| PB 0x000000047c800000| Complete 
| 250|0x000000047d000000, 0x000000047d800000, 0x000000047d800000|100%|HC|  |TAMS 0x000000047d800000| PB 0x000000047d000000| Complete 
| 251|0x000000047d800000, 0x000000047e000000, 0x000000047e000000|100%|HC|  |TAMS 0x000000047e000000| PB 0x000000047d800000| Complete 
| 252|0x000000047e000000, 0x000000047e800000, 0x000000047e800000|100%|HC|  |TAMS 0x000000047e800000| PB 0x000000047e000000| Complete 
| 253|0x000000047e800000, 0x000000047f000000, 0x000000047f000000|100%|HC|  |TAMS 0x000000047f000000| PB 0x000000047e800000| Complete 
| 254|0x000000047f000000, 0x000000047f800000, 0x000000047f800000|100%|HC|  |TAMS 0x000000047f800000| PB 0x000000047f000000| Complete 
| 255|0x000000047f800000, 0x0000000480000000, 0x0000000480000000|100%|HC|  |TAMS 0x0000000480000000| PB 0x000000047f800000| Complete 
| 256|0x0000000480000000, 0x0000000480800000, 0x0000000480800000|100%|HC|  |TAMS 0x0000000480800000| PB 0x0000000480000000| Complete 
| 257|0x0000000480800000, 0x0000000481000000, 0x0000000481000000|100%|HC|  |TAMS 0x0000000481000000| PB 0x0000000480800000| Complete 
| 258|0x0000000481000000, 0x0000000481800000, 0x0000000481800000|100%|HC|  |TAMS 0x0000000481800000| PB 0x0000000481000000| Complete 
| 259|0x0000000481800000, 0x0000000482000000, 0x0000000482000000|100%|HC|  |TAMS 0x0000000482000000| PB 0x0000000481800000| Complete 
| 260|0x0000000482000000, 0x0000000482800000, 0x0000000482800000|100%|HC|  |TAMS 0x0000000482800000| PB 0x0000000482000000| Complete 
| 261|0x0000000482800000, 0x0000000483000000, 0x0000000483000000|100%|HC|  |TAMS 0x0000000483000000| PB 0x0000000482800000| Complete 
| 262|0x0000000483000000, 0x0000000483800000, 0x0000000483800000|100%|HC|  |TAMS 0x0000000483800000| PB 0x0000000483000000| Complete 
| 263|0x0000000483800000, 0x0000000484000000, 0x0000000484000000|100%|HC|  |TAMS 0x0000000484000000| PB 0x0000000483800000| Complete 
| 264|0x0000000484000000, 0x0000000484800000, 0x0000000484800000|100%|HC|  |TAMS 0x0000000484800000| PB 0x0000000484000000| Complete 
| 265|0x0000000484800000, 0x0000000485000000, 0x0000000485000000|100%|HC|  |TAMS 0x0000000485000000| PB 0x0000000484800000| Complete 
| 266|0x0000000485000000, 0x0000000485800000, 0x0000000485800000|100%|HC|  |TAMS 0x0000000485800000| PB 0x0000000485000000| Complete 
| 267|0x0000000485800000, 0x0000000486000000, 0x0000000486000000|100%|HC|  |TAMS 0x0000000486000000| PB 0x0000000485800000| Complete 
| 268|0x0000000486000000, 0x0000000486800000, 0x0000000486800000|100%|HC|  |TAMS 0x0000000486800000| PB 0x0000000486000000| Complete 
| 269|0x0000000486800000, 0x0000000487000000, 0x0000000487000000|100%|HC|  |TAMS 0x0000000487000000| PB 0x0000000486800000| Complete 
| 270|0x0000000487000000, 0x0000000487800000, 0x0000000487800000|100%|HC|  |TAMS 0x0000000487800000| PB 0x0000000487000000| Complete 
| 271|0x0000000487800000, 0x0000000488000000, 0x0000000488000000|100%|HC|  |TAMS 0x0000000488000000| PB 0x0000000487800000| Complete 
| 272|0x0000000488000000, 0x0000000488800000, 0x0000000488800000|100%|HC|  |TAMS 0x0000000488800000| PB 0x0000000488000000| Complete 
| 273|0x0000000488800000, 0x0000000489000000, 0x0000000489000000|100%|HC|  |TAMS 0x0000000489000000| PB 0x0000000488800000| Complete 
| 274|0x0000000489000000, 0x0000000489800000, 0x0000000489800000|100%|HC|  |TAMS 0x0000000489800000| PB 0x0000000489000000| Complete 
| 275|0x0000000489800000, 0x000000048a000000, 0x000000048a000000|100%|HC|  |TAMS 0x000000048a000000| PB 0x0000000489800000| Complete 
| 276|0x000000048a000000, 0x000000048a800000, 0x000000048a800000|100%|HC|  |TAMS 0x000000048a800000| PB 0x000000048a000000| Complete 
| 277|0x000000048a800000, 0x000000048b000000, 0x000000048b000000|100%|HC|  |TAMS 0x000000048b000000| PB 0x000000048a800000| Complete 
| 278|0x000000048b000000, 0x000000048b800000, 0x000000048b800000|100%|HC|  |TAMS 0x000000048b800000| PB 0x000000048b000000| Complete 
| 279|0x000000048b800000, 0x000000048c000000, 0x000000048c000000|100%|HC|  |TAMS 0x000000048c000000| PB 0x000000048b800000| Complete 
| 280|0x000000048c000000, 0x000000048c800000, 0x000000048c800000|100%|HC|  |TAMS 0x000000048c800000| PB 0x000000048c000000| Complete 
| 281|0x000000048c800000, 0x000000048d000000, 0x000000048d000000|100%|HC|  |TAMS 0x000000048d000000| PB 0x000000048c800000| Complete 
| 282|0x000000048d000000, 0x000000048d800000, 0x000000048d800000|100%|HC|  |TAMS 0x000000048d800000| PB 0x000000048d000000| Complete 
| 283|0x000000048d800000, 0x000000048e000000, 0x000000048e000000|100%|HC|  |TAMS 0x000000048e000000| PB 0x000000048d800000| Complete 
| 284|0x000000048e000000, 0x000000048e800000, 0x000000048e800000|100%|HC|  |TAMS 0x000000048e800000| PB 0x000000048e000000| Complete 
| 285|0x000000048e800000, 0x000000048f000000, 0x000000048f000000|100%|HC|  |TAMS 0x000000048f000000| PB 0x000000048e800000| Complete 
| 286|0x000000048f000000, 0x000000048f800000, 0x000000048f800000|100%|HC|  |TAMS 0x000000048f800000| PB 0x000000048f000000| Complete 
| 287|0x000000048f800000, 0x0000000490000000, 0x0000000490000000|100%|HC|  |TAMS 0x0000000490000000| PB 0x000000048f800000| Complete 
| 288|0x0000000490000000, 0x0000000490800000, 0x0000000490800000|100%|HC|  |TAMS 0x0000000490800000| PB 0x0000000490000000| Complete 
| 289|0x0000000490800000, 0x0000000491000000, 0x0000000491000000|100%|HC|  |TAMS 0x0000000491000000| PB 0x0000000490800000| Complete 
| 290|0x0000000491000000, 0x0000000491800000, 0x0000000491800000|100%|HC|  |TAMS 0x0000000491800000| PB 0x0000000491000000| Complete 
| 291|0x0000000491800000, 0x0000000492000000, 0x0000000492000000|100%|HC|  |TAMS 0x0000000492000000| PB 0x0000000491800000| Complete 
| 292|0x0000000492000000, 0x0000000492800000, 0x0000000492800000|100%|HC|  |TAMS 0x0000000492800000| PB 0x0000000492000000| Complete 
| 293|0x0000000492800000, 0x0000000493000000, 0x0000000493000000|100%|HC|  |TAMS 0x0000000493000000| PB 0x0000000492800000| Complete 
| 294|0x0000000493000000, 0x0000000493800000, 0x0000000493800000|100%|HC|  |TAMS 0x0000000493800000| PB 0x0000000493000000| Complete 
| 295|0x0000000493800000, 0x0000000494000000, 0x0000000494000000|100%|HC|  |TAMS 0x0000000494000000| PB 0x0000000493800000| Complete 
| 296|0x0000000494000000, 0x0000000494800000, 0x0000000494800000|100%|HC|  |TAMS 0x0000000494800000| PB 0x0000000494000000| Complete 
| 297|0x0000000494800000, 0x0000000495000000, 0x0000000495000000|100%|HC|  |TAMS 0x0000000495000000| PB 0x0000000494800000| Complete 
| 298|0x0000000495000000, 0x0000000495800000, 0x0000000495800000|100%|HC|  |TAMS 0x0000000495800000| PB 0x0000000495000000| Complete 
| 299|0x0000000495800000, 0x0000000496000000, 0x0000000496000000|100%|HC|  |TAMS 0x0000000496000000| PB 0x0000000495800000| Complete 
| 300|0x0000000496000000, 0x0000000496800000, 0x0000000496800000|100%|HC|  |TAMS 0x0000000496800000| PB 0x0000000496000000| Complete 
| 301|0x0000000496800000, 0x0000000497000000, 0x0000000497000000|100%|HC|  |TAMS 0x0000000497000000| PB 0x0000000496800000| Complete 
| 302|0x0000000497000000, 0x0000000497800000, 0x0000000497800000|100%|HC|  |TAMS 0x0000000497800000| PB 0x0000000497000000| Complete 
| 303|0x0000000497800000, 0x0000000498000000, 0x0000000498000000|100%|HC|  |TAMS 0x0000000498000000| PB 0x0000000497800000| Complete 
| 304|0x0000000498000000, 0x0000000498800000, 0x0000000498800000|100%|HC|  |TAMS 0x0000000498800000| PB 0x0000000498000000| Complete 
| 305|0x0000000498800000, 0x0000000499000000, 0x0000000499000000|100%|HC|  |TAMS 0x0000000499000000| PB 0x0000000498800000| Complete 
| 306|0x0000000499000000, 0x0000000499800000, 0x0000000499800000|100%|HC|  |TAMS 0x0000000499800000| PB 0x0000000499000000| Complete 
| 307|0x0000000499800000, 0x000000049a000000, 0x000000049a000000|100%|HC|  |TAMS 0x000000049a000000| PB 0x0000000499800000| Complete 
| 308|0x000000049a000000, 0x000000049a800000, 0x000000049a800000|100%|HC|  |TAMS 0x000000049a800000| PB 0x000000049a000000| Complete 
| 309|0x000000049a800000, 0x000000049b000000, 0x000000049b000000|100%|HC|  |TAMS 0x000000049b000000| PB 0x000000049a800000| Complete 
| 310|0x000000049b000000, 0x000000049b800000, 0x000000049b800000|100%|HC|  |TAMS 0x000000049b800000| PB 0x000000049b000000| Complete 
| 311|0x000000049b800000, 0x000000049c000000, 0x000000049c000000|100%|HC|  |TAMS 0x000000049c000000| PB 0x000000049b800000| Complete 
| 312|0x000000049c000000, 0x000000049c800000, 0x000000049c800000|100%|HC|  |TAMS 0x000000049c800000| PB 0x000000049c000000| Complete 
| 313|0x000000049c800000, 0x000000049d000000, 0x000000049d000000|100%|HC|  |TAMS 0x000000049d000000| PB 0x000000049c800000| Complete 
| 314|0x000000049d000000, 0x000000049d800000, 0x000000049d800000|100%|HC|  |TAMS 0x000000049d800000| PB 0x000000049d000000| Complete 
| 315|0x000000049d800000, 0x000000049e000000, 0x000000049e000000|100%|HC|  |TAMS 0x000000049e000000| PB 0x000000049d800000| Complete 
| 316|0x000000049e000000, 0x000000049e800000, 0x000000049e800000|100%|HC|  |TAMS 0x000000049e800000| PB 0x000000049e000000| Complete 
| 317|0x000000049e800000, 0x000000049f000000, 0x000000049f000000|100%|HC|  |TAMS 0x000000049f000000| PB 0x000000049e800000| Complete 
| 318|0x000000049f000000, 0x000000049f800000, 0x000000049f800000|100%|HC|  |TAMS 0x000000049f800000| PB 0x000000049f000000| Complete 
| 319|0x000000049f800000, 0x00000004a0000000, 0x00000004a0000000|100%|HC|  |TAMS 0x00000004a0000000| PB 0x000000049f800000| Complete 
| 320|0x00000004a0000000, 0x00000004a0800000, 0x00000004a0800000|100%|HC|  |TAMS 0x00000004a0800000| PB 0x00000004a0000000| Complete 
| 321|0x00000004a0800000, 0x00000004a1000000, 0x00000004a1000000|100%|HC|  |TAMS 0x00000004a1000000| PB 0x00000004a0800000| Complete 
| 322|0x00000004a1000000, 0x00000004a1800000, 0x00000004a1800000|100%|HC|  |TAMS 0x00000004a1800000| PB 0x00000004a1000000| Complete 
| 323|0x00000004a1800000, 0x00000004a2000000, 0x00000004a2000000|100%|HC|  |TAMS 0x00000004a2000000| PB 0x00000004a1800000| Complete 
| 324|0x00000004a2000000, 0x00000004a2800000, 0x00000004a2800000|100%|HC|  |TAMS 0x00000004a2800000| PB 0x00000004a2000000| Complete 
| 325|0x00000004a2800000, 0x00000004a3000000, 0x00000004a3000000|100%|HC|  |TAMS 0x00000004a3000000| PB 0x00000004a2800000| Complete 
| 326|0x00000004a3000000, 0x00000004a3800000, 0x00000004a3800000|100%|HC|  |TAMS 0x00000004a3800000| PB 0x00000004a3000000| Complete 
| 327|0x00000004a3800000, 0x00000004a4000000, 0x00000004a4000000|100%|HC|  |TAMS 0x00000004a4000000| PB 0x00000004a3800000| Complete 
| 328|0x00000004a4000000, 0x00000004a4800000, 0x00000004a4800000|100%|HC|  |TAMS 0x00000004a4800000| PB 0x00000004a4000000| Complete 
| 329|0x00000004a4800000, 0x00000004a5000000, 0x00000004a5000000|100%|HC|  |TAMS 0x00000004a5000000| PB 0x00000004a4800000| Complete 
| 330|0x00000004a5000000, 0x00000004a5800000, 0x00000004a5800000|100%|HC|  |TAMS 0x00000004a5800000| PB 0x00000004a5000000| Complete 
| 331|0x00000004a5800000, 0x00000004a6000000, 0x00000004a6000000|100%|HC|  |TAMS 0x00000004a6000000| PB 0x00000004a5800000| Complete 
| 332|0x00000004a6000000, 0x00000004a6800000, 0x00000004a6800000|100%|HC|  |TAMS 0x00000004a6800000| PB 0x00000004a6000000| Complete 
| 333|0x00000004a6800000, 0x00000004a7000000, 0x00000004a7000000|100%|HC|  |TAMS 0x00000004a7000000| PB 0x00000004a6800000| Complete 
| 334|0x00000004a7000000, 0x00000004a7800000, 0x00000004a7800000|100%|HC|  |TAMS 0x00000004a7800000| PB 0x00000004a7000000| Complete 
| 335|0x00000004a7800000, 0x00000004a8000000, 0x00000004a8000000|100%|HC|  |TAMS 0x00000004a8000000| PB 0x00000004a7800000| Complete 
| 336|0x00000004a8000000, 0x00000004a8800000, 0x00000004a8800000|100%|HC|  |TAMS 0x00000004a8800000| PB 0x00000004a8000000| Complete 
| 337|0x00000004a8800000, 0x00000004a9000000, 0x00000004a9000000|100%|HC|  |TAMS 0x00000004a9000000| PB 0x00000004a8800000| Complete 
| 338|0x00000004a9000000, 0x00000004a9800000, 0x00000004a9800000|100%|HC|  |TAMS 0x00000004a9800000| PB 0x00000004a9000000| Complete 
| 339|0x00000004a9800000, 0x00000004aa000000, 0x00000004aa000000|100%|HC|  |TAMS 0x00000004aa000000| PB 0x00000004a9800000| Complete 
| 340|0x00000004aa000000, 0x00000004aa800000, 0x00000004aa800000|100%|HC|  |TAMS 0x00000004aa800000| PB 0x00000004aa000000| Complete 
| 341|0x00000004aa800000, 0x00000004ab000000, 0x00000004ab000000|100%|HC|  |TAMS 0x00000004ab000000| PB 0x00000004aa800000| Complete 
| 342|0x00000004ab000000, 0x00000004ab800000, 0x00000004ab800000|100%|HC|  |TAMS 0x00000004ab800000| PB 0x00000004ab000000| Complete 
| 343|0x00000004ab800000, 0x00000004ac000000, 0x00000004ac000000|100%|HC|  |TAMS 0x00000004ac000000| PB 0x00000004ab800000| Complete 
| 344|0x00000004ac000000, 0x00000004ac800000, 0x00000004ac800000|100%|HC|  |TAMS 0x00000004ac800000| PB 0x00000004ac000000| Complete 
| 345|0x00000004ac800000, 0x00000004ad000000, 0x00000004ad000000|100%|HC|  |TAMS 0x00000004ad000000| PB 0x00000004ac800000| Complete 
| 346|0x00000004ad000000, 0x00000004ad800000, 0x00000004ad800000|100%|HC|  |TAMS 0x00000004ad800000| PB 0x00000004ad000000| Complete 
| 347|0x00000004ad800000, 0x00000004ae000000, 0x00000004ae000000|100%|HC|  |TAMS 0x00000004ae000000| PB 0x00000004ad800000| Complete 
| 348|0x00000004ae000000, 0x00000004ae800000, 0x00000004ae800000|100%|HC|  |TAMS 0x00000004ae800000| PB 0x00000004ae000000| Complete 
| 349|0x00000004ae800000, 0x00000004af000000, 0x00000004af000000|100%|HC|  |TAMS 0x00000004af000000| PB 0x00000004ae800000| Complete 
| 350|0x00000004af000000, 0x00000004af800000, 0x00000004af800000|100%|HC|  |TAMS 0x00000004af800000| PB 0x00000004af000000| Complete 
| 351|0x00000004af800000, 0x00000004b0000000, 0x00000004b0000000|100%|HC|  |TAMS 0x00000004b0000000| PB 0x00000004af800000| Complete 
| 352|0x00000004b0000000, 0x00000004b0800000, 0x00000004b0800000|100%|HC|  |TAMS 0x00000004b0800000| PB 0x00000004b0000000| Complete 
| 353|0x00000004b0800000, 0x00000004b1000000, 0x00000004b1000000|100%|HC|  |TAMS 0x00000004b1000000| PB 0x00000004b0800000| Complete 
| 354|0x00000004b1000000, 0x00000004b1800000, 0x00000004b1800000|100%|HC|  |TAMS 0x00000004b1800000| PB 0x00000004b1000000| Complete 
| 355|0x00000004b1800000, 0x00000004b2000000, 0x00000004b2000000|100%|HC|  |TAMS 0x00000004b2000000| PB 0x00000004b1800000| Complete 
| 356|0x00000004b2000000, 0x00000004b2800000, 0x00000004b2800000|100%|HC|  |TAMS 0x00000004b2800000| PB 0x00000004b2000000| Complete 
| 357|0x00000004b2800000, 0x00000004b3000000, 0x00000004b3000000|100%|HC|  |TAMS 0x00000004b3000000| PB 0x00000004b2800000| Complete 
| 358|0x00000004b3000000, 0x00000004b3800000, 0x00000004b3800000|100%|HC|  |TAMS 0x00000004b3800000| PB 0x00000004b3000000| Complete 
| 359|0x00000004b3800000, 0x00000004b4000000, 0x00000004b4000000|100%|HC|  |TAMS 0x00000004b4000000| PB 0x00000004b3800000| Complete 
| 360|0x00000004b4000000, 0x00000004b4800000, 0x00000004b4800000|100%|HC|  |TAMS 0x00000004b4800000| PB 0x00000004b4000000| Complete 
| 361|0x00000004b4800000, 0x00000004b5000000, 0x00000004b5000000|100%|HC|  |TAMS 0x00000004b5000000| PB 0x00000004b4800000| Complete 
| 362|0x00000004b5000000, 0x00000004b5800000, 0x00000004b5800000|100%|HC|  |TAMS 0x00000004b5800000| PB 0x00000004b5000000| Complete 
| 363|0x00000004b5800000, 0x00000004b6000000, 0x00000004b6000000|100%|HC|  |TAMS 0x00000004b6000000| PB 0x00000004b5800000| Complete 
| 364|0x00000004b6000000, 0x00000004b6800000, 0x00000004b6800000|100%|HC|  |TAMS 0x00000004b6800000| PB 0x00000004b6000000| Complete 
| 365|0x00000004b6800000, 0x00000004b7000000, 0x00000004b7000000|100%|HC|  |TAMS 0x00000004b7000000| PB 0x00000004b6800000| Complete 
| 366|0x00000004b7000000, 0x00000004b7800000, 0x00000004b7800000|100%|HC|  |TAMS 0x00000004b7800000| PB 0x00000004b7000000| Complete 
| 367|0x00000004b7800000, 0x00000004b8000000, 0x00000004b8000000|100%|HC|  |TAMS 0x00000004b8000000| PB 0x00000004b7800000| Complete 
| 368|0x00000004b8000000, 0x00000004b8800000, 0x00000004b8800000|100%|HC|  |TAMS 0x00000004b8800000| PB 0x00000004b8000000| Complete 
| 369|0x00000004b8800000, 0x00000004b9000000, 0x00000004b9000000|100%|HC|  |TAMS 0x00000004b9000000| PB 0x00000004b8800000| Complete 
| 370|0x00000004b9000000, 0x00000004b9800000, 0x00000004b9800000|100%|HC|  |TAMS 0x00000004b9800000| PB 0x00000004b9000000| Complete 
| 371|0x00000004b9800000, 0x00000004ba000000, 0x00000004ba000000|100%|HC|  |TAMS 0x00000004ba000000| PB 0x00000004b9800000| Complete 
| 372|0x00000004ba000000, 0x00000004ba800000, 0x00000004ba800000|100%|HC|  |TAMS 0x00000004ba800000| PB 0x00000004ba000000| Complete 
| 373|0x00000004ba800000, 0x00000004bb000000, 0x00000004bb000000|100%|HC|  |TAMS 0x00000004bb000000| PB 0x00000004ba800000| Complete 
| 374|0x00000004bb000000, 0x00000004bb800000, 0x00000004bb800000|100%|HC|  |TAMS 0x00000004bb800000| PB 0x00000004bb000000| Complete 
| 375|0x00000004bb800000, 0x00000004bc000000, 0x00000004bc000000|100%|HC|  |TAMS 0x00000004bc000000| PB 0x00000004bb800000| Complete 
| 376|0x00000004bc000000, 0x00000004bc800000, 0x00000004bc800000|100%|HC|  |TAMS 0x00000004bc800000| PB 0x00000004bc000000| Complete 
| 377|0x00000004bc800000, 0x00000004bd000000, 0x00000004bd000000|100%|HC|  |TAMS 0x00000004bd000000| PB 0x00000004bc800000| Complete 
| 378|0x00000004bd000000, 0x00000004bd800000, 0x00000004bd800000|100%|HC|  |TAMS 0x00000004bd800000| PB 0x00000004bd000000| Complete 
| 379|0x00000004bd800000, 0x00000004be000000, 0x00000004be000000|100%|HC|  |TAMS 0x00000004be000000| PB 0x00000004bd800000| Complete 
| 380|0x00000004be000000, 0x00000004be800000, 0x00000004be800000|100%|HC|  |TAMS 0x00000004be800000| PB 0x00000004be000000| Complete 
| 381|0x00000004be800000, 0x00000004bf000000, 0x00000004bf000000|100%|HC|  |TAMS 0x00000004bf000000| PB 0x00000004be800000| Complete 
| 382|0x00000004bf000000, 0x00000004bf800000, 0x00000004bf800000|100%|HC|  |TAMS 0x00000004bf800000| PB 0x00000004bf000000| Complete 
| 383|0x00000004bf800000, 0x00000004c0000000, 0x00000004c0000000|100%|HC|  |TAMS 0x00000004c0000000| PB 0x00000004bf800000| Complete 
| 384|0x00000004c0000000, 0x00000004c0800000, 0x00000004c0800000|100%|HC|  |TAMS 0x00000004c0800000| PB 0x00000004c0000000| Complete 
| 385|0x00000004c0800000, 0x00000004c1000000, 0x00000004c1000000|100%|HC|  |TAMS 0x00000004c1000000| PB 0x00000004c0800000| Complete 
| 386|0x00000004c1000000, 0x00000004c1800000, 0x00000004c1800000|100%|HC|  |TAMS 0x00000004c1800000| PB 0x00000004c1000000| Complete 
| 387|0x00000004c1800000, 0x00000004c2000000, 0x00000004c2000000|100%|HC|  |TAMS 0x00000004c2000000| PB 0x00000004c1800000| Complete 
| 388|0x00000004c2000000, 0x00000004c2800000, 0x00000004c2800000|100%|HC|  |TAMS 0x00000004c2800000| PB 0x00000004c2000000| Complete 
| 389|0x00000004c2800000, 0x00000004c3000000, 0x00000004c3000000|100%|HC|  |TAMS 0x00000004c3000000| PB 0x00000004c2800000| Complete 
| 390|0x00000004c3000000, 0x00000004c3800000, 0x00000004c3800000|100%|HC|  |TAMS 0x00000004c3800000| PB 0x00000004c3000000| Complete 
| 391|0x00000004c3800000, 0x00000004c4000000, 0x00000004c4000000|100%|HC|  |TAMS 0x00000004c4000000| PB 0x00000004c3800000| Complete 
| 392|0x00000004c4000000, 0x00000004c4800000, 0x00000004c4800000|100%|HC|  |TAMS 0x00000004c4800000| PB 0x00000004c4000000| Complete 
| 393|0x00000004c4800000, 0x00000004c5000000, 0x00000004c5000000|100%|HC|  |TAMS 0x00000004c5000000| PB 0x00000004c4800000| Complete 
| 394|0x00000004c5000000, 0x00000004c5800000, 0x00000004c5800000|100%|HC|  |TAMS 0x00000004c5800000| PB 0x00000004c5000000| Complete 
| 395|0x00000004c5800000, 0x00000004c6000000, 0x00000004c6000000|100%|HC|  |TAMS 0x00000004c6000000| PB 0x00000004c5800000| Complete 
| 396|0x00000004c6000000, 0x00000004c6800000, 0x00000004c6800000|100%|HC|  |TAMS 0x00000004c6800000| PB 0x00000004c6000000| Complete 
| 397|0x00000004c6800000, 0x00000004c7000000, 0x00000004c7000000|100%|HC|  |TAMS 0x00000004c7000000| PB 0x00000004c6800000| Complete 
| 398|0x00000004c7000000, 0x00000004c7800000, 0x00000004c7800000|100%|HC|  |TAMS 0x00000004c7800000| PB 0x00000004c7000000| Complete 
| 399|0x00000004c7800000, 0x00000004c8000000, 0x00000004c8000000|100%|HC|  |TAMS 0x00000004c8000000| PB 0x00000004c7800000| Complete 
| 400|0x00000004c8000000, 0x00000004c8800000, 0x00000004c8800000|100%|HC|  |TAMS 0x00000004c8800000| PB 0x00000004c8000000| Complete 
| 401|0x00000004c8800000, 0x00000004c9000000, 0x00000004c9000000|100%|HC|  |TAMS 0x00000004c9000000| PB 0x00000004c8800000| Complete 
| 402|0x00000004c9000000, 0x00000004c9800000, 0x00000004c9800000|100%|HC|  |TAMS 0x00000004c9800000| PB 0x00000004c9000000| Complete 
| 403|0x00000004c9800000, 0x00000004ca000000, 0x00000004ca000000|100%|HC|  |TAMS 0x00000004ca000000| PB 0x00000004c9800000| Complete 
| 404|0x00000004ca000000, 0x00000004ca800000, 0x00000004ca800000|100%|HC|  |TAMS 0x00000004ca800000| PB 0x00000004ca000000| Complete 
| 405|0x00000004ca800000, 0x00000004cb000000, 0x00000004cb000000|100%|HC|  |TAMS 0x00000004cb000000| PB 0x00000004ca800000| Complete 
| 406|0x00000004cb000000, 0x00000004cb800000, 0x00000004cb800000|100%|HC|  |TAMS 0x00000004cb800000| PB 0x00000004cb000000| Complete 
| 407|0x00000004cb800000, 0x00000004cc000000, 0x00000004cc000000|100%|HC|  |TAMS 0x00000004cc000000| PB 0x00000004cb800000| Complete 
| 408|0x00000004cc000000, 0x00000004cc800000, 0x00000004cc800000|100%|HC|  |TAMS 0x00000004cc800000| PB 0x00000004cc000000| Complete 
| 409|0x00000004cc800000, 0x00000004cd000000, 0x00000004cd000000|100%|HC|  |TAMS 0x00000004cd000000| PB 0x00000004cc800000| Complete 
| 410|0x00000004cd000000, 0x00000004cd800000, 0x00000004cd800000|100%|HC|  |TAMS 0x00000004cd800000| PB 0x00000004cd000000| Complete 
| 411|0x00000004cd800000, 0x00000004ce000000, 0x00000004ce000000|100%|HC|  |TAMS 0x00000004ce000000| PB 0x00000004cd800000| Complete 
| 412|0x00000004ce000000, 0x00000004ce800000, 0x00000004ce800000|100%|HC|  |TAMS 0x00000004ce800000| PB 0x00000004ce000000| Complete 
| 413|0x00000004ce800000, 0x00000004cf000000, 0x00000004cf000000|100%|HC|  |TAMS 0x00000004cf000000| PB 0x00000004ce800000| Complete 
| 414|0x00000004cf000000, 0x00000004cf800000, 0x00000004cf800000|100%|HC|  |TAMS 0x00000004cf800000| PB 0x00000004cf000000| Complete 
| 415|0x00000004cf800000, 0x00000004d0000000, 0x00000004d0000000|100%|HC|  |TAMS 0x00000004d0000000| PB 0x00000004cf800000| Complete 
| 416|0x00000004d0000000, 0x00000004d0800000, 0x00000004d0800000|100%|HC|  |TAMS 0x00000004d0800000| PB 0x00000004d0000000| Complete 
| 417|0x00000004d0800000, 0x00000004d1000000, 0x00000004d1000000|100%|HC|  |TAMS 0x00000004d1000000| PB 0x00000004d0800000| Complete 
| 418|0x00000004d1000000, 0x00000004d1800000, 0x00000004d1800000|100%|HC|  |TAMS 0x00000004d1800000| PB 0x00000004d1000000| Complete 
| 419|0x00000004d1800000, 0x00000004d2000000, 0x00000004d2000000|100%|HC|  |TAMS 0x00000004d2000000| PB 0x00000004d1800000| Complete 
| 420|0x00000004d2000000, 0x00000004d2800000, 0x00000004d2800000|100%|HC|  |TAMS 0x00000004d2800000| PB 0x00000004d2000000| Complete 
| 421|0x00000004d2800000, 0x00000004d3000000, 0x00000004d3000000|100%|HC|  |TAMS 0x00000004d3000000| PB 0x00000004d2800000| Complete 
| 422|0x00000004d3000000, 0x00000004d3800000, 0x00000004d3800000|100%|HC|  |TAMS 0x00000004d3800000| PB 0x00000004d3000000| Complete 
| 423|0x00000004d3800000, 0x00000004d4000000, 0x00000004d4000000|100%|HC|  |TAMS 0x00000004d4000000| PB 0x00000004d3800000| Complete 
| 424|0x00000004d4000000, 0x00000004d4800000, 0x00000004d4800000|100%|HC|  |TAMS 0x00000004d4800000| PB 0x00000004d4000000| Complete 
| 425|0x00000004d4800000, 0x00000004d5000000, 0x00000004d5000000|100%|HC|  |TAMS 0x00000004d5000000| PB 0x00000004d4800000| Complete 
| 426|0x00000004d5000000, 0x00000004d5800000, 0x00000004d5800000|100%|HC|  |TAMS 0x00000004d5800000| PB 0x00000004d5000000| Complete 
| 427|0x00000004d5800000, 0x00000004d6000000, 0x00000004d6000000|100%|HC|  |TAMS 0x00000004d6000000| PB 0x00000004d5800000| Complete 
| 428|0x00000004d6000000, 0x00000004d6800000, 0x00000004d6800000|100%|HC|  |TAMS 0x00000004d6800000| PB 0x00000004d6000000| Complete 
| 429|0x00000004d6800000, 0x00000004d7000000, 0x00000004d7000000|100%|HC|  |TAMS 0x00000004d7000000| PB 0x00000004d6800000| Complete 
| 430|0x00000004d7000000, 0x00000004d7800000, 0x00000004d7800000|100%|HC|  |TAMS 0x00000004d7800000| PB 0x00000004d7000000| Complete 
| 431|0x00000004d7800000, 0x00000004d8000000, 0x00000004d8000000|100%|HC|  |TAMS 0x00000004d8000000| PB 0x00000004d7800000| Complete 
| 432|0x00000004d8000000, 0x00000004d8800000, 0x00000004d8800000|100%|HC|  |TAMS 0x00000004d8800000| PB 0x00000004d8000000| Complete 
| 433|0x00000004d8800000, 0x00000004d9000000, 0x00000004d9000000|100%|HC|  |TAMS 0x00000004d9000000| PB 0x00000004d8800000| Complete 
| 434|0x00000004d9000000, 0x00000004d9800000, 0x00000004d9800000|100%|HC|  |TAMS 0x00000004d9800000| PB 0x00000004d9000000| Complete 
| 435|0x00000004d9800000, 0x00000004da000000, 0x00000004da000000|100%|HC|  |TAMS 0x00000004da000000| PB 0x00000004d9800000| Complete 
| 436|0x00000004da000000, 0x00000004da800000, 0x00000004da800000|100%|HC|  |TAMS 0x00000004da800000| PB 0x00000004da000000| Complete 
| 437|0x00000004da800000, 0x00000004db000000, 0x00000004db000000|100%|HC|  |TAMS 0x00000004db000000| PB 0x00000004da800000| Complete 
| 438|0x00000004db000000, 0x00000004db800000, 0x00000004db800000|100%|HC|  |TAMS 0x00000004db800000| PB 0x00000004db000000| Complete 
| 439|0x00000004db800000, 0x00000004dc000000, 0x00000004dc000000|100%|HC|  |TAMS 0x00000004dc000000| PB 0x00000004db800000| Complete 
| 440|0x00000004dc000000, 0x00000004dc800000, 0x00000004dc800000|100%|HC|  |TAMS 0x00000004dc800000| PB 0x00000004dc000000| Complete 
| 441|0x00000004dc800000, 0x00000004dd000000, 0x00000004dd000000|100%|HC|  |TAMS 0x00000004dd000000| PB 0x00000004dc800000| Complete 
| 442|0x00000004dd000000, 0x00000004dd800000, 0x00000004dd800000|100%|HC|  |TAMS 0x00000004dd800000| PB 0x00000004dd000000| Complete 
| 443|0x00000004dd800000, 0x00000004de000000, 0x00000004de000000|100%|HC|  |TAMS 0x00000004de000000| PB 0x00000004dd800000| Complete 
| 444|0x00000004de000000, 0x00000004de800000, 0x00000004de800000|100%|HC|  |TAMS 0x00000004de800000| PB 0x00000004de000000| Complete 
| 445|0x00000004de800000, 0x00000004df000000, 0x00000004df000000|100%|HC|  |TAMS 0x00000004df000000| PB 0x00000004de800000| Complete 
| 446|0x00000004df000000, 0x00000004df800000, 0x00000004df800000|100%|HC|  |TAMS 0x00000004df800000| PB 0x00000004df000000| Complete 
| 447|0x00000004df800000, 0x00000004e0000000, 0x00000004e0000000|100%|HC|  |TAMS 0x00000004e0000000| PB 0x00000004df800000| Complete 
| 448|0x00000004e0000000, 0x00000004e0800000, 0x00000004e0800000|100%|HC|  |TAMS 0x00000004e0800000| PB 0x00000004e0000000| Complete 
| 449|0x00000004e0800000, 0x00000004e1000000, 0x00000004e1000000|100%|HC|  |TAMS 0x00000004e1000000| PB 0x00000004e0800000| Complete 
| 450|0x00000004e1000000, 0x00000004e1800000, 0x00000004e1800000|100%|HC|  |TAMS 0x00000004e1800000| PB 0x00000004e1000000| Complete 
| 451|0x00000004e1800000, 0x00000004e2000000, 0x00000004e2000000|100%|HC|  |TAMS 0x00000004e2000000| PB 0x00000004e1800000| Complete 
| 452|0x00000004e2000000, 0x00000004e2800000, 0x00000004e2800000|100%|HC|  |TAMS 0x00000004e2800000| PB 0x00000004e2000000| Complete 
| 453|0x00000004e2800000, 0x00000004e3000000, 0x00000004e3000000|100%|HC|  |TAMS 0x00000004e3000000| PB 0x00000004e2800000| Complete 
| 454|0x00000004e3000000, 0x00000004e3800000, 0x00000004e3800000|100%|HC|  |TAMS 0x00000004e3800000| PB 0x00000004e3000000| Complete 
| 455|0x00000004e3800000, 0x00000004e4000000, 0x00000004e4000000|100%|HC|  |TAMS 0x00000004e4000000| PB 0x00000004e3800000| Complete 
| 456|0x00000004e4000000, 0x00000004e4800000, 0x00000004e4800000|100%|HC|  |TAMS 0x00000004e4800000| PB 0x00000004e4000000| Complete 
| 457|0x00000004e4800000, 0x00000004e5000000, 0x00000004e5000000|100%|HC|  |TAMS 0x00000004e5000000| PB 0x00000004e4800000| Complete 
| 458|0x00000004e5000000, 0x00000004e5800000, 0x00000004e5800000|100%|HC|  |TAMS 0x00000004e5800000| PB 0x00000004e5000000| Complete 
| 459|0x00000004e5800000, 0x00000004e6000000, 0x00000004e6000000|100%|HC|  |TAMS 0x00000004e6000000| PB 0x00000004e5800000| Complete 
| 460|0x00000004e6000000, 0x00000004e6800000, 0x00000004e6800000|100%|HC|  |TAMS 0x00000004e6800000| PB 0x00000004e6000000| Complete 
| 461|0x00000004e6800000, 0x00000004e7000000, 0x00000004e7000000|100%|HC|  |TAMS 0x00000004e7000000| PB 0x00000004e6800000| Complete 
| 462|0x00000004e7000000, 0x00000004e7800000, 0x00000004e7800000|100%|HC|  |TAMS 0x00000004e7800000| PB 0x00000004e7000000| Complete 
| 463|0x00000004e7800000, 0x00000004e8000000, 0x00000004e8000000|100%|HC|  |TAMS 0x00000004e8000000| PB 0x00000004e7800000| Complete 
| 464|0x00000004e8000000, 0x00000004e8800000, 0x00000004e8800000|100%|HC|  |TAMS 0x00000004e8800000| PB 0x00000004e8000000| Complete 
| 465|0x00000004e8800000, 0x00000004e9000000, 0x00000004e9000000|100%|HC|  |TAMS 0x00000004e9000000| PB 0x00000004e8800000| Complete 
| 466|0x00000004e9000000, 0x00000004e9800000, 0x00000004e9800000|100%|HC|  |TAMS 0x00000004e9800000| PB 0x00000004e9000000| Complete 
| 467|0x00000004e9800000, 0x00000004ea000000, 0x00000004ea000000|100%|HC|  |TAMS 0x00000004ea000000| PB 0x00000004e9800000| Complete 
| 468|0x00000004ea000000, 0x00000004ea800000, 0x00000004ea800000|100%|HC|  |TAMS 0x00000004ea800000| PB 0x00000004ea000000| Complete 
| 469|0x00000004ea800000, 0x00000004eb000000, 0x00000004eb000000|100%|HC|  |TAMS 0x00000004eb000000| PB 0x00000004ea800000| Complete 
| 470|0x00000004eb000000, 0x00000004eb800000, 0x00000004eb800000|100%|HC|  |TAMS 0x00000004eb800000| PB 0x00000004eb000000| Complete 
| 471|0x00000004eb800000, 0x00000004ec000000, 0x00000004ec000000|100%|HC|  |TAMS 0x00000004ec000000| PB 0x00000004eb800000| Complete 
| 472|0x00000004ec000000, 0x00000004ec800000, 0x00000004ec800000|100%|HC|  |TAMS 0x00000004ec800000| PB 0x00000004ec000000| Complete 
| 473|0x00000004ec800000, 0x00000004ed000000, 0x00000004ed000000|100%|HC|  |TAMS 0x00000004ed000000| PB 0x00000004ec800000| Complete 
| 474|0x00000004ed000000, 0x00000004ed800000, 0x00000004ed800000|100%|HC|  |TAMS 0x00000004ed800000| PB 0x00000004ed000000| Complete 
| 475|0x00000004ed800000, 0x00000004ee000000, 0x00000004ee000000|100%|HC|  |TAMS 0x00000004ee000000| PB 0x00000004ed800000| Complete 
| 476|0x00000004ee000000, 0x00000004ee800000, 0x00000004ee800000|100%|HC|  |TAMS 0x00000004ee800000| PB 0x00000004ee000000| Complete 
| 477|0x00000004ee800000, 0x00000004ef000000, 0x00000004ef000000|100%|HC|  |TAMS 0x00000004ef000000| PB 0x00000004ee800000| Complete 
| 478|0x00000004ef000000, 0x00000004ef800000, 0x00000004ef800000|100%|HC|  |TAMS 0x00000004ef800000| PB 0x00000004ef000000| Complete 
| 479|0x00000004ef800000, 0x00000004f0000000, 0x00000004f0000000|100%|HC|  |TAMS 0x00000004f0000000| PB 0x00000004ef800000| Complete 
| 480|0x00000004f0000000, 0x00000004f0800000, 0x00000004f0800000|100%|HC|  |TAMS 0x00000004f0800000| PB 0x00000004f0000000| Complete 
| 481|0x00000004f0800000, 0x00000004f1000000, 0x00000004f1000000|100%|HC|  |TAMS 0x00000004f1000000| PB 0x00000004f0800000| Complete 
| 482|0x00000004f1000000, 0x00000004f1800000, 0x00000004f1800000|100%|HC|  |TAMS 0x00000004f1800000| PB 0x00000004f1000000| Complete 
| 483|0x00000004f1800000, 0x00000004f2000000, 0x00000004f2000000|100%|HC|  |TAMS 0x00000004f2000000| PB 0x00000004f1800000| Complete 
| 484|0x00000004f2000000, 0x00000004f2800000, 0x00000004f2800000|100%|HC|  |TAMS 0x00000004f2800000| PB 0x00000004f2000000| Complete 
| 485|0x00000004f2800000, 0x00000004f3000000, 0x00000004f3000000|100%|HC|  |TAMS 0x00000004f3000000| PB 0x00000004f2800000| Complete 
| 486|0x00000004f3000000, 0x00000004f3800000, 0x00000004f3800000|100%|HC|  |TAMS 0x00000004f3800000| PB 0x00000004f3000000| Complete 
| 487|0x00000004f3800000, 0x00000004f4000000, 0x00000004f4000000|100%|HC|  |TAMS 0x00000004f4000000| PB 0x00000004f3800000| Complete 
| 488|0x00000004f4000000, 0x00000004f4800000, 0x00000004f4800000|100%|HC|  |TAMS 0x00000004f4800000| PB 0x00000004f4000000| Complete 
| 489|0x00000004f4800000, 0x00000004f5000000, 0x00000004f5000000|100%|HC|  |TAMS 0x00000004f5000000| PB 0x00000004f4800000| Complete 
| 490|0x00000004f5000000, 0x00000004f5800000, 0x00000004f5800000|100%|HC|  |TAMS 0x00000004f5800000| PB 0x00000004f5000000| Complete 
| 491|0x00000004f5800000, 0x00000004f6000000, 0x00000004f6000000|100%|HC|  |TAMS 0x00000004f6000000| PB 0x00000004f5800000| Complete 
| 492|0x00000004f6000000, 0x00000004f6800000, 0x00000004f6800000|100%|HC|  |TAMS 0x00000004f6800000| PB 0x00000004f6000000| Complete 
| 493|0x00000004f6800000, 0x00000004f7000000, 0x00000004f7000000|100%|HC|  |TAMS 0x00000004f7000000| PB 0x00000004f6800000| Complete 
| 494|0x00000004f7000000, 0x00000004f7800000, 0x00000004f7800000|100%|HC|  |TAMS 0x00000004f7800000| PB 0x00000004f7000000| Complete 
| 495|0x00000004f7800000, 0x00000004f8000000, 0x00000004f8000000|100%|HC|  |TAMS 0x00000004f8000000| PB 0x00000004f7800000| Complete 
| 496|0x00000004f8000000, 0x00000004f8800000, 0x00000004f8800000|100%|HC|  |TAMS 0x00000004f8800000| PB 0x00000004f8000000| Complete 
| 497|0x00000004f8800000, 0x00000004f9000000, 0x00000004f9000000|100%|HC|  |TAMS 0x00000004f9000000| PB 0x00000004f8800000| Complete 
| 498|0x00000004f9000000, 0x00000004f9800000, 0x00000004f9800000|100%|HC|  |TAMS 0x00000004f9800000| PB 0x00000004f9000000| Complete 
| 499|0x00000004f9800000, 0x00000004fa000000, 0x00000004fa000000|100%|HC|  |TAMS 0x00000004fa000000| PB 0x00000004f9800000| Complete 
| 500|0x00000004fa000000, 0x00000004fa800000, 0x00000004fa800000|100%|HC|  |TAMS 0x00000004fa800000| PB 0x00000004fa000000| Complete 
| 501|0x00000004fa800000, 0x00000004fb000000, 0x00000004fb000000|100%|HC|  |TAMS 0x00000004fb000000| PB 0x00000004fa800000| Complete 
| 502|0x00000004fb000000, 0x00000004fb800000, 0x00000004fb800000|100%|HC|  |TAMS 0x00000004fb800000| PB 0x00000004fb000000| Complete 
| 503|0x00000004fb800000, 0x00000004fc000000, 0x00000004fc000000|100%|HC|  |TAMS 0x00000004fc000000| PB 0x00000004fb800000| Complete 
| 504|0x00000004fc000000, 0x00000004fc800000, 0x00000004fc800000|100%|HC|  |TAMS 0x00000004fc800000| PB 0x00000004fc000000| Complete 
| 505|0x00000004fc800000, 0x00000004fd000000, 0x00000004fd000000|100%|HC|  |TAMS 0x00000004fd000000| PB 0x00000004fc800000| Complete 
| 506|0x00000004fd000000, 0x00000004fd800000, 0x00000004fd800000|100%|HC|  |TAMS 0x00000004fd800000| PB 0x00000004fd000000| Complete 
| 507|0x00000004fd800000, 0x00000004fe000000, 0x00000004fe000000|100%|HC|  |TAMS 0x00000004fe000000| PB 0x00000004fd800000| Complete 
| 508|0x00000004fe000000, 0x00000004fe800000, 0x00000004fe800000|100%|HC|  |TAMS 0x00000004fe800000| PB 0x00000004fe000000| Complete 
| 509|0x00000004fe800000, 0x00000004ff000000, 0x00000004ff000000|100%|HC|  |TAMS 0x00000004ff000000| PB 0x00000004fe800000| Complete 
| 510|0x00000004ff000000, 0x00000004ff800000, 0x00000004ff800000|100%|HC|  |TAMS 0x00000004ff800000| PB 0x00000004ff000000| Complete 
| 511|0x00000004ff800000, 0x0000000500000000, 0x0000000500000000|100%|HC|  |TAMS 0x0000000500000000| PB 0x00000004ff800000| Complete 
| 512|0x0000000500000000, 0x0000000500800000, 0x0000000500800000|100%|HC|  |TAMS 0x0000000500800000| PB 0x0000000500000000| Complete 
| 513|0x0000000500800000, 0x0000000501000000, 0x0000000501000000|100%|HC|  |TAMS 0x0000000501000000| PB 0x0000000500800000| Complete 
| 514|0x0000000501000000, 0x0000000501800000, 0x0000000501800000|100%|HC|  |TAMS 0x0000000501800000| PB 0x0000000501000000| Complete 
| 515|0x0000000501800000, 0x0000000502000000, 0x0000000502000000|100%|HC|  |TAMS 0x0000000502000000| PB 0x0000000501800000| Complete 
| 516|0x0000000502000000, 0x0000000502800000, 0x0000000502800000|100%|HC|  |TAMS 0x0000000502800000| PB 0x0000000502000000| Complete 
| 517|0x0000000502800000, 0x0000000503000000, 0x0000000503000000|100%|HC|  |TAMS 0x0000000503000000| PB 0x0000000502800000| Complete 
| 518|0x0000000503000000, 0x0000000503800000, 0x0000000503800000|100%|HC|  |TAMS 0x0000000503800000| PB 0x0000000503000000| Complete 
| 519|0x0000000503800000, 0x0000000504000000, 0x0000000504000000|100%|HC|  |TAMS 0x0000000504000000| PB 0x0000000503800000| Complete 
| 520|0x0000000504000000, 0x0000000504800000, 0x0000000504800000|100%|HC|  |TAMS 0x0000000504800000| PB 0x0000000504000000| Complete 
| 521|0x0000000504800000, 0x0000000505000000, 0x0000000505000000|100%|HC|  |TAMS 0x0000000505000000| PB 0x0000000504800000| Complete 
| 522|0x0000000505000000, 0x0000000505800000, 0x0000000505800000|100%|HC|  |TAMS 0x0000000505800000| PB 0x0000000505000000| Complete 
| 523|0x0000000505800000, 0x0000000506000000, 0x0000000506000000|100%|HC|  |TAMS 0x0000000506000000| PB 0x0000000505800000| Complete 
| 524|0x0000000506000000, 0x0000000506800000, 0x0000000506800000|100%|HC|  |TAMS 0x0000000506800000| PB 0x0000000506000000| Complete 
| 525|0x0000000506800000, 0x0000000507000000, 0x0000000507000000|100%|HC|  |TAMS 0x0000000507000000| PB 0x0000000506800000| Complete 
| 526|0x0000000507000000, 0x0000000507800000, 0x0000000507800000|100%|HC|  |TAMS 0x0000000507800000| PB 0x0000000507000000| Complete 
| 527|0x0000000507800000, 0x0000000508000000, 0x0000000508000000|100%|HC|  |TAMS 0x0000000508000000| PB 0x0000000507800000| Complete 
| 528|0x0000000508000000, 0x0000000508800000, 0x0000000508800000|100%|HC|  |TAMS 0x0000000508800000| PB 0x0000000508000000| Complete 
| 529|0x0000000508800000, 0x0000000509000000, 0x0000000509000000|100%|HC|  |TAMS 0x0000000509000000| PB 0x0000000508800000| Complete 
| 530|0x0000000509000000, 0x0000000509800000, 0x0000000509800000|100%|HC|  |TAMS 0x0000000509800000| PB 0x0000000509000000| Complete 
| 531|0x0000000509800000, 0x000000050a000000, 0x000000050a000000|100%|HC|  |TAMS 0x000000050a000000| PB 0x0000000509800000| Complete 
| 532|0x000000050a000000, 0x000000050a800000, 0x000000050a800000|100%|HC|  |TAMS 0x000000050a800000| PB 0x000000050a000000| Complete 
| 533|0x000000050a800000, 0x000000050b000000, 0x000000050b000000|100%|HC|  |TAMS 0x000000050b000000| PB 0x000000050a800000| Complete 
| 534|0x000000050b000000, 0x000000050b800000, 0x000000050b800000|100%|HC|  |TAMS 0x000000050b800000| PB 0x000000050b000000| Complete 
| 535|0x000000050b800000, 0x000000050c000000, 0x000000050c000000|100%|HC|  |TAMS 0x000000050c000000| PB 0x000000050b800000| Complete 
| 536|0x000000050c000000, 0x000000050c800000, 0x000000050c800000|100%|HC|  |TAMS 0x000000050c800000| PB 0x000000050c000000| Complete 
| 537|0x000000050c800000, 0x000000050d000000, 0x000000050d000000|100%|HC|  |TAMS 0x000000050d000000| PB 0x000000050c800000| Complete 
| 538|0x000000050d000000, 0x000000050d800000, 0x000000050d800000|100%|HC|  |TAMS 0x000000050d800000| PB 0x000000050d000000| Complete 
| 539|0x000000050d800000, 0x000000050e000000, 0x000000050e000000|100%|HC|  |TAMS 0x000000050e000000| PB 0x000000050d800000| Complete 
| 540|0x000000050e000000, 0x000000050e800000, 0x000000050e800000|100%|HC|  |TAMS 0x000000050e800000| PB 0x000000050e000000| Complete 
| 541|0x000000050e800000, 0x000000050f000000, 0x000000050f000000|100%|HC|  |TAMS 0x000000050f000000| PB 0x000000050e800000| Complete 
| 542|0x000000050f000000, 0x000000050f800000, 0x000000050f800000|100%|HC|  |TAMS 0x000000050f800000| PB 0x000000050f000000| Complete 
| 543|0x000000050f800000, 0x0000000510000000, 0x0000000510000000|100%|HC|  |TAMS 0x0000000510000000| PB 0x000000050f800000| Complete 
| 544|0x0000000510000000, 0x0000000510800000, 0x0000000510800000|100%|HC|  |TAMS 0x0000000510800000| PB 0x0000000510000000| Complete 
| 545|0x0000000510800000, 0x0000000511000000, 0x0000000511000000|100%|HC|  |TAMS 0x0000000511000000| PB 0x0000000510800000| Complete 
| 546|0x0000000511000000, 0x0000000511800000, 0x0000000511800000|100%|HC|  |TAMS 0x0000000511800000| PB 0x0000000511000000| Complete 
| 547|0x0000000511800000, 0x0000000512000000, 0x0000000512000000|100%|HC|  |TAMS 0x0000000512000000| PB 0x0000000511800000| Complete 
| 548|0x0000000512000000, 0x0000000512800000, 0x0000000512800000|100%|HC|  |TAMS 0x0000000512800000| PB 0x0000000512000000| Complete 
| 549|0x0000000512800000, 0x0000000513000000, 0x0000000513000000|100%|HC|  |TAMS 0x0000000513000000| PB 0x0000000512800000| Complete 
| 550|0x0000000513000000, 0x0000000513800000, 0x0000000513800000|100%|HC|  |TAMS 0x0000000513800000| PB 0x0000000513000000| Complete 
| 551|0x0000000513800000, 0x0000000514000000, 0x0000000514000000|100%|HC|  |TAMS 0x0000000514000000| PB 0x0000000513800000| Complete 
| 552|0x0000000514000000, 0x0000000514800000, 0x0000000514800000|100%|HC|  |TAMS 0x0000000514800000| PB 0x0000000514000000| Complete 
| 553|0x0000000514800000, 0x0000000515000000, 0x0000000515000000|100%|HC|  |TAMS 0x0000000515000000| PB 0x0000000514800000| Complete 
| 554|0x0000000515000000, 0x0000000515800000, 0x0000000515800000|100%|HC|  |TAMS 0x0000000515800000| PB 0x0000000515000000| Complete 
| 555|0x0000000515800000, 0x0000000516000000, 0x0000000516000000|100%|HC|  |TAMS 0x0000000516000000| PB 0x0000000515800000| Complete 
| 556|0x0000000516000000, 0x0000000516800000, 0x0000000516800000|100%|HC|  |TAMS 0x0000000516800000| PB 0x0000000516000000| Complete 
| 557|0x0000000516800000, 0x0000000517000000, 0x0000000517000000|100%|HC|  |TAMS 0x0000000517000000| PB 0x0000000516800000| Complete 
| 558|0x0000000517000000, 0x0000000517800000, 0x0000000517800000|100%|HC|  |TAMS 0x0000000517800000| PB 0x0000000517000000| Complete 
| 559|0x0000000517800000, 0x0000000518000000, 0x0000000518000000|100%|HC|  |TAMS 0x0000000518000000| PB 0x0000000517800000| Complete 
| 560|0x0000000518000000, 0x0000000518800000, 0x0000000518800000|100%|HC|  |TAMS 0x0000000518800000| PB 0x0000000518000000| Complete 
| 561|0x0000000518800000, 0x0000000519000000, 0x0000000519000000|100%|HC|  |TAMS 0x0000000519000000| PB 0x0000000518800000| Complete 
| 562|0x0000000519000000, 0x0000000519800000, 0x0000000519800000|100%|HC|  |TAMS 0x0000000519800000| PB 0x0000000519000000| Complete 
| 563|0x0000000519800000, 0x000000051a000000, 0x000000051a000000|100%|HC|  |TAMS 0x000000051a000000| PB 0x0000000519800000| Complete 
| 564|0x000000051a000000, 0x000000051a800000, 0x000000051a800000|100%|HC|  |TAMS 0x000000051a800000| PB 0x000000051a000000| Complete 
| 565|0x000000051a800000, 0x000000051b000000, 0x000000051b000000|100%|HC|  |TAMS 0x000000051b000000| PB 0x000000051a800000| Complete 
| 566|0x000000051b000000, 0x000000051b800000, 0x000000051b800000|100%|HC|  |TAMS 0x000000051b800000| PB 0x000000051b000000| Complete 
| 567|0x000000051b800000, 0x000000051c000000, 0x000000051c000000|100%|HC|  |TAMS 0x000000051c000000| PB 0x000000051b800000| Complete 
| 568|0x000000051c000000, 0x000000051c800000, 0x000000051c800000|100%|HC|  |TAMS 0x000000051c800000| PB 0x000000051c000000| Complete 
| 569|0x000000051c800000, 0x000000051d000000, 0x000000051d000000|100%|HC|  |TAMS 0x000000051d000000| PB 0x000000051c800000| Complete 
| 570|0x000000051d000000, 0x000000051d800000, 0x000000051d800000|100%|HC|  |TAMS 0x000000051d800000| PB 0x000000051d000000| Complete 
| 571|0x000000051d800000, 0x000000051e000000, 0x000000051e000000|100%|HC|  |TAMS 0x000000051e000000| PB 0x000000051d800000| Complete 
| 572|0x000000051e000000, 0x000000051e800000, 0x000000051e800000|100%|HC|  |TAMS 0x000000051e800000| PB 0x000000051e000000| Complete 
| 573|0x000000051e800000, 0x000000051f000000, 0x000000051f000000|100%|HC|  |TAMS 0x000000051f000000| PB 0x000000051e800000| Complete 
| 574|0x000000051f000000, 0x000000051f800000, 0x000000051f800000|100%|HC|  |TAMS 0x000000051f800000| PB 0x000000051f000000| Complete 
| 575|0x000000051f800000, 0x0000000520000000, 0x0000000520000000|100%|HC|  |TAMS 0x0000000520000000| PB 0x000000051f800000| Complete 
| 576|0x0000000520000000, 0x0000000520800000, 0x0000000520800000|100%|HC|  |TAMS 0x0000000520800000| PB 0x0000000520000000| Complete 
| 577|0x0000000520800000, 0x0000000521000000, 0x0000000521000000|100%|HC|  |TAMS 0x0000000521000000| PB 0x0000000520800000| Complete 
| 578|0x0000000521000000, 0x0000000521800000, 0x0000000521800000|100%|HC|  |TAMS 0x0000000521800000| PB 0x0000000521000000| Complete 
| 579|0x0000000521800000, 0x0000000522000000, 0x0000000522000000|100%|HC|  |TAMS 0x0000000522000000| PB 0x0000000521800000| Complete 
| 580|0x0000000522000000, 0x0000000522800000, 0x0000000522800000|100%|HC|  |TAMS 0x0000000522800000| PB 0x0000000522000000| Complete 
| 581|0x0000000522800000, 0x0000000523000000, 0x0000000523000000|100%|HC|  |TAMS 0x0000000523000000| PB 0x0000000522800000| Complete 
| 582|0x0000000523000000, 0x0000000523800000, 0x0000000523800000|100%|HC|  |TAMS 0x0000000523800000| PB 0x0000000523000000| Complete 
| 583|0x0000000523800000, 0x0000000524000000, 0x0000000524000000|100%|HC|  |TAMS 0x0000000524000000| PB 0x0000000523800000| Complete 
| 584|0x0000000524000000, 0x0000000524800000, 0x0000000524800000|100%|HC|  |TAMS 0x0000000524800000| PB 0x0000000524000000| Complete 
| 585|0x0000000524800000, 0x0000000525000000, 0x0000000525000000|100%|HC|  |TAMS 0x0000000525000000| PB 0x0000000524800000| Complete 
| 586|0x0000000525000000, 0x0000000525800000, 0x0000000525800000|100%|HC|  |TAMS 0x0000000525800000| PB 0x0000000525000000| Complete 
| 587|0x0000000525800000, 0x0000000526000000, 0x0000000526000000|100%|HC|  |TAMS 0x0000000526000000| PB 0x0000000525800000| Complete 
| 588|0x0000000526000000, 0x0000000526800000, 0x0000000526800000|100%|HC|  |TAMS 0x0000000526800000| PB 0x0000000526000000| Complete 
| 589|0x0000000526800000, 0x0000000527000000, 0x0000000527000000|100%|HC|  |TAMS 0x0000000527000000| PB 0x0000000526800000| Complete 
| 590|0x0000000527000000, 0x0000000527800000, 0x0000000527800000|100%|HC|  |TAMS 0x0000000527800000| PB 0x0000000527000000| Complete 
| 591|0x0000000527800000, 0x0000000528000000, 0x0000000528000000|100%|HC|  |TAMS 0x0000000528000000| PB 0x0000000527800000| Complete 
| 592|0x0000000528000000, 0x0000000528800000, 0x0000000528800000|100%|HC|  |TAMS 0x0000000528800000| PB 0x0000000528000000| Complete 
| 593|0x0000000528800000, 0x0000000529000000, 0x0000000529000000|100%|HC|  |TAMS 0x0000000529000000| PB 0x0000000528800000| Complete 
| 594|0x0000000529000000, 0x0000000529800000, 0x0000000529800000|100%|HC|  |TAMS 0x0000000529800000| PB 0x0000000529000000| Complete 
| 595|0x0000000529800000, 0x000000052a000000, 0x000000052a000000|100%|HC|  |TAMS 0x000000052a000000| PB 0x0000000529800000| Complete 
| 596|0x000000052a000000, 0x000000052a800000, 0x000000052a800000|100%|HC|  |TAMS 0x000000052a800000| PB 0x000000052a000000| Complete 
| 597|0x000000052a800000, 0x000000052b000000, 0x000000052b000000|100%|HC|  |TAMS 0x000000052b000000| PB 0x000000052a800000| Complete 
| 598|0x000000052b000000, 0x000000052b800000, 0x000000052b800000|100%|HC|  |TAMS 0x000000052b800000| PB 0x000000052b000000| Complete 
| 599|0x000000052b800000, 0x000000052c000000, 0x000000052c000000|100%|HC|  |TAMS 0x000000052c000000| PB 0x000000052b800000| Complete 
| 600|0x000000052c000000, 0x000000052c800000, 0x000000052c800000|100%|HC|  |TAMS 0x000000052c800000| PB 0x000000052c000000| Complete 
| 601|0x000000052c800000, 0x000000052d000000, 0x000000052d000000|100%|HC|  |TAMS 0x000000052d000000| PB 0x000000052c800000| Complete 
| 602|0x000000052d000000, 0x000000052d800000, 0x000000052d800000|100%|HC|  |TAMS 0x000000052d800000| PB 0x000000052d000000| Complete 
| 603|0x000000052d800000, 0x000000052e000000, 0x000000052e000000|100%|HC|  |TAMS 0x000000052e000000| PB 0x000000052d800000| Complete 
| 604|0x000000052e000000, 0x000000052e800000, 0x000000052e800000|100%|HC|  |TAMS 0x000000052e800000| PB 0x000000052e000000| Complete 
| 605|0x000000052e800000, 0x000000052f000000, 0x000000052f000000|100%|HC|  |TAMS 0x000000052f000000| PB 0x000000052e800000| Complete 
| 606|0x000000052f000000, 0x000000052f800000, 0x000000052f800000|100%|HC|  |TAMS 0x000000052f800000| PB 0x000000052f000000| Complete 
| 607|0x000000052f800000, 0x0000000530000000, 0x0000000530000000|100%|HC|  |TAMS 0x0000000530000000| PB 0x000000052f800000| Complete 
| 608|0x0000000530000000, 0x0000000530800000, 0x0000000530800000|100%|HC|  |TAMS 0x0000000530800000| PB 0x0000000530000000| Complete 
| 609|0x0000000530800000, 0x0000000531000000, 0x0000000531000000|100%|HC|  |TAMS 0x0000000531000000| PB 0x0000000530800000| Complete 
| 610|0x0000000531000000, 0x0000000531800000, 0x0000000531800000|100%|HC|  |TAMS 0x0000000531800000| PB 0x0000000531000000| Complete 
| 611|0x0000000531800000, 0x0000000532000000, 0x0000000532000000|100%|HC|  |TAMS 0x0000000532000000| PB 0x0000000531800000| Complete 
| 612|0x0000000532000000, 0x0000000532800000, 0x0000000532800000|100%|HC|  |TAMS 0x0000000532800000| PB 0x0000000532000000| Complete 
| 613|0x0000000532800000, 0x0000000533000000, 0x0000000533000000|100%|HC|  |TAMS 0x0000000533000000| PB 0x0000000532800000| Complete 
| 614|0x0000000533000000, 0x0000000533800000, 0x0000000533800000|100%|HC|  |TAMS 0x0000000533800000| PB 0x0000000533000000| Complete 
| 615|0x0000000533800000, 0x0000000534000000, 0x0000000534000000|100%|HC|  |TAMS 0x0000000534000000| PB 0x0000000533800000| Complete 
| 616|0x0000000534000000, 0x0000000534800000, 0x0000000534800000|100%|HC|  |TAMS 0x0000000534800000| PB 0x0000000534000000| Complete 
| 617|0x0000000534800000, 0x0000000535000000, 0x0000000535000000|100%|HC|  |TAMS 0x0000000535000000| PB 0x0000000534800000| Complete 
| 618|0x0000000535000000, 0x0000000535800000, 0x0000000535800000|100%|HC|  |TAMS 0x0000000535800000| PB 0x0000000535000000| Complete 
| 619|0x0000000535800000, 0x0000000536000000, 0x0000000536000000|100%|HC|  |TAMS 0x0000000536000000| PB 0x0000000535800000| Complete 
| 620|0x0000000536000000, 0x0000000536800000, 0x0000000536800000|100%|HC|  |TAMS 0x0000000536800000| PB 0x0000000536000000| Complete 
| 621|0x0000000536800000, 0x0000000537000000, 0x0000000537000000|100%|HC|  |TAMS 0x0000000537000000| PB 0x0000000536800000| Complete 
| 622|0x0000000537000000, 0x0000000537800000, 0x0000000537800000|100%|HC|  |TAMS 0x0000000537800000| PB 0x0000000537000000| Complete 
| 623|0x0000000537800000, 0x0000000538000000, 0x0000000538000000|100%|HC|  |TAMS 0x0000000538000000| PB 0x0000000537800000| Complete 
| 624|0x0000000538000000, 0x0000000538800000, 0x0000000538800000|100%|HC|  |TAMS 0x0000000538800000| PB 0x0000000538000000| Complete 
| 625|0x0000000538800000, 0x0000000539000000, 0x0000000539000000|100%|HC|  |TAMS 0x0000000539000000| PB 0x0000000538800000| Complete 
| 626|0x0000000539000000, 0x0000000539800000, 0x0000000539800000|100%|HC|  |TAMS 0x0000000539800000| PB 0x0000000539000000| Complete 
| 627|0x0000000539800000, 0x000000053a000000, 0x000000053a000000|100%|HC|  |TAMS 0x000000053a000000| PB 0x0000000539800000| Complete 
| 628|0x000000053a000000, 0x000000053a800000, 0x000000053a800000|100%|HC|  |TAMS 0x000000053a800000| PB 0x000000053a000000| Complete 
| 629|0x000000053a800000, 0x000000053b000000, 0x000000053b000000|100%|HC|  |TAMS 0x000000053b000000| PB 0x000000053a800000| Complete 
| 630|0x000000053b000000, 0x000000053b800000, 0x000000053b800000|100%|HC|  |TAMS 0x000000053b800000| PB 0x000000053b000000| Complete 
| 631|0x000000053b800000, 0x000000053c000000, 0x000000053c000000|100%|HC|  |TAMS 0x000000053c000000| PB 0x000000053b800000| Complete 
| 632|0x000000053c000000, 0x000000053c800000, 0x000000053c800000|100%|HC|  |TAMS 0x000000053c800000| PB 0x000000053c000000| Complete 
| 633|0x000000053c800000, 0x000000053d000000, 0x000000053d000000|100%|HC|  |TAMS 0x000000053d000000| PB 0x000000053c800000| Complete 
| 634|0x000000053d000000, 0x000000053d800000, 0x000000053d800000|100%|HC|  |TAMS 0x000000053d800000| PB 0x000000053d000000| Complete 
| 635|0x000000053d800000, 0x000000053e000000, 0x000000053e000000|100%|HC|  |TAMS 0x000000053e000000| PB 0x000000053d800000| Complete 
| 636|0x000000053e000000, 0x000000053e800000, 0x000000053e800000|100%|HC|  |TAMS 0x000000053e800000| PB 0x000000053e000000| Complete 
| 637|0x000000053e800000, 0x000000053f000000, 0x000000053f000000|100%|HC|  |TAMS 0x000000053f000000| PB 0x000000053e800000| Complete 
| 638|0x000000053f000000, 0x000000053f800000, 0x000000053f800000|100%|HC|  |TAMS 0x000000053f800000| PB 0x000000053f000000| Complete 
| 639|0x000000053f800000, 0x0000000540000000, 0x0000000540000000|100%|HC|  |TAMS 0x0000000540000000| PB 0x000000053f800000| Complete 
| 640|0x0000000540000000, 0x0000000540800000, 0x0000000540800000|100%|HC|  |TAMS 0x0000000540800000| PB 0x0000000540000000| Complete 
| 641|0x0000000540800000, 0x0000000541000000, 0x0000000541000000|100%|HC|  |TAMS 0x0000000541000000| PB 0x0000000540800000| Complete 
| 642|0x0000000541000000, 0x0000000541800000, 0x0000000541800000|100%|HC|  |TAMS 0x0000000541800000| PB 0x0000000541000000| Complete 
| 643|0x0000000541800000, 0x0000000542000000, 0x0000000542000000|100%|HC|  |TAMS 0x0000000542000000| PB 0x0000000541800000| Complete 
| 644|0x0000000542000000, 0x0000000542800000, 0x0000000542800000|100%|HC|  |TAMS 0x0000000542800000| PB 0x0000000542000000| Complete 
| 645|0x0000000542800000, 0x0000000543000000, 0x0000000543000000|100%|HC|  |TAMS 0x0000000543000000| PB 0x0000000542800000| Complete 
| 646|0x0000000543000000, 0x0000000543800000, 0x0000000543800000|100%|HC|  |TAMS 0x0000000543800000| PB 0x0000000543000000| Complete 
| 647|0x0000000543800000, 0x0000000544000000, 0x0000000544000000|100%|HC|  |TAMS 0x0000000544000000| PB 0x0000000543800000| Complete 
| 648|0x0000000544000000, 0x0000000544800000, 0x0000000544800000|100%|HC|  |TAMS 0x0000000544800000| PB 0x0000000544000000| Complete 
| 649|0x0000000544800000, 0x0000000545000000, 0x0000000545000000|100%|HC|  |TAMS 0x0000000545000000| PB 0x0000000544800000| Complete 
| 650|0x0000000545000000, 0x0000000545800000, 0x0000000545800000|100%|HC|  |TAMS 0x0000000545800000| PB 0x0000000545000000| Complete 
| 651|0x0000000545800000, 0x0000000546000000, 0x0000000546000000|100%|HC|  |TAMS 0x0000000546000000| PB 0x0000000545800000| Complete 
| 652|0x0000000546000000, 0x0000000546800000, 0x0000000546800000|100%|HC|  |TAMS 0x0000000546800000| PB 0x0000000546000000| Complete 
| 653|0x0000000546800000, 0x0000000547000000, 0x0000000547000000|100%|HC|  |TAMS 0x0000000547000000| PB 0x0000000546800000| Complete 
| 654|0x0000000547000000, 0x0000000547800000, 0x0000000547800000|100%|HC|  |TAMS 0x0000000547800000| PB 0x0000000547000000| Complete 
| 655|0x0000000547800000, 0x0000000548000000, 0x0000000548000000|100%|HC|  |TAMS 0x0000000548000000| PB 0x0000000547800000| Complete 
| 656|0x0000000548000000, 0x0000000548800000, 0x0000000548800000|100%|HC|  |TAMS 0x0000000548800000| PB 0x0000000548000000| Complete 
| 657|0x0000000548800000, 0x0000000549000000, 0x0000000549000000|100%|HC|  |TAMS 0x0000000549000000| PB 0x0000000548800000| Complete 
| 658|0x0000000549000000, 0x0000000549800000, 0x0000000549800000|100%|HC|  |TAMS 0x0000000549800000| PB 0x0000000549000000| Complete 
| 659|0x0000000549800000, 0x000000054a000000, 0x000000054a000000|100%|HC|  |TAMS 0x000000054a000000| PB 0x0000000549800000| Complete 
| 660|0x000000054a000000, 0x000000054a800000, 0x000000054a800000|100%|HC|  |TAMS 0x000000054a800000| PB 0x000000054a000000| Complete 
| 661|0x000000054a800000, 0x000000054b000000, 0x000000054b000000|100%|HC|  |TAMS 0x000000054b000000| PB 0x000000054a800000| Complete 
| 662|0x000000054b000000, 0x000000054b800000, 0x000000054b800000|100%|HC|  |TAMS 0x000000054b800000| PB 0x000000054b000000| Complete 
| 663|0x000000054b800000, 0x000000054c000000, 0x000000054c000000|100%|HC|  |TAMS 0x000000054c000000| PB 0x000000054b800000| Complete 
| 664|0x000000054c000000, 0x000000054c800000, 0x000000054c800000|100%|HC|  |TAMS 0x000000054c800000| PB 0x000000054c000000| Complete 
| 665|0x000000054c800000, 0x000000054d000000, 0x000000054d000000|100%|HC|  |TAMS 0x000000054d000000| PB 0x000000054c800000| Complete 
| 666|0x000000054d000000, 0x000000054d800000, 0x000000054d800000|100%|HC|  |TAMS 0x000000054d800000| PB 0x000000054d000000| Complete 
| 667|0x000000054d800000, 0x000000054e000000, 0x000000054e000000|100%|HC|  |TAMS 0x000000054e000000| PB 0x000000054d800000| Complete 
| 668|0x000000054e000000, 0x000000054e800000, 0x000000054e800000|100%|HC|  |TAMS 0x000000054e800000| PB 0x000000054e000000| Complete 
| 669|0x000000054e800000, 0x000000054f000000, 0x000000054f000000|100%|HC|  |TAMS 0x000000054f000000| PB 0x000000054e800000| Complete 
| 670|0x000000054f000000, 0x000000054f800000, 0x000000054f800000|100%|HC|  |TAMS 0x000000054f800000| PB 0x000000054f000000| Complete 
| 671|0x000000054f800000, 0x0000000550000000, 0x0000000550000000|100%|HC|  |TAMS 0x0000000550000000| PB 0x000000054f800000| Complete 
| 672|0x0000000550000000, 0x0000000550800000, 0x0000000550800000|100%|HC|  |TAMS 0x0000000550800000| PB 0x0000000550000000| Complete 
| 673|0x0000000550800000, 0x0000000551000000, 0x0000000551000000|100%|HC|  |TAMS 0x0000000551000000| PB 0x0000000550800000| Complete 
| 674|0x0000000551000000, 0x0000000551800000, 0x0000000551800000|100%|HC|  |TAMS 0x0000000551800000| PB 0x0000000551000000| Complete 
| 675|0x0000000551800000, 0x0000000552000000, 0x0000000552000000|100%|HC|  |TAMS 0x0000000552000000| PB 0x0000000551800000| Complete 
| 676|0x0000000552000000, 0x0000000552800000, 0x0000000552800000|100%|HC|  |TAMS 0x0000000552800000| PB 0x0000000552000000| Complete 
| 677|0x0000000552800000, 0x0000000553000000, 0x0000000553000000|100%|HC|  |TAMS 0x0000000553000000| PB 0x0000000552800000| Complete 
| 678|0x0000000553000000, 0x0000000553800000, 0x0000000553800000|100%|HC|  |TAMS 0x0000000553800000| PB 0x0000000553000000| Complete 
| 679|0x0000000553800000, 0x0000000554000000, 0x0000000554000000|100%|HC|  |TAMS 0x0000000554000000| PB 0x0000000553800000| Complete 
| 680|0x0000000554000000, 0x0000000554800000, 0x0000000554800000|100%|HC|  |TAMS 0x0000000554800000| PB 0x0000000554000000| Complete 
| 681|0x0000000554800000, 0x0000000555000000, 0x0000000555000000|100%|HC|  |TAMS 0x0000000555000000| PB 0x0000000554800000| Complete 
| 682|0x0000000555000000, 0x0000000555800000, 0x0000000555800000|100%|HC|  |TAMS 0x0000000555800000| PB 0x0000000555000000| Complete 
| 683|0x0000000555800000, 0x0000000556000000, 0x0000000556000000|100%|HC|  |TAMS 0x0000000556000000| PB 0x0000000555800000| Complete 
| 684|0x0000000556000000, 0x0000000556800000, 0x0000000556800000|100%|HC|  |TAMS 0x0000000556800000| PB 0x0000000556000000| Complete 
| 685|0x0000000556800000, 0x0000000557000000, 0x0000000557000000|100%|HC|  |TAMS 0x0000000557000000| PB 0x0000000556800000| Complete 
| 686|0x0000000557000000, 0x0000000557800000, 0x0000000557800000|100%|HC|  |TAMS 0x0000000557800000| PB 0x0000000557000000| Complete 
| 687|0x0000000557800000, 0x0000000558000000, 0x0000000558000000|100%|HC|  |TAMS 0x0000000558000000| PB 0x0000000557800000| Complete 
| 688|0x0000000558000000, 0x0000000558800000, 0x0000000558800000|100%|HC|  |TAMS 0x0000000558800000| PB 0x0000000558000000| Complete 
| 689|0x0000000558800000, 0x0000000559000000, 0x0000000559000000|100%|HC|  |TAMS 0x0000000559000000| PB 0x0000000558800000| Complete 
| 690|0x0000000559000000, 0x0000000559800000, 0x0000000559800000|100%|HC|  |TAMS 0x0000000559800000| PB 0x0000000559000000| Complete 
| 691|0x0000000559800000, 0x000000055a000000, 0x000000055a000000|100%|HC|  |TAMS 0x000000055a000000| PB 0x0000000559800000| Complete 
| 692|0x000000055a000000, 0x000000055a800000, 0x000000055a800000|100%|HC|  |TAMS 0x000000055a800000| PB 0x000000055a000000| Complete 
| 693|0x000000055a800000, 0x000000055b000000, 0x000000055b000000|100%|HC|  |TAMS 0x000000055b000000| PB 0x000000055a800000| Complete 
| 694|0x000000055b000000, 0x000000055b800000, 0x000000055b800000|100%|HC|  |TAMS 0x000000055b800000| PB 0x000000055b000000| Complete 
| 695|0x000000055b800000, 0x000000055c000000, 0x000000055c000000|100%|HC|  |TAMS 0x000000055c000000| PB 0x000000055b800000| Complete 
| 696|0x000000055c000000, 0x000000055c800000, 0x000000055c800000|100%|HC|  |TAMS 0x000000055c800000| PB 0x000000055c000000| Complete 
| 697|0x000000055c800000, 0x000000055d000000, 0x000000055d000000|100%|HC|  |TAMS 0x000000055d000000| PB 0x000000055c800000| Complete 
| 698|0x000000055d000000, 0x000000055d800000, 0x000000055d800000|100%|HC|  |TAMS 0x000000055d800000| PB 0x000000055d000000| Complete 
| 699|0x000000055d800000, 0x000000055e000000, 0x000000055e000000|100%|HC|  |TAMS 0x000000055e000000| PB 0x000000055d800000| Complete 
| 700|0x000000055e000000, 0x000000055e800000, 0x000000055e800000|100%|HC|  |TAMS 0x000000055e800000| PB 0x000000055e000000| Complete 
| 701|0x000000055e800000, 0x000000055f000000, 0x000000055f000000|100%|HC|  |TAMS 0x000000055f000000| PB 0x000000055e800000| Complete 
| 702|0x000000055f000000, 0x000000055f800000, 0x000000055f800000|100%|HC|  |TAMS 0x000000055f800000| PB 0x000000055f000000| Complete 
| 703|0x000000055f800000, 0x0000000560000000, 0x0000000560000000|100%|HC|  |TAMS 0x0000000560000000| PB 0x000000055f800000| Complete 
| 704|0x0000000560000000, 0x0000000560800000, 0x0000000560800000|100%|HC|  |TAMS 0x0000000560800000| PB 0x0000000560000000| Complete 
| 705|0x0000000560800000, 0x0000000561000000, 0x0000000561000000|100%|HC|  |TAMS 0x0000000561000000| PB 0x0000000560800000| Complete 
| 706|0x0000000561000000, 0x0000000561800000, 0x0000000561800000|100%|HC|  |TAMS 0x0000000561800000| PB 0x0000000561000000| Complete 
| 707|0x0000000561800000, 0x0000000562000000, 0x0000000562000000|100%|HC|  |TAMS 0x0000000562000000| PB 0x0000000561800000| Complete 
| 708|0x0000000562000000, 0x0000000562800000, 0x0000000562800000|100%|HC|  |TAMS 0x0000000562800000| PB 0x0000000562000000| Complete 
| 709|0x0000000562800000, 0x0000000563000000, 0x0000000563000000|100%|HC|  |TAMS 0x0000000563000000| PB 0x0000000562800000| Complete 
| 710|0x0000000563000000, 0x0000000563800000, 0x0000000563800000|100%|HC|  |TAMS 0x0000000563800000| PB 0x0000000563000000| Complete 
| 711|0x0000000563800000, 0x0000000564000000, 0x0000000564000000|100%|HC|  |TAMS 0x0000000564000000| PB 0x0000000563800000| Complete 
| 712|0x0000000564000000, 0x0000000564800000, 0x0000000564800000|100%|HC|  |TAMS 0x0000000564800000| PB 0x0000000564000000| Complete 
| 713|0x0000000564800000, 0x0000000565000000, 0x0000000565000000|100%|HC|  |TAMS 0x0000000565000000| PB 0x0000000564800000| Complete 
| 714|0x0000000565000000, 0x0000000565800000, 0x0000000565800000|100%|HC|  |TAMS 0x0000000565800000| PB 0x0000000565000000| Complete 
| 715|0x0000000565800000, 0x0000000566000000, 0x0000000566000000|100%|HC|  |TAMS 0x0000000566000000| PB 0x0000000565800000| Complete 
| 716|0x0000000566000000, 0x0000000566800000, 0x0000000566800000|100%|HC|  |TAMS 0x0000000566800000| PB 0x0000000566000000| Complete 
| 717|0x0000000566800000, 0x0000000567000000, 0x0000000567000000|100%|HC|  |TAMS 0x0000000567000000| PB 0x0000000566800000| Complete 
| 718|0x0000000567000000, 0x0000000567800000, 0x0000000567800000|100%|HC|  |TAMS 0x0000000567800000| PB 0x0000000567000000| Complete 
| 719|0x0000000567800000, 0x0000000568000000, 0x0000000568000000|100%|HC|  |TAMS 0x0000000568000000| PB 0x0000000567800000| Complete 
| 720|0x0000000568000000, 0x0000000568800000, 0x0000000568800000|100%|HC|  |TAMS 0x0000000568800000| PB 0x0000000568000000| Complete 
| 721|0x0000000568800000, 0x0000000569000000, 0x0000000569000000|100%|HC|  |TAMS 0x0000000569000000| PB 0x0000000568800000| Complete 
| 722|0x0000000569000000, 0x0000000569800000, 0x0000000569800000|100%|HC|  |TAMS 0x0000000569800000| PB 0x0000000569000000| Complete 
| 723|0x0000000569800000, 0x000000056a000000, 0x000000056a000000|100%|HC|  |TAMS 0x000000056a000000| PB 0x0000000569800000| Complete 
| 724|0x000000056a000000, 0x000000056a800000, 0x000000056a800000|100%|HC|  |TAMS 0x000000056a800000| PB 0x000000056a000000| Complete 
| 725|0x000000056a800000, 0x000000056b000000, 0x000000056b000000|100%|HC|  |TAMS 0x000000056b000000| PB 0x000000056a800000| Complete 
| 726|0x000000056b000000, 0x000000056b800000, 0x000000056b800000|100%|HC|  |TAMS 0x000000056b800000| PB 0x000000056b000000| Complete 
| 727|0x000000056b800000, 0x000000056c000000, 0x000000056c000000|100%|HC|  |TAMS 0x000000056c000000| PB 0x000000056b800000| Complete 
| 728|0x000000056c000000, 0x000000056c800000, 0x000000056c800000|100%|HC|  |TAMS 0x000000056c800000| PB 0x000000056c000000| Complete 
| 729|0x000000056c800000, 0x000000056d000000, 0x000000056d000000|100%|HC|  |TAMS 0x000000056d000000| PB 0x000000056c800000| Complete 
| 730|0x000000056d000000, 0x000000056d800000, 0x000000056d800000|100%|HC|  |TAMS 0x000000056d800000| PB 0x000000056d000000| Complete 
| 731|0x000000056d800000, 0x000000056e000000, 0x000000056e000000|100%|HC|  |TAMS 0x000000056e000000| PB 0x000000056d800000| Complete 
| 732|0x000000056e000000, 0x000000056e800000, 0x000000056e800000|100%|HC|  |TAMS 0x000000056e800000| PB 0x000000056e000000| Complete 
| 733|0x000000056e800000, 0x000000056f000000, 0x000000056f000000|100%|HC|  |TAMS 0x000000056f000000| PB 0x000000056e800000| Complete 
| 734|0x000000056f000000, 0x000000056f800000, 0x000000056f800000|100%|HC|  |TAMS 0x000000056f800000| PB 0x000000056f000000| Complete 
| 735|0x000000056f800000, 0x0000000570000000, 0x0000000570000000|100%|HC|  |TAMS 0x0000000570000000| PB 0x000000056f800000| Complete 
| 736|0x0000000570000000, 0x0000000570800000, 0x0000000570800000|100%|HC|  |TAMS 0x0000000570800000| PB 0x0000000570000000| Complete 
| 737|0x0000000570800000, 0x0000000571000000, 0x0000000571000000|100%|HC|  |TAMS 0x0000000571000000| PB 0x0000000570800000| Complete 
| 738|0x0000000571000000, 0x0000000571800000, 0x0000000571800000|100%|HC|  |TAMS 0x0000000571800000| PB 0x0000000571000000| Complete 
| 739|0x0000000571800000, 0x0000000572000000, 0x0000000572000000|100%|HC|  |TAMS 0x0000000572000000| PB 0x0000000571800000| Complete 
| 740|0x0000000572000000, 0x0000000572800000, 0x0000000572800000|100%|HC|  |TAMS 0x0000000572800000| PB 0x0000000572000000| Complete 
| 741|0x0000000572800000, 0x0000000573000000, 0x0000000573000000|100%|HC|  |TAMS 0x0000000573000000| PB 0x0000000572800000| Complete 
| 742|0x0000000573000000, 0x0000000573800000, 0x0000000573800000|100%|HC|  |TAMS 0x0000000573800000| PB 0x0000000573000000| Complete 
| 743|0x0000000573800000, 0x0000000574000000, 0x0000000574000000|100%|HC|  |TAMS 0x0000000574000000| PB 0x0000000573800000| Complete 
| 744|0x0000000574000000, 0x0000000574800000, 0x0000000574800000|100%|HC|  |TAMS 0x0000000574800000| PB 0x0000000574000000| Complete 
| 745|0x0000000574800000, 0x0000000575000000, 0x0000000575000000|100%|HC|  |TAMS 0x0000000575000000| PB 0x0000000574800000| Complete 
| 746|0x0000000575000000, 0x0000000575800000, 0x0000000575800000|100%|HC|  |TAMS 0x0000000575800000| PB 0x0000000575000000| Complete 
| 747|0x0000000575800000, 0x0000000576000000, 0x0000000576000000|100%|HC|  |TAMS 0x0000000576000000| PB 0x0000000575800000| Complete 
| 748|0x0000000576000000, 0x0000000576800000, 0x0000000576800000|100%|HC|  |TAMS 0x0000000576800000| PB 0x0000000576000000| Complete 
| 749|0x0000000576800000, 0x0000000577000000, 0x0000000577000000|100%|HC|  |TAMS 0x0000000577000000| PB 0x0000000576800000| Complete 
| 750|0x0000000577000000, 0x0000000577800000, 0x0000000577800000|100%|HC|  |TAMS 0x0000000577800000| PB 0x0000000577000000| Complete 
| 751|0x0000000577800000, 0x0000000578000000, 0x0000000578000000|100%|HC|  |TAMS 0x0000000578000000| PB 0x0000000577800000| Complete 
| 752|0x0000000578000000, 0x0000000578800000, 0x0000000578800000|100%|HC|  |TAMS 0x0000000578800000| PB 0x0000000578000000| Complete 
| 753|0x0000000578800000, 0x0000000579000000, 0x0000000579000000|100%|HC|  |TAMS 0x0000000579000000| PB 0x0000000578800000| Complete 
| 754|0x0000000579000000, 0x0000000579800000, 0x0000000579800000|100%|HC|  |TAMS 0x0000000579800000| PB 0x0000000579000000| Complete 
| 755|0x0000000579800000, 0x000000057a000000, 0x000000057a000000|100%|HC|  |TAMS 0x000000057a000000| PB 0x0000000579800000| Complete 
| 756|0x000000057a000000, 0x000000057a800000, 0x000000057a800000|100%|HC|  |TAMS 0x000000057a800000| PB 0x000000057a000000| Complete 
| 757|0x000000057a800000, 0x000000057b000000, 0x000000057b000000|100%|HC|  |TAMS 0x000000057b000000| PB 0x000000057a800000| Complete 
| 758|0x000000057b000000, 0x000000057b800000, 0x000000057b800000|100%|HC|  |TAMS 0x000000057b800000| PB 0x000000057b000000| Complete 
| 759|0x000000057b800000, 0x000000057c000000, 0x000000057c000000|100%|HC|  |TAMS 0x000000057c000000| PB 0x000000057b800000| Complete 
| 760|0x000000057c000000, 0x000000057c800000, 0x000000057c800000|100%|HC|  |TAMS 0x000000057c800000| PB 0x000000057c000000| Complete 
| 761|0x000000057c800000, 0x000000057d000000, 0x000000057d000000|100%|HC|  |TAMS 0x000000057d000000| PB 0x000000057c800000| Complete 
| 762|0x000000057d000000, 0x000000057d800000, 0x000000057d800000|100%|HC|  |TAMS 0x000000057d800000| PB 0x000000057d000000| Complete 
| 763|0x000000057d800000, 0x000000057e000000, 0x000000057e000000|100%|HC|  |TAMS 0x000000057e000000| PB 0x000000057d800000| Complete 
| 764|0x000000057e000000, 0x000000057e800000, 0x000000057e800000|100%|HC|  |TAMS 0x000000057e800000| PB 0x000000057e000000| Complete 
| 765|0x000000057e800000, 0x000000057f000000, 0x000000057f000000|100%|HC|  |TAMS 0x000000057f000000| PB 0x000000057e800000| Complete 
| 766|0x000000057f000000, 0x000000057f800000, 0x000000057f800000|100%|HC|  |TAMS 0x000000057f800000| PB 0x000000057f000000| Complete 
| 767|0x000000057f800000, 0x0000000580000000, 0x0000000580000000|100%|HC|  |TAMS 0x0000000580000000| PB 0x000000057f800000| Complete 
| 768|0x0000000580000000, 0x0000000580800000, 0x0000000580800000|100%|HC|  |TAMS 0x0000000580800000| PB 0x0000000580000000| Complete 
| 769|0x0000000580800000, 0x0000000581000000, 0x0000000581000000|100%|HC|  |TAMS 0x0000000581000000| PB 0x0000000580800000| Complete 
| 770|0x0000000581000000, 0x0000000581800000, 0x0000000581800000|100%|HC|  |TAMS 0x0000000581800000| PB 0x0000000581000000| Complete 
| 771|0x0000000581800000, 0x0000000582000000, 0x0000000582000000|100%|HC|  |TAMS 0x0000000582000000| PB 0x0000000581800000| Complete 
| 772|0x0000000582000000, 0x0000000582800000, 0x0000000582800000|100%|HC|  |TAMS 0x0000000582800000| PB 0x0000000582000000| Complete 
| 773|0x0000000582800000, 0x0000000583000000, 0x0000000583000000|100%|HC|  |TAMS 0x0000000583000000| PB 0x0000000582800000| Complete 
| 774|0x0000000583000000, 0x0000000583800000, 0x0000000583800000|100%|HC|  |TAMS 0x0000000583800000| PB 0x0000000583000000| Complete 
| 775|0x0000000583800000, 0x0000000584000000, 0x0000000584000000|100%|HC|  |TAMS 0x0000000584000000| PB 0x0000000583800000| Complete 
| 776|0x0000000584000000, 0x0000000584800000, 0x0000000584800000|100%|HC|  |TAMS 0x0000000584800000| PB 0x0000000584000000| Complete 
| 777|0x0000000584800000, 0x0000000585000000, 0x0000000585000000|100%|HC|  |TAMS 0x0000000585000000| PB 0x0000000584800000| Complete 
| 778|0x0000000585000000, 0x0000000585800000, 0x0000000585800000|100%|HC|  |TAMS 0x0000000585800000| PB 0x0000000585000000| Complete 
| 779|0x0000000585800000, 0x0000000586000000, 0x0000000586000000|100%|HC|  |TAMS 0x0000000586000000| PB 0x0000000585800000| Complete 
| 780|0x0000000586000000, 0x0000000586800000, 0x0000000586800000|100%|HC|  |TAMS 0x0000000586800000| PB 0x0000000586000000| Complete 
| 781|0x0000000586800000, 0x0000000587000000, 0x0000000587000000|100%|HC|  |TAMS 0x0000000587000000| PB 0x0000000586800000| Complete 
| 782|0x0000000587000000, 0x0000000587800000, 0x0000000587800000|100%|HC|  |TAMS 0x0000000587800000| PB 0x0000000587000000| Complete 
| 783|0x0000000587800000, 0x0000000588000000, 0x0000000588000000|100%|HC|  |TAMS 0x0000000588000000| PB 0x0000000587800000| Complete 
| 784|0x0000000588000000, 0x0000000588800000, 0x0000000588800000|100%|HC|  |TAMS 0x0000000588800000| PB 0x0000000588000000| Complete 
| 785|0x0000000588800000, 0x0000000589000000, 0x0000000589000000|100%|HC|  |TAMS 0x0000000589000000| PB 0x0000000588800000| Complete 
| 786|0x0000000589000000, 0x0000000589800000, 0x0000000589800000|100%|HC|  |TAMS 0x0000000589800000| PB 0x0000000589000000| Complete 
| 787|0x0000000589800000, 0x000000058a000000, 0x000000058a000000|100%|HC|  |TAMS 0x000000058a000000| PB 0x0000000589800000| Complete 
| 788|0x000000058a000000, 0x000000058a800000, 0x000000058a800000|100%|HC|  |TAMS 0x000000058a800000| PB 0x000000058a000000| Complete 
| 789|0x000000058a800000, 0x000000058b000000, 0x000000058b000000|100%|HC|  |TAMS 0x000000058b000000| PB 0x000000058a800000| Complete 
| 790|0x000000058b000000, 0x000000058b800000, 0x000000058b800000|100%|HC|  |TAMS 0x000000058b800000| PB 0x000000058b000000| Complete 
| 791|0x000000058b800000, 0x000000058c000000, 0x000000058c000000|100%|HC|  |TAMS 0x000000058c000000| PB 0x000000058b800000| Complete 
| 792|0x000000058c000000, 0x000000058c800000, 0x000000058c800000|100%|HC|  |TAMS 0x000000058c800000| PB 0x000000058c000000| Complete 
| 793|0x000000058c800000, 0x000000058d000000, 0x000000058d000000|100%|HC|  |TAMS 0x000000058d000000| PB 0x000000058c800000| Complete 
| 794|0x000000058d000000, 0x000000058d800000, 0x000000058d800000|100%|HC|  |TAMS 0x000000058d800000| PB 0x000000058d000000| Complete 
| 795|0x000000058d800000, 0x000000058e000000, 0x000000058e000000|100%|HC|  |TAMS 0x000000058e000000| PB 0x000000058d800000| Complete 
| 796|0x000000058e000000, 0x000000058e800000, 0x000000058e800000|100%|HC|  |TAMS 0x000000058e800000| PB 0x000000058e000000| Complete 
| 797|0x000000058e800000, 0x000000058f000000, 0x000000058f000000|100%|HC|  |TAMS 0x000000058f000000| PB 0x000000058e800000| Complete 
| 798|0x000000058f000000, 0x000000058f800000, 0x000000058f800000|100%|HC|  |TAMS 0x000000058f800000| PB 0x000000058f000000| Complete 
| 799|0x000000058f800000, 0x0000000590000000, 0x0000000590000000|100%|HC|  |TAMS 0x0000000590000000| PB 0x000000058f800000| Complete 
| 800|0x0000000590000000, 0x0000000590800000, 0x0000000590800000|100%|HC|  |TAMS 0x0000000590800000| PB 0x0000000590000000| Complete 
| 801|0x0000000590800000, 0x0000000591000000, 0x0000000591000000|100%|HC|  |TAMS 0x0000000591000000| PB 0x0000000590800000| Complete 
| 802|0x0000000591000000, 0x0000000591800000, 0x0000000591800000|100%|HC|  |TAMS 0x0000000591800000| PB 0x0000000591000000| Complete 
| 803|0x0000000591800000, 0x0000000592000000, 0x0000000592000000|100%|HC|  |TAMS 0x0000000592000000| PB 0x0000000591800000| Complete 
| 804|0x0000000592000000, 0x0000000592800000, 0x0000000592800000|100%|HC|  |TAMS 0x0000000592800000| PB 0x0000000592000000| Complete 
| 805|0x0000000592800000, 0x0000000593000000, 0x0000000593000000|100%|HC|  |TAMS 0x0000000593000000| PB 0x0000000592800000| Complete 
| 806|0x0000000593000000, 0x0000000593800000, 0x0000000593800000|100%|HC|  |TAMS 0x0000000593800000| PB 0x0000000593000000| Complete 
| 807|0x0000000593800000, 0x0000000594000000, 0x0000000594000000|100%|HC|  |TAMS 0x0000000594000000| PB 0x0000000593800000| Complete 
| 808|0x0000000594000000, 0x0000000594800000, 0x0000000594800000|100%|HC|  |TAMS 0x0000000594800000| PB 0x0000000594000000| Complete 
| 809|0x0000000594800000, 0x0000000595000000, 0x0000000595000000|100%|HC|  |TAMS 0x0000000595000000| PB 0x0000000594800000| Complete 
| 810|0x0000000595000000, 0x0000000595800000, 0x0000000595800000|100%|HC|  |TAMS 0x0000000595800000| PB 0x0000000595000000| Complete 
| 811|0x0000000595800000, 0x0000000596000000, 0x0000000596000000|100%|HC|  |TAMS 0x0000000596000000| PB 0x0000000595800000| Complete 
| 812|0x0000000596000000, 0x0000000596800000, 0x0000000596800000|100%|HC|  |TAMS 0x0000000596800000| PB 0x0000000596000000| Complete 
| 813|0x0000000596800000, 0x0000000597000000, 0x0000000597000000|100%|HC|  |TAMS 0x0000000597000000| PB 0x0000000596800000| Complete 
| 814|0x0000000597000000, 0x0000000597800000, 0x0000000597800000|100%|HC|  |TAMS 0x0000000597800000| PB 0x0000000597000000| Complete 
| 815|0x0000000597800000, 0x0000000598000000, 0x0000000598000000|100%|HC|  |TAMS 0x0000000598000000| PB 0x0000000597800000| Complete 
| 816|0x0000000598000000, 0x0000000598800000, 0x0000000598800000|100%|HC|  |TAMS 0x0000000598800000| PB 0x0000000598000000| Complete 
| 817|0x0000000598800000, 0x0000000599000000, 0x0000000599000000|100%|HC|  |TAMS 0x0000000599000000| PB 0x0000000598800000| Complete 
| 818|0x0000000599000000, 0x0000000599800000, 0x0000000599800000|100%|HC|  |TAMS 0x0000000599800000| PB 0x0000000599000000| Complete 
| 819|0x0000000599800000, 0x000000059a000000, 0x000000059a000000|100%|HC|  |TAMS 0x000000059a000000| PB 0x0000000599800000| Complete 
| 820|0x000000059a000000, 0x000000059a800000, 0x000000059a800000|100%|HC|  |TAMS 0x000000059a800000| PB 0x000000059a000000| Complete 
| 821|0x000000059a800000, 0x000000059b000000, 0x000000059b000000|100%|HC|  |TAMS 0x000000059b000000| PB 0x000000059a800000| Complete 
| 822|0x000000059b000000, 0x000000059b800000, 0x000000059b800000|100%|HC|  |TAMS 0x000000059b800000| PB 0x000000059b000000| Complete 
| 823|0x000000059b800000, 0x000000059c000000, 0x000000059c000000|100%|HC|  |TAMS 0x000000059c000000| PB 0x000000059b800000| Complete 
| 824|0x000000059c000000, 0x000000059c800000, 0x000000059c800000|100%|HC|  |TAMS 0x000000059c800000| PB 0x000000059c000000| Complete 
| 825|0x000000059c800000, 0x000000059d000000, 0x000000059d000000|100%|HC|  |TAMS 0x000000059d000000| PB 0x000000059c800000| Complete 
| 826|0x000000059d000000, 0x000000059d800000, 0x000000059d800000|100%|HC|  |TAMS 0x000000059d800000| PB 0x000000059d000000| Complete 
| 827|0x000000059d800000, 0x000000059e000000, 0x000000059e000000|100%|HC|  |TAMS 0x000000059e000000| PB 0x000000059d800000| Complete 
| 828|0x000000059e000000, 0x000000059e800000, 0x000000059e800000|100%|HC|  |TAMS 0x000000059e800000| PB 0x000000059e000000| Complete 
| 829|0x000000059e800000, 0x000000059f000000, 0x000000059f000000|100%|HC|  |TAMS 0x000000059f000000| PB 0x000000059e800000| Complete 
| 830|0x000000059f000000, 0x000000059f800000, 0x000000059f800000|100%|HC|  |TAMS 0x000000059f800000| PB 0x000000059f000000| Complete 
| 831|0x000000059f800000, 0x00000005a0000000, 0x00000005a0000000|100%|HC|  |TAMS 0x00000005a0000000| PB 0x000000059f800000| Complete 
| 832|0x00000005a0000000, 0x00000005a0800000, 0x00000005a0800000|100%|HC|  |TAMS 0x00000005a0800000| PB 0x00000005a0000000| Complete 
| 833|0x00000005a0800000, 0x00000005a1000000, 0x00000005a1000000|100%|HC|  |TAMS 0x00000005a1000000| PB 0x00000005a0800000| Complete 
| 834|0x00000005a1000000, 0x00000005a1800000, 0x00000005a1800000|100%|HC|  |TAMS 0x00000005a1800000| PB 0x00000005a1000000| Complete 
| 835|0x00000005a1800000, 0x00000005a2000000, 0x00000005a2000000|100%|HC|  |TAMS 0x00000005a2000000| PB 0x00000005a1800000| Complete 
| 836|0x00000005a2000000, 0x00000005a2800000, 0x00000005a2800000|100%|HC|  |TAMS 0x00000005a2800000| PB 0x00000005a2000000| Complete 
| 837|0x00000005a2800000, 0x00000005a3000000, 0x00000005a3000000|100%|HC|  |TAMS 0x00000005a3000000| PB 0x00000005a2800000| Complete 
| 838|0x00000005a3000000, 0x00000005a3800000, 0x00000005a3800000|100%|HC|  |TAMS 0x00000005a3800000| PB 0x00000005a3000000| Complete 
| 839|0x00000005a3800000, 0x00000005a4000000, 0x00000005a4000000|100%|HC|  |TAMS 0x00000005a4000000| PB 0x00000005a3800000| Complete 
| 840|0x00000005a4000000, 0x00000005a4800000, 0x00000005a4800000|100%|HC|  |TAMS 0x00000005a4800000| PB 0x00000005a4000000| Complete 
| 841|0x00000005a4800000, 0x00000005a5000000, 0x00000005a5000000|100%|HC|  |TAMS 0x00000005a5000000| PB 0x00000005a4800000| Complete 
| 842|0x00000005a5000000, 0x00000005a5800000, 0x00000005a5800000|100%|HC|  |TAMS 0x00000005a5800000| PB 0x00000005a5000000| Complete 
| 843|0x00000005a5800000, 0x00000005a6000000, 0x00000005a6000000|100%|HC|  |TAMS 0x00000005a6000000| PB 0x00000005a5800000| Complete 
| 844|0x00000005a6000000, 0x00000005a6800000, 0x00000005a6800000|100%|HC|  |TAMS 0x00000005a6800000| PB 0x00000005a6000000| Complete 
| 845|0x00000005a6800000, 0x00000005a7000000, 0x00000005a7000000|100%|HC|  |TAMS 0x00000005a7000000| PB 0x00000005a6800000| Complete 
| 846|0x00000005a7000000, 0x00000005a7800000, 0x00000005a7800000|100%|HC|  |TAMS 0x00000005a7800000| PB 0x00000005a7000000| Complete 
| 847|0x00000005a7800000, 0x00000005a8000000, 0x00000005a8000000|100%|HC|  |TAMS 0x00000005a8000000| PB 0x00000005a7800000| Complete 
| 848|0x00000005a8000000, 0x00000005a8800000, 0x00000005a8800000|100%|HC|  |TAMS 0x00000005a8800000| PB 0x00000005a8000000| Complete 
| 849|0x00000005a8800000, 0x00000005a9000000, 0x00000005a9000000|100%|HC|  |TAMS 0x00000005a9000000| PB 0x00000005a8800000| Complete 
| 850|0x00000005a9000000, 0x00000005a9800000, 0x00000005a9800000|100%|HC|  |TAMS 0x00000005a9800000| PB 0x00000005a9000000| Complete 
| 851|0x00000005a9800000, 0x00000005aa000000, 0x00000005aa000000|100%|HC|  |TAMS 0x00000005aa000000| PB 0x00000005a9800000| Complete 
| 852|0x00000005aa000000, 0x00000005aa800000, 0x00000005aa800000|100%|HC|  |TAMS 0x00000005aa800000| PB 0x00000005aa000000| Complete 
| 853|0x00000005aa800000, 0x00000005ab000000, 0x00000005ab000000|100%|HC|  |TAMS 0x00000005ab000000| PB 0x00000005aa800000| Complete 
| 854|0x00000005ab000000, 0x00000005ab800000, 0x00000005ab800000|100%|HC|  |TAMS 0x00000005ab800000| PB 0x00000005ab000000| Complete 
| 855|0x00000005ab800000, 0x00000005ac000000, 0x00000005ac000000|100%|HC|  |TAMS 0x00000005ac000000| PB 0x00000005ab800000| Complete 
| 856|0x00000005ac000000, 0x00000005ac800000, 0x00000005ac800000|100%|HC|  |TAMS 0x00000005ac800000| PB 0x00000005ac000000| Complete 
| 857|0x00000005ac800000, 0x00000005ad000000, 0x00000005ad000000|100%|HC|  |TAMS 0x00000005ad000000| PB 0x00000005ac800000| Complete 
| 858|0x00000005ad000000, 0x00000005ad800000, 0x00000005ad800000|100%|HC|  |TAMS 0x00000005ad800000| PB 0x00000005ad000000| Complete 
| 859|0x00000005ad800000, 0x00000005ae000000, 0x00000005ae000000|100%|HC|  |TAMS 0x00000005ae000000| PB 0x00000005ad800000| Complete 
| 860|0x00000005ae000000, 0x00000005ae800000, 0x00000005ae800000|100%|HC|  |TAMS 0x00000005ae800000| PB 0x00000005ae000000| Complete 
| 861|0x00000005ae800000, 0x00000005af000000, 0x00000005af000000|100%|HC|  |TAMS 0x00000005af000000| PB 0x00000005ae800000| Complete 
| 862|0x00000005af000000, 0x00000005af800000, 0x00000005af800000|100%|HC|  |TAMS 0x00000005af800000| PB 0x00000005af000000| Complete 
| 863|0x00000005af800000, 0x00000005b0000000, 0x00000005b0000000|100%|HC|  |TAMS 0x00000005b0000000| PB 0x00000005af800000| Complete 
| 864|0x00000005b0000000, 0x00000005b0800000, 0x00000005b0800000|100%|HC|  |TAMS 0x00000005b0800000| PB 0x00000005b0000000| Complete 
| 865|0x00000005b0800000, 0x00000005b1000000, 0x00000005b1000000|100%|HC|  |TAMS 0x00000005b1000000| PB 0x00000005b0800000| Complete 
| 866|0x00000005b1000000, 0x00000005b1800000, 0x00000005b1800000|100%|HC|  |TAMS 0x00000005b1800000| PB 0x00000005b1000000| Complete 
| 867|0x00000005b1800000, 0x00000005b2000000, 0x00000005b2000000|100%|HC|  |TAMS 0x00000005b2000000| PB 0x00000005b1800000| Complete 
| 868|0x00000005b2000000, 0x00000005b2800000, 0x00000005b2800000|100%|HC|  |TAMS 0x00000005b2800000| PB 0x00000005b2000000| Complete 
| 869|0x00000005b2800000, 0x00000005b3000000, 0x00000005b3000000|100%|HC|  |TAMS 0x00000005b3000000| PB 0x00000005b2800000| Complete 
| 870|0x00000005b3000000, 0x00000005b3800000, 0x00000005b3800000|100%|HC|  |TAMS 0x00000005b3800000| PB 0x00000005b3000000| Complete 
| 871|0x00000005b3800000, 0x00000005b4000000, 0x00000005b4000000|100%|HC|  |TAMS 0x00000005b4000000| PB 0x00000005b3800000| Complete 
| 872|0x00000005b4000000, 0x00000005b4800000, 0x00000005b4800000|100%|HC|  |TAMS 0x00000005b4800000| PB 0x00000005b4000000| Complete 
| 873|0x00000005b4800000, 0x00000005b5000000, 0x00000005b5000000|100%|HC|  |TAMS 0x00000005b5000000| PB 0x00000005b4800000| Complete 
| 874|0x00000005b5000000, 0x00000005b5800000, 0x00000005b5800000|100%|HC|  |TAMS 0x00000005b5800000| PB 0x00000005b5000000| Complete 
| 875|0x00000005b5800000, 0x00000005b6000000, 0x00000005b6000000|100%|HC|  |TAMS 0x00000005b6000000| PB 0x00000005b5800000| Complete 
| 876|0x00000005b6000000, 0x00000005b6800000, 0x00000005b6800000|100%|HC|  |TAMS 0x00000005b6800000| PB 0x00000005b6000000| Complete 
| 877|0x00000005b6800000, 0x00000005b7000000, 0x00000005b7000000|100%|HC|  |TAMS 0x00000005b7000000| PB 0x00000005b6800000| Complete 
| 878|0x00000005b7000000, 0x00000005b7800000, 0x00000005b7800000|100%|HC|  |TAMS 0x00000005b7800000| PB 0x00000005b7000000| Complete 
| 879|0x00000005b7800000, 0x00000005b8000000, 0x00000005b8000000|100%|HC|  |TAMS 0x00000005b8000000| PB 0x00000005b7800000| Complete 
| 880|0x00000005b8000000, 0x00000005b8800000, 0x00000005b8800000|100%|HC|  |TAMS 0x00000005b8800000| PB 0x00000005b8000000| Complete 
| 881|0x00000005b8800000, 0x00000005b9000000, 0x00000005b9000000|100%|HC|  |TAMS 0x00000005b9000000| PB 0x00000005b8800000| Complete 
| 882|0x00000005b9000000, 0x00000005b9800000, 0x00000005b9800000|100%|HC|  |TAMS 0x00000005b9800000| PB 0x00000005b9000000| Complete 
| 883|0x00000005b9800000, 0x00000005ba000000, 0x00000005ba000000|100%|HC|  |TAMS 0x00000005ba000000| PB 0x00000005b9800000| Complete 
| 884|0x00000005ba000000, 0x00000005ba800000, 0x00000005ba800000|100%|HC|  |TAMS 0x00000005ba800000| PB 0x00000005ba000000| Complete 
| 885|0x00000005ba800000, 0x00000005bb000000, 0x00000005bb000000|100%|HC|  |TAMS 0x00000005bb000000| PB 0x00000005ba800000| Complete 
| 886|0x00000005bb000000, 0x00000005bb800000, 0x00000005bb800000|100%|HC|  |TAMS 0x00000005bb800000| PB 0x00000005bb000000| Complete 
| 887|0x00000005bb800000, 0x00000005bc000000, 0x00000005bc000000|100%|HC|  |TAMS 0x00000005bc000000| PB 0x00000005bb800000| Complete 
| 888|0x00000005bc000000, 0x00000005bc800000, 0x00000005bc800000|100%|HC|  |TAMS 0x00000005bc800000| PB 0x00000005bc000000| Complete 
| 889|0x00000005bc800000, 0x00000005bd000000, 0x00000005bd000000|100%|HC|  |TAMS 0x00000005bd000000| PB 0x00000005bc800000| Complete 
| 890|0x00000005bd000000, 0x00000005bd800000, 0x00000005bd800000|100%|HC|  |TAMS 0x00000005bd800000| PB 0x00000005bd000000| Complete 
| 891|0x00000005bd800000, 0x00000005be000000, 0x00000005be000000|100%|HC|  |TAMS 0x00000005be000000| PB 0x00000005bd800000| Complete 
| 892|0x00000005be000000, 0x00000005be800000, 0x00000005be800000|100%|HC|  |TAMS 0x00000005be800000| PB 0x00000005be000000| Complete 
| 893|0x00000005be800000, 0x00000005bf000000, 0x00000005bf000000|100%|HC|  |TAMS 0x00000005bf000000| PB 0x00000005be800000| Complete 
| 894|0x00000005bf000000, 0x00000005bf800000, 0x00000005bf800000|100%|HC|  |TAMS 0x00000005bf800000| PB 0x00000005bf000000| Complete 
| 895|0x00000005bf800000, 0x00000005c0000000, 0x00000005c0000000|100%|HC|  |TAMS 0x00000005c0000000| PB 0x00000005bf800000| Complete 
| 896|0x00000005c0000000, 0x00000005c0800000, 0x00000005c0800000|100%|HC|  |TAMS 0x00000005c0800000| PB 0x00000005c0000000| Complete 
| 897|0x00000005c0800000, 0x00000005c1000000, 0x00000005c1000000|100%|HC|  |TAMS 0x00000005c1000000| PB 0x00000005c0800000| Complete 
| 898|0x00000005c1000000, 0x00000005c1800000, 0x00000005c1800000|100%|HC|  |TAMS 0x00000005c1800000| PB 0x00000005c1000000| Complete 
| 899|0x00000005c1800000, 0x00000005c2000000, 0x00000005c2000000|100%|HS|  |TAMS 0x00000005c2000000| PB 0x00000005c1800000| Complete 
| 900|0x00000005c2000000, 0x00000005c2800000, 0x00000005c2800000|100%|HC|  |TAMS 0x00000005c2800000| PB 0x00000005c2000000| Complete 
| 901|0x00000005c2800000, 0x00000005c3000000, 0x00000005c3000000|100%|HC|  |TAMS 0x00000005c3000000| PB 0x00000005c2800000| Complete 
| 902|0x00000005c3000000, 0x00000005c3800000, 0x00000005c3800000|100%|HC|  |TAMS 0x00000005c3800000| PB 0x00000005c3000000| Complete 
| 903|0x00000005c3800000, 0x00000005c4000000, 0x00000005c4000000|100%|HC|  |TAMS 0x00000005c4000000| PB 0x00000005c3800000| Complete 
| 904|0x00000005c4000000, 0x00000005c4800000, 0x00000005c4800000|100%|HC|  |TAMS 0x00000005c4800000| PB 0x00000005c4000000| Complete 
| 905|0x00000005c4800000, 0x00000005c5000000, 0x00000005c5000000|100%|HC|  |TAMS 0x00000005c5000000| PB 0x00000005c4800000| Complete 
| 906|0x00000005c5000000, 0x00000005c5800000, 0x00000005c5800000|100%|HC|  |TAMS 0x00000005c5800000| PB 0x00000005c5000000| Complete 
| 907|0x00000005c5800000, 0x00000005c6000000, 0x00000005c6000000|100%|HC|  |TAMS 0x00000005c6000000| PB 0x00000005c5800000| Complete 
| 908|0x00000005c6000000, 0x00000005c6800000, 0x00000005c6800000|100%|HC|  |TAMS 0x00000005c6800000| PB 0x00000005c6000000| Complete 
| 909|0x00000005c6800000, 0x00000005c7000000, 0x00000005c7000000|100%|HC|  |TAMS 0x00000005c7000000| PB 0x00000005c6800000| Complete 
| 910|0x00000005c7000000, 0x00000005c7800000, 0x00000005c7800000|100%|HC|  |TAMS 0x00000005c7800000| PB 0x00000005c7000000| Complete 
| 911|0x00000005c7800000, 0x00000005c8000000, 0x00000005c8000000|100%|HC|  |TAMS 0x00000005c8000000| PB 0x00000005c7800000| Complete 
| 912|0x00000005c8000000, 0x00000005c8800000, 0x00000005c8800000|100%|HC|  |TAMS 0x00000005c8800000| PB 0x00000005c8000000| Complete 
| 913|0x00000005c8800000, 0x00000005c9000000, 0x00000005c9000000|100%|HC|  |TAMS 0x00000005c9000000| PB 0x00000005c8800000| Complete 
| 914|0x00000005c9000000, 0x00000005c9800000, 0x00000005c9800000|100%|HC|  |TAMS 0x00000005c9800000| PB 0x00000005c9000000| Complete 
| 915|0x00000005c9800000, 0x00000005ca000000, 0x00000005ca000000|100%|HC|  |TAMS 0x00000005ca000000| PB 0x00000005c9800000| Complete 
| 916|0x00000005ca000000, 0x00000005ca800000, 0x00000005ca800000|100%|HC|  |TAMS 0x00000005ca800000| PB 0x00000005ca000000| Complete 
| 917|0x00000005ca800000, 0x00000005cb000000, 0x00000005cb000000|100%|HC|  |TAMS 0x00000005cb000000| PB 0x00000005ca800000| Complete 
| 918|0x00000005cb000000, 0x00000005cb800000, 0x00000005cb800000|100%|HC|  |TAMS 0x00000005cb800000| PB 0x00000005cb000000| Complete 
| 919|0x00000005cb800000, 0x00000005cc000000, 0x00000005cc000000|100%|HC|  |TAMS 0x00000005cc000000| PB 0x00000005cb800000| Complete 
| 920|0x00000005cc000000, 0x00000005cc800000, 0x00000005cc800000|100%|HC|  |TAMS 0x00000005cc800000| PB 0x00000005cc000000| Complete 
| 921|0x00000005cc800000, 0x00000005cd000000, 0x00000005cd000000|100%|HC|  |TAMS 0x00000005cd000000| PB 0x00000005cc800000| Complete 
| 922|0x00000005cd000000, 0x00000005cd800000, 0x00000005cd800000|100%|HC|  |TAMS 0x00000005cd800000| PB 0x00000005cd000000| Complete 
| 923|0x00000005cd800000, 0x00000005ce000000, 0x00000005ce000000|100%|HC|  |TAMS 0x00000005ce000000| PB 0x00000005cd800000| Complete 
| 924|0x00000005ce000000, 0x00000005ce800000, 0x00000005ce800000|100%|HC|  |TAMS 0x00000005ce800000| PB 0x00000005ce000000| Complete 
| 925|0x00000005ce800000, 0x00000005cf000000, 0x00000005cf000000|100%|HC|  |TAMS 0x00000005cf000000| PB 0x00000005ce800000| Complete 
| 926|0x00000005cf000000, 0x00000005cf800000, 0x00000005cf800000|100%|HC|  |TAMS 0x00000005cf800000| PB 0x00000005cf000000| Complete 
| 927|0x00000005cf800000, 0x00000005d0000000, 0x00000005d0000000|100%|HC|  |TAMS 0x00000005d0000000| PB 0x00000005cf800000| Complete 
| 928|0x00000005d0000000, 0x00000005d0800000, 0x00000005d0800000|100%|HC|  |TAMS 0x00000005d0800000| PB 0x00000005d0000000| Complete 
| 929|0x00000005d0800000, 0x00000005d1000000, 0x00000005d1000000|100%|HC|  |TAMS 0x00000005d1000000| PB 0x00000005d0800000| Complete 
| 930|0x00000005d1000000, 0x00000005d1800000, 0x00000005d1800000|100%|HC|  |TAMS 0x00000005d1800000| PB 0x00000005d1000000| Complete 
| 931|0x00000005d1800000, 0x00000005d2000000, 0x00000005d2000000|100%|HC|  |TAMS 0x00000005d2000000| PB 0x00000005d1800000| Complete 
| 932|0x00000005d2000000, 0x00000005d2800000, 0x00000005d2800000|100%|HC|  |TAMS 0x00000005d2800000| PB 0x00000005d2000000| Complete 
| 933|0x00000005d2800000, 0x00000005d3000000, 0x00000005d3000000|100%|HC|  |TAMS 0x00000005d3000000| PB 0x00000005d2800000| Complete 
| 934|0x00000005d3000000, 0x00000005d3800000, 0x00000005d3800000|100%|HC|  |TAMS 0x00000005d3800000| PB 0x00000005d3000000| Complete 
| 935|0x00000005d3800000, 0x00000005d4000000, 0x00000005d4000000|100%|HC|  |TAMS 0x00000005d4000000| PB 0x00000005d3800000| Complete 
| 936|0x00000005d4000000, 0x00000005d4800000, 0x00000005d4800000|100%|HC|  |TAMS 0x00000005d4800000| PB 0x00000005d4000000| Complete 
| 937|0x00000005d4800000, 0x00000005d5000000, 0x00000005d5000000|100%|HC|  |TAMS 0x00000005d5000000| PB 0x00000005d4800000| Complete 
| 938|0x00000005d5000000, 0x00000005d5800000, 0x00000005d5800000|100%|HC|  |TAMS 0x00000005d5800000| PB 0x00000005d5000000| Complete 
| 939|0x00000005d5800000, 0x00000005d6000000, 0x00000005d6000000|100%|HC|  |TAMS 0x00000005d6000000| PB 0x00000005d5800000| Complete 
| 940|0x00000005d6000000, 0x00000005d6800000, 0x00000005d6800000|100%|HC|  |TAMS 0x00000005d6800000| PB 0x00000005d6000000| Complete 
| 941|0x00000005d6800000, 0x00000005d7000000, 0x00000005d7000000|100%|HC|  |TAMS 0x00000005d7000000| PB 0x00000005d6800000| Complete 
| 942|0x00000005d7000000, 0x00000005d7800000, 0x00000005d7800000|100%|HC|  |TAMS 0x00000005d7800000| PB 0x00000005d7000000| Complete 
| 943|0x00000005d7800000, 0x00000005d8000000, 0x00000005d8000000|100%|HC|  |TAMS 0x00000005d8000000| PB 0x00000005d7800000| Complete 
| 944|0x00000005d8000000, 0x00000005d8800000, 0x00000005d8800000|100%|HC|  |TAMS 0x00000005d8800000| PB 0x00000005d8000000| Complete 
| 945|0x00000005d8800000, 0x00000005d9000000, 0x00000005d9000000|100%|HC|  |TAMS 0x00000005d9000000| PB 0x00000005d8800000| Complete 
| 946|0x00000005d9000000, 0x00000005d9800000, 0x00000005d9800000|100%|HC|  |TAMS 0x00000005d9800000| PB 0x00000005d9000000| Complete 
| 947|0x00000005d9800000, 0x00000005da000000, 0x00000005da000000|100%|HC|  |TAMS 0x00000005da000000| PB 0x00000005d9800000| Complete 
| 948|0x00000005da000000, 0x00000005da800000, 0x00000005da800000|100%|HC|  |TAMS 0x00000005da800000| PB 0x00000005da000000| Complete 
| 949|0x00000005da800000, 0x00000005db000000, 0x00000005db000000|100%|HC|  |TAMS 0x00000005db000000| PB 0x00000005da800000| Complete 
| 950|0x00000005db000000, 0x00000005db800000, 0x00000005db800000|100%|HC|  |TAMS 0x00000005db800000| PB 0x00000005db000000| Complete 
| 951|0x00000005db800000, 0x00000005dc000000, 0x00000005dc000000|100%|HC|  |TAMS 0x00000005dc000000| PB 0x00000005db800000| Complete 
| 952|0x00000005dc000000, 0x00000005dc800000, 0x00000005dc800000|100%|HC|  |TAMS 0x00000005dc800000| PB 0x00000005dc000000| Complete 
| 953|0x00000005dc800000, 0x00000005dd000000, 0x00000005dd000000|100%|HC|  |TAMS 0x00000005dd000000| PB 0x00000005dc800000| Complete 
| 954|0x00000005dd000000, 0x00000005dd800000, 0x00000005dd800000|100%|HC|  |TAMS 0x00000005dd800000| PB 0x00000005dd000000| Complete 
| 955|0x00000005dd800000, 0x00000005de000000, 0x00000005de000000|100%|HC|  |TAMS 0x00000005de000000| PB 0x00000005dd800000| Complete 
| 956|0x00000005de000000, 0x00000005de800000, 0x00000005de800000|100%|HC|  |TAMS 0x00000005de800000| PB 0x00000005de000000| Complete 
| 957|0x00000005de800000, 0x00000005df000000, 0x00000005df000000|100%|HC|  |TAMS 0x00000005df000000| PB 0x00000005de800000| Complete 
| 958|0x00000005df000000, 0x00000005df800000, 0x00000005df800000|100%|HC|  |TAMS 0x00000005df800000| PB 0x00000005df000000| Complete 
| 959|0x00000005df800000, 0x00000005e0000000, 0x00000005e0000000|100%|HC|  |TAMS 0x00000005e0000000| PB 0x00000005df800000| Complete 
| 960|0x00000005e0000000, 0x00000005e0800000, 0x00000005e0800000|100%|HC|  |TAMS 0x00000005e0800000| PB 0x00000005e0000000| Complete 
| 961|0x00000005e0800000, 0x00000005e1000000, 0x00000005e1000000|100%|HC|  |TAMS 0x00000005e1000000| PB 0x00000005e0800000| Complete 
| 962|0x00000005e1000000, 0x00000005e1800000, 0x00000005e1800000|100%|HC|  |TAMS 0x00000005e1800000| PB 0x00000005e1000000| Complete 
| 963|0x00000005e1800000, 0x00000005e2000000, 0x00000005e2000000|100%|HC|  |TAMS 0x00000005e2000000| PB 0x00000005e1800000| Complete 
| 964|0x00000005e2000000, 0x00000005e2800000, 0x00000005e2800000|100%|HC|  |TAMS 0x00000005e2800000| PB 0x00000005e2000000| Complete 
| 965|0x00000005e2800000, 0x00000005e3000000, 0x00000005e3000000|100%|HC|  |TAMS 0x00000005e3000000| PB 0x00000005e2800000| Complete 
| 966|0x00000005e3000000, 0x00000005e3800000, 0x00000005e3800000|100%|HC|  |TAMS 0x00000005e3800000| PB 0x00000005e3000000| Complete 
| 967|0x00000005e3800000, 0x00000005e4000000, 0x00000005e4000000|100%|HC|  |TAMS 0x00000005e4000000| PB 0x00000005e3800000| Complete 
| 968|0x00000005e4000000, 0x00000005e4800000, 0x00000005e4800000|100%|HC|  |TAMS 0x00000005e4800000| PB 0x00000005e4000000| Complete 
| 969|0x00000005e4800000, 0x00000005e5000000, 0x00000005e5000000|100%|HC|  |TAMS 0x00000005e5000000| PB 0x00000005e4800000| Complete 
| 970|0x00000005e5000000, 0x00000005e5800000, 0x00000005e5800000|100%|HC|  |TAMS 0x00000005e5800000| PB 0x00000005e5000000| Complete 
| 971|0x00000005e5800000, 0x00000005e6000000, 0x00000005e6000000|100%|HC|  |TAMS 0x00000005e6000000| PB 0x00000005e5800000| Complete 
| 972|0x00000005e6000000, 0x00000005e6800000, 0x00000005e6800000|100%|HC|  |TAMS 0x00000005e6800000| PB 0x00000005e6000000| Complete 
| 973|0x00000005e6800000, 0x00000005e7000000, 0x00000005e7000000|100%|HC|  |TAMS 0x00000005e7000000| PB 0x00000005e6800000| Complete 
| 974|0x00000005e7000000, 0x00000005e7800000, 0x00000005e7800000|100%|HC|  |TAMS 0x00000005e7800000| PB 0x00000005e7000000| Complete 
| 975|0x00000005e7800000, 0x00000005e8000000, 0x00000005e8000000|100%|HC|  |TAMS 0x00000005e8000000| PB 0x00000005e7800000| Complete 
| 976|0x00000005e8000000, 0x00000005e8800000, 0x00000005e8800000|100%|HC|  |TAMS 0x00000005e8800000| PB 0x00000005e8000000| Complete 
| 977|0x00000005e8800000, 0x00000005e9000000, 0x00000005e9000000|100%|HC|  |TAMS 0x00000005e9000000| PB 0x00000005e8800000| Complete 
| 978|0x00000005e9000000, 0x00000005e9800000, 0x00000005e9800000|100%|HC|  |TAMS 0x00000005e9800000| PB 0x00000005e9000000| Complete 
| 979|0x00000005e9800000, 0x00000005ea000000, 0x00000005ea000000|100%|HC|  |TAMS 0x00000005ea000000| PB 0x00000005e9800000| Complete 
| 980|0x00000005ea000000, 0x00000005ea800000, 0x00000005ea800000|100%|HC|  |TAMS 0x00000005ea800000| PB 0x00000005ea000000| Complete 
| 981|0x00000005ea800000, 0x00000005eb000000, 0x00000005eb000000|100%|HC|  |TAMS 0x00000005eb000000| PB 0x00000005ea800000| Complete 
| 982|0x00000005eb000000, 0x00000005eb800000, 0x00000005eb800000|100%|HC|  |TAMS 0x00000005eb800000| PB 0x00000005eb000000| Complete 
| 983|0x00000005eb800000, 0x00000005ec000000, 0x00000005ec000000|100%|HC|  |TAMS 0x00000005ec000000| PB 0x00000005eb800000| Complete 
| 984|0x00000005ec000000, 0x00000005ec800000, 0x00000005ec800000|100%|HC|  |TAMS 0x00000005ec800000| PB 0x00000005ec000000| Complete 
| 985|0x00000005ec800000, 0x00000005ed000000, 0x00000005ed000000|100%|HC|  |TAMS 0x00000005ed000000| PB 0x00000005ec800000| Complete 
| 986|0x00000005ed000000, 0x00000005ed800000, 0x00000005ed800000|100%|HC|  |TAMS 0x00000005ed800000| PB 0x00000005ed000000| Complete 
| 987|0x00000005ed800000, 0x00000005ee000000, 0x00000005ee000000|100%|HC|  |TAMS 0x00000005ee000000| PB 0x00000005ed800000| Complete 
| 988|0x00000005ee000000, 0x00000005ee800000, 0x00000005ee800000|100%|HC|  |TAMS 0x00000005ee800000| PB 0x00000005ee000000| Complete 
| 989|0x00000005ee800000, 0x00000005ef000000, 0x00000005ef000000|100%|HC|  |TAMS 0x00000005ef000000| PB 0x00000005ee800000| Complete 
| 990|0x00000005ef000000, 0x00000005ef800000, 0x00000005ef800000|100%|HC|  |TAMS 0x00000005ef800000| PB 0x00000005ef000000| Complete 
| 991|0x00000005ef800000, 0x00000005f0000000, 0x00000005f0000000|100%|HC|  |TAMS 0x00000005f0000000| PB 0x00000005ef800000| Complete 
| 992|0x00000005f0000000, 0x00000005f0800000, 0x00000005f0800000|100%|HC|  |TAMS 0x00000005f0800000| PB 0x00000005f0000000| Complete 
| 993|0x00000005f0800000, 0x00000005f1000000, 0x00000005f1000000|100%|HC|  |TAMS 0x00000005f1000000| PB 0x00000005f0800000| Complete 
| 994|0x00000005f1000000, 0x00000005f1800000, 0x00000005f1800000|100%|HC|  |TAMS 0x00000005f1800000| PB 0x00000005f1000000| Complete 
| 995|0x00000005f1800000, 0x00000005f2000000, 0x00000005f2000000|100%|HC|  |TAMS 0x00000005f2000000| PB 0x00000005f1800000| Complete 
| 996|0x00000005f2000000, 0x00000005f2800000, 0x00000005f2800000|100%|HC|  |TAMS 0x00000005f2800000| PB 0x00000005f2000000| Complete 
| 997|0x00000005f2800000, 0x00000005f3000000, 0x00000005f3000000|100%|HC|  |TAMS 0x00000005f3000000| PB 0x00000005f2800000| Complete 
| 998|0x00000005f3000000, 0x00000005f3800000, 0x00000005f3800000|100%|HC|  |TAMS 0x00000005f3800000| PB 0x00000005f3000000| Complete 
| 999|0x00000005f3800000, 0x00000005f4000000, 0x00000005f4000000|100%|HC|  |TAMS 0x00000005f4000000| PB 0x00000005f3800000| Complete 
|1000|0x00000005f4000000, 0x00000005f4800000, 0x00000005f4800000|100%|HC|  |TAMS 0x00000005f4800000| PB 0x00000005f4000000| Complete 
|1001|0x00000005f4800000, 0x00000005f5000000, 0x00000005f5000000|100%|HC|  |TAMS 0x00000005f5000000| PB 0x00000005f4800000| Complete 
|1002|0x00000005f5000000, 0x00000005f5800000, 0x00000005f5800000|100%|HC|  |TAMS 0x00000005f5800000| PB 0x00000005f5000000| Complete 
|1003|0x00000005f5800000, 0x00000005f6000000, 0x00000005f6000000|100%|HC|  |TAMS 0x00000005f6000000| PB 0x00000005f5800000| Complete 
|1004|0x00000005f6000000, 0x00000005f6800000, 0x00000005f6800000|100%|HC|  |TAMS 0x00000005f6800000| PB 0x00000005f6000000| Complete 
|1005|0x00000005f6800000, 0x00000005f7000000, 0x00000005f7000000|100%|HC|  |TAMS 0x00000005f7000000| PB 0x00000005f6800000| Complete 
|1006|0x00000005f7000000, 0x00000005f7800000, 0x00000005f7800000|100%|HC|  |TAMS 0x00000005f7800000| PB 0x00000005f7000000| Complete 
|1007|0x00000005f7800000, 0x00000005f8000000, 0x00000005f8000000|100%|HC|  |TAMS 0x00000005f8000000| PB 0x00000005f7800000| Complete 
|1008|0x00000005f8000000, 0x00000005f8800000, 0x00000005f8800000|100%|HC|  |TAMS 0x00000005f8800000| PB 0x00000005f8000000| Complete 
|1009|0x00000005f8800000, 0x00000005f9000000, 0x00000005f9000000|100%|HC|  |TAMS 0x00000005f9000000| PB 0x00000005f8800000| Complete 
|1010|0x00000005f9000000, 0x00000005f9800000, 0x00000005f9800000|100%|HC|  |TAMS 0x00000005f9800000| PB 0x00000005f9000000| Complete 
|1011|0x00000005f9800000, 0x00000005fa000000, 0x00000005fa000000|100%|HC|  |TAMS 0x00000005fa000000| PB 0x00000005f9800000| Complete 
|1012|0x00000005fa000000, 0x00000005fa800000, 0x00000005fa800000|100%|HC|  |TAMS 0x00000005fa800000| PB 0x00000005fa000000| Complete 
|1013|0x00000005fa800000, 0x00000005fb000000, 0x00000005fb000000|100%|HC|  |TAMS 0x00000005fb000000| PB 0x00000005fa800000| Complete 
|1014|0x00000005fb000000, 0x00000005fb800000, 0x00000005fb800000|100%|HC|  |TAMS 0x00000005fb800000| PB 0x00000005fb000000| Complete 
|1015|0x00000005fb800000, 0x00000005fc000000, 0x00000005fc000000|100%|HC|  |TAMS 0x00000005fc000000| PB 0x00000005fb800000| Complete 
|1016|0x00000005fc000000, 0x00000005fc800000, 0x00000005fc800000|100%|HC|  |TAMS 0x00000005fc800000| PB 0x00000005fc000000| Complete 
|1017|0x00000005fc800000, 0x00000005fd000000, 0x00000005fd000000|100%|HC|  |TAMS 0x00000005fd000000| PB 0x00000005fc800000| Complete 
|1018|0x00000005fd000000, 0x00000005fd800000, 0x00000005fd800000|100%|HC|  |TAMS 0x00000005fd800000| PB 0x00000005fd000000| Complete 
|1019|0x00000005fd800000, 0x00000005fe000000, 0x00000005fe000000|100%|HC|  |TAMS 0x00000005fe000000| PB 0x00000005fd800000| Complete 
|1020|0x00000005fe000000, 0x00000005fe800000, 0x00000005fe800000|100%|HC|  |TAMS 0x00000005fe800000| PB 0x00000005fe000000| Complete 
|1021|0x00000005fe800000, 0x00000005ff000000, 0x00000005ff000000|100%|HC|  |TAMS 0x00000005ff000000| PB 0x00000005fe800000| Complete 
|1022|0x00000005ff000000, 0x00000005ff800000, 0x00000005ff800000|100%|HC|  |TAMS 0x00000005ff800000| PB 0x00000005ff000000| Complete 
|1023|0x00000005ff800000, 0x0000000600000000, 0x0000000600000000|100%|HC|  |TAMS 0x0000000600000000| PB 0x00000005ff800000| Complete 
|1024|0x0000000600000000, 0x0000000600800000, 0x0000000600800000|100%|HC|  |TAMS 0x0000000600800000| PB 0x0000000600000000| Complete 
|1025|0x0000000600800000, 0x0000000601000000, 0x0000000601000000|100%|HC|  |TAMS 0x0000000601000000| PB 0x0000000600800000| Complete 
|1026|0x0000000601000000, 0x0000000601800000, 0x0000000601800000|100%|HC|  |TAMS 0x0000000601800000| PB 0x0000000601000000| Complete 
|1027|0x0000000601800000, 0x0000000602000000, 0x0000000602000000|100%|HC|  |TAMS 0x0000000602000000| PB 0x0000000601800000| Complete 
|1028|0x0000000602000000, 0x0000000602800000, 0x0000000602800000|100%|HC|  |TAMS 0x0000000602800000| PB 0x0000000602000000| Complete 
|1029|0x0000000602800000, 0x0000000603000000, 0x0000000603000000|100%|HC|  |TAMS 0x0000000603000000| PB 0x0000000602800000| Complete 
|1030|0x0000000603000000, 0x0000000603800000, 0x0000000603800000|100%|HC|  |TAMS 0x0000000603800000| PB 0x0000000603000000| Complete 
|1031|0x0000000603800000, 0x0000000604000000, 0x0000000604000000|100%|HC|  |TAMS 0x0000000604000000| PB 0x0000000603800000| Complete 
|1032|0x0000000604000000, 0x0000000604800000, 0x0000000604800000|100%|HC|  |TAMS 0x0000000604800000| PB 0x0000000604000000| Complete 
|1033|0x0000000604800000, 0x0000000605000000, 0x0000000605000000|100%|HC|  |TAMS 0x0000000605000000| PB 0x0000000604800000| Complete 
|1034|0x0000000605000000, 0x0000000605800000, 0x0000000605800000|100%|HC|  |TAMS 0x0000000605800000| PB 0x0000000605000000| Complete 
|1035|0x0000000605800000, 0x0000000606000000, 0x0000000606000000|100%|HC|  |TAMS 0x0000000606000000| PB 0x0000000605800000| Complete 
|1036|0x0000000606000000, 0x0000000606800000, 0x0000000606800000|100%|HC|  |TAMS 0x0000000606800000| PB 0x0000000606000000| Complete 
|1037|0x0000000606800000, 0x0000000607000000, 0x0000000607000000|100%|HC|  |TAMS 0x0000000607000000| PB 0x0000000606800000| Complete 
|1038|0x0000000607000000, 0x0000000607800000, 0x0000000607800000|100%|HC|  |TAMS 0x0000000607800000| PB 0x0000000607000000| Complete 
|1039|0x0000000607800000, 0x0000000608000000, 0x0000000608000000|100%|HC|  |TAMS 0x0000000608000000| PB 0x0000000607800000| Complete 
|1040|0x0000000608000000, 0x0000000608800000, 0x0000000608800000|100%|HC|  |TAMS 0x0000000608800000| PB 0x0000000608000000| Complete 
|1041|0x0000000608800000, 0x0000000609000000, 0x0000000609000000|100%|HC|  |TAMS 0x0000000609000000| PB 0x0000000608800000| Complete 
|1042|0x0000000609000000, 0x0000000609800000, 0x0000000609800000|100%|HC|  |TAMS 0x0000000609800000| PB 0x0000000609000000| Complete 
|1043|0x0000000609800000, 0x000000060a000000, 0x000000060a000000|100%|HC|  |TAMS 0x000000060a000000| PB 0x0000000609800000| Complete 
|1044|0x000000060a000000, 0x000000060a800000, 0x000000060a800000|100%|HC|  |TAMS 0x000000060a800000| PB 0x000000060a000000| Complete 
|1045|0x000000060a800000, 0x000000060b000000, 0x000000060b000000|100%|HC|  |TAMS 0x000000060b000000| PB 0x000000060a800000| Complete 
|1046|0x000000060b000000, 0x000000060b800000, 0x000000060b800000|100%|HC|  |TAMS 0x000000060b800000| PB 0x000000060b000000| Complete 
|1047|0x000000060b800000, 0x000000060c000000, 0x000000060c000000|100%|HC|  |TAMS 0x000000060c000000| PB 0x000000060b800000| Complete 
|1048|0x000000060c000000, 0x000000060c800000, 0x000000060c800000|100%|HC|  |TAMS 0x000000060c800000| PB 0x000000060c000000| Complete 
|1049|0x000000060c800000, 0x000000060d000000, 0x000000060d000000|100%|HC|  |TAMS 0x000000060d000000| PB 0x000000060c800000| Complete 
|1050|0x000000060d000000, 0x000000060d800000, 0x000000060d800000|100%|HC|  |TAMS 0x000000060d800000| PB 0x000000060d000000| Complete 
|1051|0x000000060d800000, 0x000000060e000000, 0x000000060e000000|100%|HC|  |TAMS 0x000000060e000000| PB 0x000000060d800000| Complete 
|1052|0x000000060e000000, 0x000000060e800000, 0x000000060e800000|100%|HC|  |TAMS 0x000000060e800000| PB 0x000000060e000000| Complete 
|1053|0x000000060e800000, 0x000000060f000000, 0x000000060f000000|100%|HC|  |TAMS 0x000000060f000000| PB 0x000000060e800000| Complete 
|1054|0x000000060f000000, 0x000000060f800000, 0x000000060f800000|100%|HC|  |TAMS 0x000000060f800000| PB 0x000000060f000000| Complete 
|1055|0x000000060f800000, 0x0000000610000000, 0x0000000610000000|100%|HC|  |TAMS 0x0000000610000000| PB 0x000000060f800000| Complete 
|1056|0x0000000610000000, 0x0000000610800000, 0x0000000610800000|100%|HC|  |TAMS 0x0000000610800000| PB 0x0000000610000000| Complete 
|1057|0x0000000610800000, 0x0000000611000000, 0x0000000611000000|100%|HC|  |TAMS 0x0000000611000000| PB 0x0000000610800000| Complete 
|1058|0x0000000611000000, 0x0000000611800000, 0x0000000611800000|100%|HC|  |TAMS 0x0000000611800000| PB 0x0000000611000000| Complete 
|1059|0x0000000611800000, 0x0000000612000000, 0x0000000612000000|100%|HC|  |TAMS 0x0000000612000000| PB 0x0000000611800000| Complete 
|1060|0x0000000612000000, 0x0000000612800000, 0x0000000612800000|100%|HC|  |TAMS 0x0000000612800000| PB 0x0000000612000000| Complete 
|1061|0x0000000612800000, 0x0000000613000000, 0x0000000613000000|100%|HC|  |TAMS 0x0000000613000000| PB 0x0000000612800000| Complete 
|1062|0x0000000613000000, 0x0000000613800000, 0x0000000613800000|100%|HC|  |TAMS 0x0000000613800000| PB 0x0000000613000000| Complete 
|1063|0x0000000613800000, 0x0000000614000000, 0x0000000614000000|100%|HC|  |TAMS 0x0000000614000000| PB 0x0000000613800000| Complete 
|1064|0x0000000614000000, 0x0000000614800000, 0x0000000614800000|100%|HC|  |TAMS 0x0000000614800000| PB 0x0000000614000000| Complete 
|1065|0x0000000614800000, 0x0000000615000000, 0x0000000615000000|100%|HC|  |TAMS 0x0000000615000000| PB 0x0000000614800000| Complete 
|1066|0x0000000615000000, 0x0000000615800000, 0x0000000615800000|100%|HC|  |TAMS 0x0000000615800000| PB 0x0000000615000000| Complete 
|1067|0x0000000615800000, 0x0000000616000000, 0x0000000616000000|100%|HC|  |TAMS 0x0000000616000000| PB 0x0000000615800000| Complete 
|1068|0x0000000616000000, 0x0000000616800000, 0x0000000616800000|100%|HC|  |TAMS 0x0000000616800000| PB 0x0000000616000000| Complete 
|1069|0x0000000616800000, 0x0000000617000000, 0x0000000617000000|100%|HC|  |TAMS 0x0000000617000000| PB 0x0000000616800000| Complete 
|1070|0x0000000617000000, 0x0000000617800000, 0x0000000617800000|100%|HC|  |TAMS 0x0000000617800000| PB 0x0000000617000000| Complete 
|1071|0x0000000617800000, 0x0000000618000000, 0x0000000618000000|100%|HC|  |TAMS 0x0000000618000000| PB 0x0000000617800000| Complete 
|1072|0x0000000618000000, 0x0000000618800000, 0x0000000618800000|100%|HC|  |TAMS 0x0000000618800000| PB 0x0000000618000000| Complete 
|1073|0x0000000618800000, 0x0000000619000000, 0x0000000619000000|100%|HC|  |TAMS 0x0000000619000000| PB 0x0000000618800000| Complete 
|1074|0x0000000619000000, 0x0000000619800000, 0x0000000619800000|100%|HC|  |TAMS 0x0000000619800000| PB 0x0000000619000000| Complete 
|1075|0x0000000619800000, 0x000000061a000000, 0x000000061a000000|100%|HC|  |TAMS 0x000000061a000000| PB 0x0000000619800000| Complete 
|1076|0x000000061a000000, 0x000000061a800000, 0x000000061a800000|100%|HC|  |TAMS 0x000000061a800000| PB 0x000000061a000000| Complete 
|1077|0x000000061a800000, 0x000000061b000000, 0x000000061b000000|100%|HC|  |TAMS 0x000000061b000000| PB 0x000000061a800000| Complete 
|1078|0x000000061b000000, 0x000000061b800000, 0x000000061b800000|100%|HC|  |TAMS 0x000000061b800000| PB 0x000000061b000000| Complete 
|1079|0x000000061b800000, 0x000000061c000000, 0x000000061c000000|100%|HC|  |TAMS 0x000000061c000000| PB 0x000000061b800000| Complete 
|1080|0x000000061c000000, 0x000000061c800000, 0x000000061c800000|100%|HC|  |TAMS 0x000000061c800000| PB 0x000000061c000000| Complete 
|1081|0x000000061c800000, 0x000000061d000000, 0x000000061d000000|100%|HC|  |TAMS 0x000000061d000000| PB 0x000000061c800000| Complete 
|1082|0x000000061d000000, 0x000000061d800000, 0x000000061d800000|100%|HC|  |TAMS 0x000000061d800000| PB 0x000000061d000000| Complete 
|1083|0x000000061d800000, 0x000000061e000000, 0x000000061e000000|100%|HC|  |TAMS 0x000000061e000000| PB 0x000000061d800000| Complete 
|1084|0x000000061e000000, 0x000000061e800000, 0x000000061e800000|100%|HC|  |TAMS 0x000000061e800000| PB 0x000000061e000000| Complete 
|1085|0x000000061e800000, 0x000000061f000000, 0x000000061f000000|100%|HC|  |TAMS 0x000000061f000000| PB 0x000000061e800000| Complete 
|1086|0x000000061f000000, 0x000000061f800000, 0x000000061f800000|100%|HC|  |TAMS 0x000000061f800000| PB 0x000000061f000000| Complete 
|1087|0x000000061f800000, 0x0000000620000000, 0x0000000620000000|100%|HC|  |TAMS 0x0000000620000000| PB 0x000000061f800000| Complete 
|1088|0x0000000620000000, 0x0000000620800000, 0x0000000620800000|100%|HC|  |TAMS 0x0000000620800000| PB 0x0000000620000000| Complete 
|1089|0x0000000620800000, 0x0000000621000000, 0x0000000621000000|100%|HC|  |TAMS 0x0000000621000000| PB 0x0000000620800000| Complete 
|1090|0x0000000621000000, 0x0000000621800000, 0x0000000621800000|100%|HC|  |TAMS 0x0000000621800000| PB 0x0000000621000000| Complete 
|1091|0x0000000621800000, 0x0000000622000000, 0x0000000622000000|100%|HC|  |TAMS 0x0000000622000000| PB 0x0000000621800000| Complete 
|1092|0x0000000622000000, 0x0000000622800000, 0x0000000622800000|100%|HC|  |TAMS 0x0000000622800000| PB 0x0000000622000000| Complete 
|1093|0x0000000622800000, 0x0000000623000000, 0x0000000623000000|100%|HC|  |TAMS 0x0000000623000000| PB 0x0000000622800000| Complete 
|1094|0x0000000623000000, 0x0000000623800000, 0x0000000623800000|100%|HC|  |TAMS 0x0000000623800000| PB 0x0000000623000000| Complete 
|1095|0x0000000623800000, 0x0000000624000000, 0x0000000624000000|100%|HC|  |TAMS 0x0000000624000000| PB 0x0000000623800000| Complete 
|1096|0x0000000624000000, 0x0000000624800000, 0x0000000624800000|100%|HC|  |TAMS 0x0000000624800000| PB 0x0000000624000000| Complete 
|1097|0x0000000624800000, 0x0000000625000000, 0x0000000625000000|100%|HC|  |TAMS 0x0000000625000000| PB 0x0000000624800000| Complete 
|1098|0x0000000625000000, 0x0000000625800000, 0x0000000625800000|100%|HC|  |TAMS 0x0000000625800000| PB 0x0000000625000000| Complete 
|1099|0x0000000625800000, 0x0000000626000000, 0x0000000626000000|100%|HC|  |TAMS 0x0000000626000000| PB 0x0000000625800000| Complete 
|1100|0x0000000626000000, 0x0000000626800000, 0x0000000626800000|100%|HC|  |TAMS 0x0000000626800000| PB 0x0000000626000000| Complete 
|1101|0x0000000626800000, 0x0000000627000000, 0x0000000627000000|100%|HC|  |TAMS 0x0000000627000000| PB 0x0000000626800000| Complete 
|1102|0x0000000627000000, 0x0000000627800000, 0x0000000627800000|100%|HC|  |TAMS 0x0000000627800000| PB 0x0000000627000000| Complete 
|1103|0x0000000627800000, 0x0000000628000000, 0x0000000628000000|100%|HC|  |TAMS 0x0000000628000000| PB 0x0000000627800000| Complete 
|1104|0x0000000628000000, 0x0000000628800000, 0x0000000628800000|100%|HC|  |TAMS 0x0000000628800000| PB 0x0000000628000000| Complete 
|1105|0x0000000628800000, 0x0000000629000000, 0x0000000629000000|100%|HC|  |TAMS 0x0000000629000000| PB 0x0000000628800000| Complete 
|1106|0x0000000629000000, 0x0000000629800000, 0x0000000629800000|100%|HC|  |TAMS 0x0000000629800000| PB 0x0000000629000000| Complete 
|1107|0x0000000629800000, 0x000000062a000000, 0x000000062a000000|100%|HC|  |TAMS 0x000000062a000000| PB 0x0000000629800000| Complete 
|1108|0x000000062a000000, 0x000000062a800000, 0x000000062a800000|100%|HC|  |TAMS 0x000000062a800000| PB 0x000000062a000000| Complete 
|1109|0x000000062a800000, 0x000000062b000000, 0x000000062b000000|100%|HC|  |TAMS 0x000000062b000000| PB 0x000000062a800000| Complete 
|1110|0x000000062b000000, 0x000000062b800000, 0x000000062b800000|100%|HC|  |TAMS 0x000000062b800000| PB 0x000000062b000000| Complete 
|1111|0x000000062b800000, 0x000000062c000000, 0x000000062c000000|100%|HC|  |TAMS 0x000000062c000000| PB 0x000000062b800000| Complete 
|1112|0x000000062c000000, 0x000000062c800000, 0x000000062c800000|100%|HC|  |TAMS 0x000000062c800000| PB 0x000000062c000000| Complete 
|1113|0x000000062c800000, 0x000000062d000000, 0x000000062d000000|100%|HC|  |TAMS 0x000000062d000000| PB 0x000000062c800000| Complete 
|1114|0x000000062d000000, 0x000000062d800000, 0x000000062d800000|100%|HC|  |TAMS 0x000000062d800000| PB 0x000000062d000000| Complete 
|1115|0x000000062d800000, 0x000000062e000000, 0x000000062e000000|100%|HC|  |TAMS 0x000000062e000000| PB 0x000000062d800000| Complete 
|1116|0x000000062e000000, 0x000000062e800000, 0x000000062e800000|100%|HC|  |TAMS 0x000000062e800000| PB 0x000000062e000000| Complete 
|1117|0x000000062e800000, 0x000000062f000000, 0x000000062f000000|100%|HC|  |TAMS 0x000000062f000000| PB 0x000000062e800000| Complete 
|1118|0x000000062f000000, 0x000000062f800000, 0x000000062f800000|100%|HC|  |TAMS 0x000000062f800000| PB 0x000000062f000000| Complete 
|1119|0x000000062f800000, 0x0000000630000000, 0x0000000630000000|100%|HC|  |TAMS 0x0000000630000000| PB 0x000000062f800000| Complete 
|1120|0x0000000630000000, 0x0000000630800000, 0x0000000630800000|100%|HC|  |TAMS 0x0000000630800000| PB 0x0000000630000000| Complete 
|1121|0x0000000630800000, 0x0000000631000000, 0x0000000631000000|100%|HC|  |TAMS 0x0000000631000000| PB 0x0000000630800000| Complete 
|1122|0x0000000631000000, 0x0000000631800000, 0x0000000631800000|100%|HC|  |TAMS 0x0000000631800000| PB 0x0000000631000000| Complete 
|1123|0x0000000631800000, 0x0000000632000000, 0x0000000632000000|100%|HC|  |TAMS 0x0000000632000000| PB 0x0000000631800000| Complete 
|1124|0x0000000632000000, 0x0000000632800000, 0x0000000632800000|100%|HC|  |TAMS 0x0000000632800000| PB 0x0000000632000000| Complete 
|1125|0x0000000632800000, 0x0000000633000000, 0x0000000633000000|100%|HC|  |TAMS 0x0000000633000000| PB 0x0000000632800000| Complete 
|1126|0x0000000633000000, 0x0000000633800000, 0x0000000633800000|100%|HC|  |TAMS 0x0000000633800000| PB 0x0000000633000000| Complete 
|1127|0x0000000633800000, 0x0000000634000000, 0x0000000634000000|100%|HC|  |TAMS 0x0000000634000000| PB 0x0000000633800000| Complete 
|1128|0x0000000634000000, 0x0000000634800000, 0x0000000634800000|100%|HC|  |TAMS 0x0000000634800000| PB 0x0000000634000000| Complete 
|1129|0x0000000634800000, 0x0000000635000000, 0x0000000635000000|100%|HC|  |TAMS 0x0000000635000000| PB 0x0000000634800000| Complete 
|1130|0x0000000635000000, 0x0000000635800000, 0x0000000635800000|100%|HC|  |TAMS 0x0000000635800000| PB 0x0000000635000000| Complete 
|1131|0x0000000635800000, 0x0000000636000000, 0x0000000636000000|100%|HC|  |TAMS 0x0000000636000000| PB 0x0000000635800000| Complete 
|1132|0x0000000636000000, 0x0000000636800000, 0x0000000636800000|100%|HC|  |TAMS 0x0000000636800000| PB 0x0000000636000000| Complete 
|1133|0x0000000636800000, 0x0000000637000000, 0x0000000637000000|100%|HC|  |TAMS 0x0000000637000000| PB 0x0000000636800000| Complete 
|1134|0x0000000637000000, 0x0000000637800000, 0x0000000637800000|100%|HC|  |TAMS 0x0000000637800000| PB 0x0000000637000000| Complete 
|1135|0x0000000637800000, 0x0000000638000000, 0x0000000638000000|100%|HC|  |TAMS 0x0000000638000000| PB 0x0000000637800000| Complete 
|1136|0x0000000638000000, 0x0000000638800000, 0x0000000638800000|100%|HC|  |TAMS 0x0000000638800000| PB 0x0000000638000000| Complete 
|1137|0x0000000638800000, 0x0000000639000000, 0x0000000639000000|100%|HC|  |TAMS 0x0000000639000000| PB 0x0000000638800000| Complete 
|1138|0x0000000639000000, 0x0000000639800000, 0x0000000639800000|100%|HC|  |TAMS 0x0000000639800000| PB 0x0000000639000000| Complete 
|1139|0x0000000639800000, 0x000000063a000000, 0x000000063a000000|100%|HC|  |TAMS 0x000000063a000000| PB 0x0000000639800000| Complete 
|1140|0x000000063a000000, 0x000000063a800000, 0x000000063a800000|100%|HC|  |TAMS 0x000000063a800000| PB 0x000000063a000000| Complete 
|1141|0x000000063a800000, 0x000000063b000000, 0x000000063b000000|100%|HC|  |TAMS 0x000000063b000000| PB 0x000000063a800000| Complete 
|1142|0x000000063b000000, 0x000000063b800000, 0x000000063b800000|100%|HC|  |TAMS 0x000000063b800000| PB 0x000000063b000000| Complete 
|1143|0x000000063b800000, 0x000000063c000000, 0x000000063c000000|100%|HC|  |TAMS 0x000000063c000000| PB 0x000000063b800000| Complete 
|1144|0x000000063c000000, 0x000000063c800000, 0x000000063c800000|100%|HC|  |TAMS 0x000000063c800000| PB 0x000000063c000000| Complete 
|1145|0x000000063c800000, 0x000000063d000000, 0x000000063d000000|100%|HC|  |TAMS 0x000000063d000000| PB 0x000000063c800000| Complete 
|1146|0x000000063d000000, 0x000000063d800000, 0x000000063d800000|100%|HC|  |TAMS 0x000000063d800000| PB 0x000000063d000000| Complete 
|1147|0x000000063d800000, 0x000000063e000000, 0x000000063e000000|100%|HC|  |TAMS 0x000000063e000000| PB 0x000000063d800000| Complete 
|1148|0x000000063e000000, 0x000000063e800000, 0x000000063e800000|100%|HC|  |TAMS 0x000000063e800000| PB 0x000000063e000000| Complete 
|1149|0x000000063e800000, 0x000000063f000000, 0x000000063f000000|100%|HC|  |TAMS 0x000000063f000000| PB 0x000000063e800000| Complete 
|1150|0x000000063f000000, 0x000000063f800000, 0x000000063f800000|100%|HC|  |TAMS 0x000000063f800000| PB 0x000000063f000000| Complete 
|1151|0x000000063f800000, 0x0000000640000000, 0x0000000640000000|100%|HC|  |TAMS 0x0000000640000000| PB 0x000000063f800000| Complete 
|1152|0x0000000640000000, 0x0000000640800000, 0x0000000640800000|100%|HC|  |TAMS 0x0000000640800000| PB 0x0000000640000000| Complete 
|1153|0x0000000640800000, 0x0000000641000000, 0x0000000641000000|100%|HC|  |TAMS 0x0000000641000000| PB 0x0000000640800000| Complete 
|1154|0x0000000641000000, 0x0000000641800000, 0x0000000641800000|100%|HC|  |TAMS 0x0000000641800000| PB 0x0000000641000000| Complete 
|1155|0x0000000641800000, 0x0000000642000000, 0x0000000642000000|100%|HC|  |TAMS 0x0000000642000000| PB 0x0000000641800000| Complete 
|1156|0x0000000642000000, 0x0000000642800000, 0x0000000642800000|100%|HC|  |TAMS 0x0000000642800000| PB 0x0000000642000000| Complete 
|1157|0x0000000642800000, 0x0000000643000000, 0x0000000643000000|100%|HC|  |TAMS 0x0000000643000000| PB 0x0000000642800000| Complete 
|1158|0x0000000643000000, 0x0000000643800000, 0x0000000643800000|100%|HC|  |TAMS 0x0000000643800000| PB 0x0000000643000000| Complete 
|1159|0x0000000643800000, 0x0000000644000000, 0x0000000644000000|100%|HC|  |TAMS 0x0000000644000000| PB 0x0000000643800000| Complete 
|1160|0x0000000644000000, 0x0000000644800000, 0x0000000644800000|100%|HC|  |TAMS 0x0000000644800000| PB 0x0000000644000000| Complete 
|1161|0x0000000644800000, 0x0000000645000000, 0x0000000645000000|100%|HC|  |TAMS 0x0000000645000000| PB 0x0000000644800000| Complete 
|1162|0x0000000645000000, 0x0000000645800000, 0x0000000645800000|100%|HC|  |TAMS 0x0000000645800000| PB 0x0000000645000000| Complete 
|1163|0x0000000645800000, 0x0000000646000000, 0x0000000646000000|100%|HC|  |TAMS 0x0000000646000000| PB 0x0000000645800000| Complete 
|1164|0x0000000646000000, 0x0000000646800000, 0x0000000646800000|100%|HC|  |TAMS 0x0000000646800000| PB 0x0000000646000000| Complete 
|1165|0x0000000646800000, 0x0000000647000000, 0x0000000647000000|100%|HC|  |TAMS 0x0000000647000000| PB 0x0000000646800000| Complete 
|1166|0x0000000647000000, 0x0000000647800000, 0x0000000647800000|100%|HC|  |TAMS 0x0000000647800000| PB 0x0000000647000000| Complete 
|1167|0x0000000647800000, 0x0000000648000000, 0x0000000648000000|100%|HC|  |TAMS 0x0000000648000000| PB 0x0000000647800000| Complete 
|1168|0x0000000648000000, 0x0000000648800000, 0x0000000648800000|100%|HC|  |TAMS 0x0000000648800000| PB 0x0000000648000000| Complete 
|1169|0x0000000648800000, 0x0000000649000000, 0x0000000649000000|100%|HC|  |TAMS 0x0000000649000000| PB 0x0000000648800000| Complete 
|1170|0x0000000649000000, 0x0000000649800000, 0x0000000649800000|100%|HC|  |TAMS 0x0000000649800000| PB 0x0000000649000000| Complete 
|1171|0x0000000649800000, 0x000000064a000000, 0x000000064a000000|100%|HC|  |TAMS 0x000000064a000000| PB 0x0000000649800000| Complete 
|1172|0x000000064a000000, 0x000000064a800000, 0x000000064a800000|100%|HC|  |TAMS 0x000000064a800000| PB 0x000000064a000000| Complete 
|1173|0x000000064a800000, 0x000000064b000000, 0x000000064b000000|100%|HC|  |TAMS 0x000000064b000000| PB 0x000000064a800000| Complete 
|1174|0x000000064b000000, 0x000000064b800000, 0x000000064b800000|100%|HC|  |TAMS 0x000000064b800000| PB 0x000000064b000000| Complete 
|1175|0x000000064b800000, 0x000000064c000000, 0x000000064c000000|100%|HC|  |TAMS 0x000000064c000000| PB 0x000000064b800000| Complete 
|1176|0x000000064c000000, 0x000000064c800000, 0x000000064c800000|100%|HC|  |TAMS 0x000000064c800000| PB 0x000000064c000000| Complete 
|1177|0x000000064c800000, 0x000000064d000000, 0x000000064d000000|100%|HC|  |TAMS 0x000000064d000000| PB 0x000000064c800000| Complete 
|1178|0x000000064d000000, 0x000000064d800000, 0x000000064d800000|100%|HC|  |TAMS 0x000000064d800000| PB 0x000000064d000000| Complete 
|1179|0x000000064d800000, 0x000000064e000000, 0x000000064e000000|100%|HC|  |TAMS 0x000000064e000000| PB 0x000000064d800000| Complete 
|1180|0x000000064e000000, 0x000000064e800000, 0x000000064e800000|100%|HC|  |TAMS 0x000000064e800000| PB 0x000000064e000000| Complete 
|1181|0x000000064e800000, 0x000000064f000000, 0x000000064f000000|100%|HC|  |TAMS 0x000000064f000000| PB 0x000000064e800000| Complete 
|1182|0x000000064f000000, 0x000000064f800000, 0x000000064f800000|100%|HC|  |TAMS 0x000000064f800000| PB 0x000000064f000000| Complete 
|1183|0x000000064f800000, 0x0000000650000000, 0x0000000650000000|100%|HC|  |TAMS 0x0000000650000000| PB 0x000000064f800000| Complete 
|1184|0x0000000650000000, 0x0000000650800000, 0x0000000650800000|100%|HC|  |TAMS 0x0000000650800000| PB 0x0000000650000000| Complete 
|1185|0x0000000650800000, 0x0000000651000000, 0x0000000651000000|100%|HC|  |TAMS 0x0000000651000000| PB 0x0000000650800000| Complete 
|1186|0x0000000651000000, 0x0000000651800000, 0x0000000651800000|100%|HC|  |TAMS 0x0000000651800000| PB 0x0000000651000000| Complete 
|1187|0x0000000651800000, 0x0000000652000000, 0x0000000652000000|100%|HC|  |TAMS 0x0000000652000000| PB 0x0000000651800000| Complete 
|1188|0x0000000652000000, 0x0000000652800000, 0x0000000652800000|100%|HC|  |TAMS 0x0000000652800000| PB 0x0000000652000000| Complete 
|1189|0x0000000652800000, 0x0000000653000000, 0x0000000653000000|100%|HC|  |TAMS 0x0000000653000000| PB 0x0000000652800000| Complete 
|1190|0x0000000653000000, 0x0000000653800000, 0x0000000653800000|100%|HC|  |TAMS 0x0000000653800000| PB 0x0000000653000000| Complete 
|1191|0x0000000653800000, 0x0000000654000000, 0x0000000654000000|100%|HC|  |TAMS 0x0000000654000000| PB 0x0000000653800000| Complete 
|1192|0x0000000654000000, 0x0000000654800000, 0x0000000654800000|100%|HC|  |TAMS 0x0000000654800000| PB 0x0000000654000000| Complete 
|1193|0x0000000654800000, 0x0000000655000000, 0x0000000655000000|100%|HC|  |TAMS 0x0000000655000000| PB 0x0000000654800000| Complete 
|1194|0x0000000655000000, 0x0000000655800000, 0x0000000655800000|100%|HC|  |TAMS 0x0000000655800000| PB 0x0000000655000000| Complete 
|1195|0x0000000655800000, 0x0000000656000000, 0x0000000656000000|100%|HC|  |TAMS 0x0000000656000000| PB 0x0000000655800000| Complete 
|1196|0x0000000656000000, 0x0000000656800000, 0x0000000656800000|100%|HC|  |TAMS 0x0000000656800000| PB 0x0000000656000000| Complete 
|1197|0x0000000656800000, 0x0000000657000000, 0x0000000657000000|100%|HC|  |TAMS 0x0000000657000000| PB 0x0000000656800000| Complete 
|1198|0x0000000657000000, 0x0000000657800000, 0x0000000657800000|100%|HC|  |TAMS 0x0000000657800000| PB 0x0000000657000000| Complete 
|1199|0x0000000657800000, 0x0000000658000000, 0x0000000658000000|100%|HC|  |TAMS 0x0000000658000000| PB 0x0000000657800000| Complete 
|1200|0x0000000658000000, 0x0000000658800000, 0x0000000658800000|100%|HC|  |TAMS 0x0000000658800000| PB 0x0000000658000000| Complete 
|1201|0x0000000658800000, 0x0000000659000000, 0x0000000659000000|100%|HC|  |TAMS 0x0000000659000000| PB 0x0000000658800000| Complete 
|1202|0x0000000659000000, 0x0000000659800000, 0x0000000659800000|100%|HC|  |TAMS 0x0000000659800000| PB 0x0000000659000000| Complete 
|1203|0x0000000659800000, 0x000000065a000000, 0x000000065a000000|100%|HC|  |TAMS 0x000000065a000000| PB 0x0000000659800000| Complete 
|1204|0x000000065a000000, 0x000000065a800000, 0x000000065a800000|100%|HC|  |TAMS 0x000000065a800000| PB 0x000000065a000000| Complete 
|1205|0x000000065a800000, 0x000000065b000000, 0x000000065b000000|100%|HC|  |TAMS 0x000000065b000000| PB 0x000000065a800000| Complete 
|1206|0x000000065b000000, 0x000000065b800000, 0x000000065b800000|100%|HC|  |TAMS 0x000000065b800000| PB 0x000000065b000000| Complete 
|1207|0x000000065b800000, 0x000000065c000000, 0x000000065c000000|100%|HC|  |TAMS 0x000000065c000000| PB 0x000000065b800000| Complete 
|1208|0x000000065c000000, 0x000000065c800000, 0x000000065c800000|100%|HC|  |TAMS 0x000000065c800000| PB 0x000000065c000000| Complete 
|1209|0x000000065c800000, 0x000000065d000000, 0x000000065d000000|100%|HC|  |TAMS 0x000000065d000000| PB 0x000000065c800000| Complete 
|1210|0x000000065d000000, 0x000000065d800000, 0x000000065d800000|100%|HC|  |TAMS 0x000000065d800000| PB 0x000000065d000000| Complete 
|1211|0x000000065d800000, 0x000000065e000000, 0x000000065e000000|100%|HC|  |TAMS 0x000000065e000000| PB 0x000000065d800000| Complete 
|1212|0x000000065e000000, 0x000000065e800000, 0x000000065e800000|100%|HC|  |TAMS 0x000000065e800000| PB 0x000000065e000000| Complete 
|1213|0x000000065e800000, 0x000000065f000000, 0x000000065f000000|100%|HC|  |TAMS 0x000000065f000000| PB 0x000000065e800000| Complete 
|1214|0x000000065f000000, 0x000000065f800000, 0x000000065f800000|100%|HC|  |TAMS 0x000000065f800000| PB 0x000000065f000000| Complete 
|1215|0x000000065f800000, 0x0000000660000000, 0x0000000660000000|100%|HC|  |TAMS 0x0000000660000000| PB 0x000000065f800000| Complete 
|1216|0x0000000660000000, 0x0000000660800000, 0x0000000660800000|100%|HC|  |TAMS 0x0000000660800000| PB 0x0000000660000000| Complete 
|1217|0x0000000660800000, 0x0000000661000000, 0x0000000661000000|100%|HC|  |TAMS 0x0000000661000000| PB 0x0000000660800000| Complete 
|1218|0x0000000661000000, 0x0000000661800000, 0x0000000661800000|100%|HC|  |TAMS 0x0000000661800000| PB 0x0000000661000000| Complete 
|1219|0x0000000661800000, 0x0000000662000000, 0x0000000662000000|100%|HC|  |TAMS 0x0000000662000000| PB 0x0000000661800000| Complete 
|1220|0x0000000662000000, 0x0000000662800000, 0x0000000662800000|100%|HC|  |TAMS 0x0000000662800000| PB 0x0000000662000000| Complete 
|1221|0x0000000662800000, 0x0000000663000000, 0x0000000663000000|100%|HC|  |TAMS 0x0000000663000000| PB 0x0000000662800000| Complete 
|1222|0x0000000663000000, 0x0000000663800000, 0x0000000663800000|100%|HC|  |TAMS 0x0000000663800000| PB 0x0000000663000000| Complete 
|1223|0x0000000663800000, 0x0000000664000000, 0x0000000664000000|100%|HC|  |TAMS 0x0000000664000000| PB 0x0000000663800000| Complete 
|1224|0x0000000664000000, 0x0000000664800000, 0x0000000664800000|100%|HC|  |TAMS 0x0000000664800000| PB 0x0000000664000000| Complete 
|1225|0x0000000664800000, 0x0000000665000000, 0x0000000665000000|100%|HC|  |TAMS 0x0000000665000000| PB 0x0000000664800000| Complete 
|1226|0x0000000665000000, 0x0000000665800000, 0x0000000665800000|100%|HC|  |TAMS 0x0000000665800000| PB 0x0000000665000000| Complete 
|1227|0x0000000665800000, 0x0000000666000000, 0x0000000666000000|100%|HC|  |TAMS 0x0000000666000000| PB 0x0000000665800000| Complete 
|1228|0x0000000666000000, 0x0000000666800000, 0x0000000666800000|100%|HC|  |TAMS 0x0000000666800000| PB 0x0000000666000000| Complete 
|1229|0x0000000666800000, 0x0000000667000000, 0x0000000667000000|100%|HC|  |TAMS 0x0000000667000000| PB 0x0000000666800000| Complete 
|1230|0x0000000667000000, 0x0000000667800000, 0x0000000667800000|100%|HC|  |TAMS 0x0000000667800000| PB 0x0000000667000000| Complete 
|1231|0x0000000667800000, 0x0000000668000000, 0x0000000668000000|100%|HC|  |TAMS 0x0000000668000000| PB 0x0000000667800000| Complete 
|1232|0x0000000668000000, 0x0000000668800000, 0x0000000668800000|100%|HC|  |TAMS 0x0000000668800000| PB 0x0000000668000000| Complete 
|1233|0x0000000668800000, 0x0000000669000000, 0x0000000669000000|100%|HC|  |TAMS 0x0000000669000000| PB 0x0000000668800000| Complete 
|1234|0x0000000669000000, 0x0000000669800000, 0x0000000669800000|100%|HC|  |TAMS 0x0000000669800000| PB 0x0000000669000000| Complete 
|1235|0x0000000669800000, 0x000000066a000000, 0x000000066a000000|100%|HC|  |TAMS 0x000000066a000000| PB 0x0000000669800000| Complete 
|1236|0x000000066a000000, 0x000000066a800000, 0x000000066a800000|100%|HC|  |TAMS 0x000000066a800000| PB 0x000000066a000000| Complete 
|1237|0x000000066a800000, 0x000000066b000000, 0x000000066b000000|100%|HC|  |TAMS 0x000000066b000000| PB 0x000000066a800000| Complete 
|1238|0x000000066b000000, 0x000000066b800000, 0x000000066b800000|100%|HC|  |TAMS 0x000000066b800000| PB 0x000000066b000000| Complete 
|1239|0x000000066b800000, 0x000000066c000000, 0x000000066c000000|100%|HC|  |TAMS 0x000000066c000000| PB 0x000000066b800000| Complete 
|1240|0x000000066c000000, 0x000000066c800000, 0x000000066c800000|100%|HC|  |TAMS 0x000000066c800000| PB 0x000000066c000000| Complete 
|1241|0x000000066c800000, 0x000000066d000000, 0x000000066d000000|100%|HC|  |TAMS 0x000000066d000000| PB 0x000000066c800000| Complete 
|1242|0x000000066d000000, 0x000000066d800000, 0x000000066d800000|100%|HC|  |TAMS 0x000000066d800000| PB 0x000000066d000000| Complete 
|1243|0x000000066d800000, 0x000000066e000000, 0x000000066e000000|100%|HC|  |TAMS 0x000000066e000000| PB 0x000000066d800000| Complete 
|1244|0x000000066e000000, 0x000000066e800000, 0x000000066e800000|100%|HC|  |TAMS 0x000000066e800000| PB 0x000000066e000000| Complete 
|1245|0x000000066e800000, 0x000000066f000000, 0x000000066f000000|100%|HC|  |TAMS 0x000000066f000000| PB 0x000000066e800000| Complete 
|1246|0x000000066f000000, 0x000000066f800000, 0x000000066f800000|100%|HC|  |TAMS 0x000000066f800000| PB 0x000000066f000000| Complete 
|1247|0x000000066f800000, 0x0000000670000000, 0x0000000670000000|100%|HC|  |TAMS 0x0000000670000000| PB 0x000000066f800000| Complete 
|1248|0x0000000670000000, 0x0000000670800000, 0x0000000670800000|100%|HC|  |TAMS 0x0000000670800000| PB 0x0000000670000000| Complete 
|1249|0x0000000670800000, 0x0000000671000000, 0x0000000671000000|100%|HC|  |TAMS 0x0000000671000000| PB 0x0000000670800000| Complete 
|1250|0x0000000671000000, 0x0000000671800000, 0x0000000671800000|100%|HC|  |TAMS 0x0000000671800000| PB 0x0000000671000000| Complete 
|1251|0x0000000671800000, 0x0000000672000000, 0x0000000672000000|100%|HC|  |TAMS 0x0000000672000000| PB 0x0000000671800000| Complete 
|1252|0x0000000672000000, 0x0000000672800000, 0x0000000672800000|100%|HC|  |TAMS 0x0000000672800000| PB 0x0000000672000000| Complete 
|1253|0x0000000672800000, 0x0000000673000000, 0x0000000673000000|100%|HC|  |TAMS 0x0000000673000000| PB 0x0000000672800000| Complete 
|1254|0x0000000673000000, 0x0000000673800000, 0x0000000673800000|100%|HC|  |TAMS 0x0000000673800000| PB 0x0000000673000000| Complete 
|1255|0x0000000673800000, 0x0000000674000000, 0x0000000674000000|100%|HC|  |TAMS 0x0000000674000000| PB 0x0000000673800000| Complete 
|1256|0x0000000674000000, 0x0000000674800000, 0x0000000674800000|100%|HC|  |TAMS 0x0000000674800000| PB 0x0000000674000000| Complete 
|1257|0x0000000674800000, 0x0000000675000000, 0x0000000675000000|100%|HC|  |TAMS 0x0000000675000000| PB 0x0000000674800000| Complete 
|1258|0x0000000675000000, 0x0000000675800000, 0x0000000675800000|100%|HC|  |TAMS 0x0000000675800000| PB 0x0000000675000000| Complete 
|1259|0x0000000675800000, 0x0000000676000000, 0x0000000676000000|100%|HC|  |TAMS 0x0000000676000000| PB 0x0000000675800000| Complete 
|1260|0x0000000676000000, 0x0000000676800000, 0x0000000676800000|100%|HC|  |TAMS 0x0000000676800000| PB 0x0000000676000000| Complete 
|1261|0x0000000676800000, 0x0000000677000000, 0x0000000677000000|100%|HC|  |TAMS 0x0000000677000000| PB 0x0000000676800000| Complete 
|1262|0x0000000677000000, 0x0000000677800000, 0x0000000677800000|100%|HC|  |TAMS 0x0000000677800000| PB 0x0000000677000000| Complete 
|1263|0x0000000677800000, 0x0000000678000000, 0x0000000678000000|100%|HC|  |TAMS 0x0000000678000000| PB 0x0000000677800000| Complete 
|1264|0x0000000678000000, 0x0000000678800000, 0x0000000678800000|100%|HC|  |TAMS 0x0000000678800000| PB 0x0000000678000000| Complete 
|1265|0x0000000678800000, 0x0000000679000000, 0x0000000679000000|100%|HC|  |TAMS 0x0000000679000000| PB 0x0000000678800000| Complete 
|1266|0x0000000679000000, 0x0000000679800000, 0x0000000679800000|100%|HC|  |TAMS 0x0000000679800000| PB 0x0000000679000000| Complete 
|1267|0x0000000679800000, 0x000000067a000000, 0x000000067a000000|100%|HC|  |TAMS 0x000000067a000000| PB 0x0000000679800000| Complete 
|1268|0x000000067a000000, 0x000000067a800000, 0x000000067a800000|100%|HC|  |TAMS 0x000000067a800000| PB 0x000000067a000000| Complete 
|1269|0x000000067a800000, 0x000000067b000000, 0x000000067b000000|100%|HC|  |TAMS 0x000000067b000000| PB 0x000000067a800000| Complete 
|1270|0x000000067b000000, 0x000000067b800000, 0x000000067b800000|100%|HC|  |TAMS 0x000000067b800000| PB 0x000000067b000000| Complete 
|1271|0x000000067b800000, 0x000000067c000000, 0x000000067c000000|100%|HC|  |TAMS 0x000000067c000000| PB 0x000000067b800000| Complete 
|1272|0x000000067c000000, 0x000000067c800000, 0x000000067c800000|100%|HC|  |TAMS 0x000000067c800000| PB 0x000000067c000000| Complete 
|1273|0x000000067c800000, 0x000000067d000000, 0x000000067d000000|100%|HC|  |TAMS 0x000000067d000000| PB 0x000000067c800000| Complete 
|1274|0x000000067d000000, 0x000000067d800000, 0x000000067d800000|100%|HC|  |TAMS 0x000000067d800000| PB 0x000000067d000000| Complete 
|1275|0x000000067d800000, 0x000000067e000000, 0x000000067e000000|100%|HC|  |TAMS 0x000000067e000000| PB 0x000000067d800000| Complete 
|1276|0x000000067e000000, 0x000000067e800000, 0x000000067e800000|100%|HC|  |TAMS 0x000000067e800000| PB 0x000000067e000000| Complete 
|1277|0x000000067e800000, 0x000000067f000000, 0x000000067f000000|100%|HC|  |TAMS 0x000000067f000000| PB 0x000000067e800000| Complete 
|1278|0x000000067f000000, 0x000000067f800000, 0x000000067f800000|100%|HC|  |TAMS 0x000000067f800000| PB 0x000000067f000000| Complete 
|1279|0x000000067f800000, 0x0000000680000000, 0x0000000680000000|100%|HC|  |TAMS 0x0000000680000000| PB 0x000000067f800000| Complete 
|1280|0x0000000680000000, 0x0000000680800000, 0x0000000680800000|100%|HC|  |TAMS 0x0000000680800000| PB 0x0000000680000000| Complete 
|1281|0x0000000680800000, 0x0000000681000000, 0x0000000681000000|100%|HC|  |TAMS 0x0000000681000000| PB 0x0000000680800000| Complete 
|1282|0x0000000681000000, 0x0000000681800000, 0x0000000681800000|100%|HC|  |TAMS 0x0000000681800000| PB 0x0000000681000000| Complete 
|1283|0x0000000681800000, 0x0000000682000000, 0x0000000682000000|100%|HC|  |TAMS 0x0000000682000000| PB 0x0000000681800000| Complete 
|1284|0x0000000682000000, 0x0000000682800000, 0x0000000682800000|100%|HC|  |TAMS 0x0000000682800000| PB 0x0000000682000000| Complete 
|1285|0x0000000682800000, 0x0000000683000000, 0x0000000683000000|100%|HC|  |TAMS 0x0000000683000000| PB 0x0000000682800000| Complete 
|1286|0x0000000683000000, 0x0000000683800000, 0x0000000683800000|100%|HC|  |TAMS 0x0000000683800000| PB 0x0000000683000000| Complete 
|1287|0x0000000683800000, 0x0000000684000000, 0x0000000684000000|100%|HC|  |TAMS 0x0000000684000000| PB 0x0000000683800000| Complete 
|1288|0x0000000684000000, 0x0000000684800000, 0x0000000684800000|100%|HC|  |TAMS 0x0000000684800000| PB 0x0000000684000000| Complete 
|1289|0x0000000684800000, 0x0000000685000000, 0x0000000685000000|100%|HC|  |TAMS 0x0000000685000000| PB 0x0000000684800000| Complete 
|1290|0x0000000685000000, 0x0000000685800000, 0x0000000685800000|100%|HC|  |TAMS 0x0000000685800000| PB 0x0000000685000000| Complete 
|1291|0x0000000685800000, 0x0000000686000000, 0x0000000686000000|100%|HC|  |TAMS 0x0000000686000000| PB 0x0000000685800000| Complete 
|1292|0x0000000686000000, 0x0000000686800000, 0x0000000686800000|100%|HC|  |TAMS 0x0000000686800000| PB 0x0000000686000000| Complete 
|1293|0x0000000686800000, 0x0000000687000000, 0x0000000687000000|100%|HC|  |TAMS 0x0000000687000000| PB 0x0000000686800000| Complete 
|1294|0x0000000687000000, 0x0000000687800000, 0x0000000687800000|100%|HC|  |TAMS 0x0000000687800000| PB 0x0000000687000000| Complete 
|1295|0x0000000687800000, 0x0000000688000000, 0x0000000688000000|100%|HC|  |TAMS 0x0000000688000000| PB 0x0000000687800000| Complete 
|1296|0x0000000688000000, 0x0000000688800000, 0x0000000688800000|100%|HC|  |TAMS 0x0000000688800000| PB 0x0000000688000000| Complete 
|1297|0x0000000688800000, 0x0000000689000000, 0x0000000689000000|100%|HC|  |TAMS 0x0000000689000000| PB 0x0000000688800000| Complete 
|1298|0x0000000689000000, 0x0000000689800000, 0x0000000689800000|100%|HC|  |TAMS 0x0000000689800000| PB 0x0000000689000000| Complete 
|1299|0x0000000689800000, 0x000000068a000000, 0x000000068a000000|100%|HC|  |TAMS 0x000000068a000000| PB 0x0000000689800000| Complete 
|1300|0x000000068a000000, 0x000000068a800000, 0x000000068a800000|100%|HC|  |TAMS 0x000000068a800000| PB 0x000000068a000000| Complete 
|1301|0x000000068a800000, 0x000000068b000000, 0x000000068b000000|100%|HC|  |TAMS 0x000000068b000000| PB 0x000000068a800000| Complete 
|1302|0x000000068b000000, 0x000000068b800000, 0x000000068b800000|100%|HC|  |TAMS 0x000000068b800000| PB 0x000000068b000000| Complete 
|1303|0x000000068b800000, 0x000000068c000000, 0x000000068c000000|100%|HC|  |TAMS 0x000000068c000000| PB 0x000000068b800000| Complete 
|1304|0x000000068c000000, 0x000000068c800000, 0x000000068c800000|100%|HC|  |TAMS 0x000000068c800000| PB 0x000000068c000000| Complete 
|1305|0x000000068c800000, 0x000000068d000000, 0x000000068d000000|100%|HC|  |TAMS 0x000000068d000000| PB 0x000000068c800000| Complete 
|1306|0x000000068d000000, 0x000000068d800000, 0x000000068d800000|100%|HC|  |TAMS 0x000000068d800000| PB 0x000000068d000000| Complete 
|1307|0x000000068d800000, 0x000000068e000000, 0x000000068e000000|100%|HC|  |TAMS 0x000000068e000000| PB 0x000000068d800000| Complete 
|1308|0x000000068e000000, 0x000000068e800000, 0x000000068e800000|100%|HC|  |TAMS 0x000000068e800000| PB 0x000000068e000000| Complete 
|1309|0x000000068e800000, 0x000000068f000000, 0x000000068f000000|100%|HC|  |TAMS 0x000000068f000000| PB 0x000000068e800000| Complete 
|1310|0x000000068f000000, 0x000000068f800000, 0x000000068f800000|100%|HC|  |TAMS 0x000000068f800000| PB 0x000000068f000000| Complete 
|1311|0x000000068f800000, 0x0000000690000000, 0x0000000690000000|100%|HC|  |TAMS 0x0000000690000000| PB 0x000000068f800000| Complete 
|1312|0x0000000690000000, 0x0000000690800000, 0x0000000690800000|100%|HC|  |TAMS 0x0000000690800000| PB 0x0000000690000000| Complete 
|1313|0x0000000690800000, 0x0000000691000000, 0x0000000691000000|100%|HC|  |TAMS 0x0000000691000000| PB 0x0000000690800000| Complete 
|1314|0x0000000691000000, 0x0000000691800000, 0x0000000691800000|100%|HC|  |TAMS 0x0000000691800000| PB 0x0000000691000000| Complete 
|1315|0x0000000691800000, 0x0000000692000000, 0x0000000692000000|100%|HC|  |TAMS 0x0000000692000000| PB 0x0000000691800000| Complete 
|1316|0x0000000692000000, 0x0000000692800000, 0x0000000692800000|100%|HC|  |TAMS 0x0000000692800000| PB 0x0000000692000000| Complete 
|1317|0x0000000692800000, 0x0000000693000000, 0x0000000693000000|100%|HC|  |TAMS 0x0000000693000000| PB 0x0000000692800000| Complete 
|1318|0x0000000693000000, 0x0000000693800000, 0x0000000693800000|100%|HC|  |TAMS 0x0000000693800000| PB 0x0000000693000000| Complete 
|1319|0x0000000693800000, 0x0000000694000000, 0x0000000694000000|100%|HC|  |TAMS 0x0000000694000000| PB 0x0000000693800000| Complete 
|1320|0x0000000694000000, 0x0000000694800000, 0x0000000694800000|100%|HC|  |TAMS 0x0000000694800000| PB 0x0000000694000000| Complete 
|1321|0x0000000694800000, 0x0000000695000000, 0x0000000695000000|100%|HC|  |TAMS 0x0000000695000000| PB 0x0000000694800000| Complete 
|1322|0x0000000695000000, 0x0000000695800000, 0x0000000695800000|100%|HC|  |TAMS 0x0000000695800000| PB 0x0000000695000000| Complete 
|1323|0x0000000695800000, 0x0000000696000000, 0x0000000696000000|100%|HC|  |TAMS 0x0000000696000000| PB 0x0000000695800000| Complete 
|1324|0x0000000696000000, 0x0000000696800000, 0x0000000696800000|100%|HC|  |TAMS 0x0000000696800000| PB 0x0000000696000000| Complete 
|1325|0x0000000696800000, 0x0000000697000000, 0x0000000697000000|100%|HC|  |TAMS 0x0000000697000000| PB 0x0000000696800000| Complete 
|1326|0x0000000697000000, 0x0000000697800000, 0x0000000697800000|100%|HC|  |TAMS 0x0000000697800000| PB 0x0000000697000000| Complete 
|1327|0x0000000697800000, 0x0000000698000000, 0x0000000698000000|100%|HC|  |TAMS 0x0000000698000000| PB 0x0000000697800000| Complete 
|1328|0x0000000698000000, 0x0000000698800000, 0x0000000698800000|100%|HC|  |TAMS 0x0000000698800000| PB 0x0000000698000000| Complete 
|1329|0x0000000698800000, 0x0000000699000000, 0x0000000699000000|100%|HC|  |TAMS 0x0000000699000000| PB 0x0000000698800000| Complete 
|1330|0x0000000699000000, 0x0000000699800000, 0x0000000699800000|100%|HC|  |TAMS 0x0000000699800000| PB 0x0000000699000000| Complete 
|1331|0x0000000699800000, 0x000000069a000000, 0x000000069a000000|100%|HC|  |TAMS 0x000000069a000000| PB 0x0000000699800000| Complete 
|1332|0x000000069a000000, 0x000000069a800000, 0x000000069a800000|100%|HC|  |TAMS 0x000000069a800000| PB 0x000000069a000000| Complete 
|1333|0x000000069a800000, 0x000000069b000000, 0x000000069b000000|100%|HC|  |TAMS 0x000000069b000000| PB 0x000000069a800000| Complete 
|1334|0x000000069b000000, 0x000000069b800000, 0x000000069b800000|100%|HC|  |TAMS 0x000000069b800000| PB 0x000000069b000000| Complete 
|1335|0x000000069b800000, 0x000000069c000000, 0x000000069c000000|100%|HC|  |TAMS 0x000000069c000000| PB 0x000000069b800000| Complete 
|1336|0x000000069c000000, 0x000000069c800000, 0x000000069c800000|100%|HC|  |TAMS 0x000000069c800000| PB 0x000000069c000000| Complete 
|1337|0x000000069c800000, 0x000000069d000000, 0x000000069d000000|100%|HC|  |TAMS 0x000000069d000000| PB 0x000000069c800000| Complete 
|1338|0x000000069d000000, 0x000000069d800000, 0x000000069d800000|100%|HC|  |TAMS 0x000000069d800000| PB 0x000000069d000000| Complete 
|1339|0x000000069d800000, 0x000000069e000000, 0x000000069e000000|100%|HC|  |TAMS 0x000000069e000000| PB 0x000000069d800000| Complete 
|1340|0x000000069e000000, 0x000000069e800000, 0x000000069e800000|100%|HC|  |TAMS 0x000000069e800000| PB 0x000000069e000000| Complete 
|1341|0x000000069e800000, 0x000000069f000000, 0x000000069f000000|100%|HC|  |TAMS 0x000000069f000000| PB 0x000000069e800000| Complete 
|1342|0x000000069f000000, 0x000000069f800000, 0x000000069f800000|100%|HC|  |TAMS 0x000000069f800000| PB 0x000000069f000000| Complete 
|1343|0x000000069f800000, 0x00000006a0000000, 0x00000006a0000000|100%|HC|  |TAMS 0x00000006a0000000| PB 0x000000069f800000| Complete 
|1344|0x00000006a0000000, 0x00000006a0800000, 0x00000006a0800000|100%|HC|  |TAMS 0x00000006a0800000| PB 0x00000006a0000000| Complete 
|1345|0x00000006a0800000, 0x00000006a1000000, 0x00000006a1000000|100%|HC|  |TAMS 0x00000006a1000000| PB 0x00000006a0800000| Complete 
|1346|0x00000006a1000000, 0x00000006a1800000, 0x00000006a1800000|100%|HC|  |TAMS 0x00000006a1800000| PB 0x00000006a1000000| Complete 
|1347|0x00000006a1800000, 0x00000006a2000000, 0x00000006a2000000|100%|HC|  |TAMS 0x00000006a2000000| PB 0x00000006a1800000| Complete 
|1348|0x00000006a2000000, 0x00000006a2800000, 0x00000006a2800000|100%|HC|  |TAMS 0x00000006a2800000| PB 0x00000006a2000000| Complete 
|1349|0x00000006a2800000, 0x00000006a3000000, 0x00000006a3000000|100%|HC|  |TAMS 0x00000006a3000000| PB 0x00000006a2800000| Complete 
|1350|0x00000006a3000000, 0x00000006a3800000, 0x00000006a3800000|100%|HC|  |TAMS 0x00000006a3800000| PB 0x00000006a3000000| Complete 
|1351|0x00000006a3800000, 0x00000006a4000000, 0x00000006a4000000|100%|HC|  |TAMS 0x00000006a4000000| PB 0x00000006a3800000| Complete 
|1352|0x00000006a4000000, 0x00000006a4800000, 0x00000006a4800000|100%|HC|  |TAMS 0x00000006a4800000| PB 0x00000006a4000000| Complete 
|1353|0x00000006a4800000, 0x00000006a5000000, 0x00000006a5000000|100%|HC|  |TAMS 0x00000006a5000000| PB 0x00000006a4800000| Complete 
|1354|0x00000006a5000000, 0x00000006a5800000, 0x00000006a5800000|100%|HC|  |TAMS 0x00000006a5800000| PB 0x00000006a5000000| Complete 
|1355|0x00000006a5800000, 0x00000006a6000000, 0x00000006a6000000|100%|HC|  |TAMS 0x00000006a6000000| PB 0x00000006a5800000| Complete 
|1356|0x00000006a6000000, 0x00000006a6800000, 0x00000006a6800000|100%|HC|  |TAMS 0x00000006a6800000| PB 0x00000006a6000000| Complete 
|1357|0x00000006a6800000, 0x00000006a7000000, 0x00000006a7000000|100%|HC|  |TAMS 0x00000006a7000000| PB 0x00000006a6800000| Complete 
|1358|0x00000006a7000000, 0x00000006a7800000, 0x00000006a7800000|100%|HC|  |TAMS 0x00000006a7800000| PB 0x00000006a7000000| Complete 
|1359|0x00000006a7800000, 0x00000006a8000000, 0x00000006a8000000|100%|HC|  |TAMS 0x00000006a8000000| PB 0x00000006a7800000| Complete 
|1360|0x00000006a8000000, 0x00000006a8800000, 0x00000006a8800000|100%|HC|  |TAMS 0x00000006a8800000| PB 0x00000006a8000000| Complete 
|1361|0x00000006a8800000, 0x00000006a9000000, 0x00000006a9000000|100%|HC|  |TAMS 0x00000006a9000000| PB 0x00000006a8800000| Complete 
|1362|0x00000006a9000000, 0x00000006a9800000, 0x00000006a9800000|100%|HC|  |TAMS 0x00000006a9800000| PB 0x00000006a9000000| Complete 
|1363|0x00000006a9800000, 0x00000006aa000000, 0x00000006aa000000|100%|HC|  |TAMS 0x00000006aa000000| PB 0x00000006a9800000| Complete 
|1364|0x00000006aa000000, 0x00000006aa800000, 0x00000006aa800000|100%|HC|  |TAMS 0x00000006aa800000| PB 0x00000006aa000000| Complete 
|1365|0x00000006aa800000, 0x00000006ab000000, 0x00000006ab000000|100%|HC|  |TAMS 0x00000006ab000000| PB 0x00000006aa800000| Complete 
|1366|0x00000006ab000000, 0x00000006ab800000, 0x00000006ab800000|100%|HC|  |TAMS 0x00000006ab800000| PB 0x00000006ab000000| Complete 
|1367|0x00000006ab800000, 0x00000006ac000000, 0x00000006ac000000|100%|HC|  |TAMS 0x00000006ac000000| PB 0x00000006ab800000| Complete 
|1368|0x00000006ac000000, 0x00000006ac800000, 0x00000006ac800000|100%|HC|  |TAMS 0x00000006ac800000| PB 0x00000006ac000000| Complete 
|1369|0x00000006ac800000, 0x00000006ad000000, 0x00000006ad000000|100%|HC|  |TAMS 0x00000006ad000000| PB 0x00000006ac800000| Complete 
|1370|0x00000006ad000000, 0x00000006ad800000, 0x00000006ad800000|100%|HC|  |TAMS 0x00000006ad800000| PB 0x00000006ad000000| Complete 
|1371|0x00000006ad800000, 0x00000006ae000000, 0x00000006ae000000|100%|HC|  |TAMS 0x00000006ae000000| PB 0x00000006ad800000| Complete 
|1372|0x00000006ae000000, 0x00000006ae800000, 0x00000006ae800000|100%|HC|  |TAMS 0x00000006ae800000| PB 0x00000006ae000000| Complete 
|1373|0x00000006ae800000, 0x00000006af000000, 0x00000006af000000|100%|HC|  |TAMS 0x00000006af000000| PB 0x00000006ae800000| Complete 
|1374|0x00000006af000000, 0x00000006af800000, 0x00000006af800000|100%|HC|  |TAMS 0x00000006af800000| PB 0x00000006af000000| Complete 
|1375|0x00000006af800000, 0x00000006b0000000, 0x00000006b0000000|100%|HC|  |TAMS 0x00000006b0000000| PB 0x00000006af800000| Complete 
|1376|0x00000006b0000000, 0x00000006b0800000, 0x00000006b0800000|100%|HC|  |TAMS 0x00000006b0800000| PB 0x00000006b0000000| Complete 
|1377|0x00000006b0800000, 0x00000006b1000000, 0x00000006b1000000|100%|HC|  |TAMS 0x00000006b1000000| PB 0x00000006b0800000| Complete 
|1378|0x00000006b1000000, 0x00000006b1800000, 0x00000006b1800000|100%|HC|  |TAMS 0x00000006b1800000| PB 0x00000006b1000000| Complete 
|1379|0x00000006b1800000, 0x00000006b2000000, 0x00000006b2000000|100%|HC|  |TAMS 0x00000006b2000000| PB 0x00000006b1800000| Complete 
|1380|0x00000006b2000000, 0x00000006b2800000, 0x00000006b2800000|100%|HC|  |TAMS 0x00000006b2800000| PB 0x00000006b2000000| Complete 
|1381|0x00000006b2800000, 0x00000006b3000000, 0x00000006b3000000|100%|HC|  |TAMS 0x00000006b3000000| PB 0x00000006b2800000| Complete 
|1382|0x00000006b3000000, 0x00000006b3800000, 0x00000006b3800000|100%|HC|  |TAMS 0x00000006b3800000| PB 0x00000006b3000000| Complete 
|1383|0x00000006b3800000, 0x00000006b4000000, 0x00000006b4000000|100%|HC|  |TAMS 0x00000006b4000000| PB 0x00000006b3800000| Complete 
|1384|0x00000006b4000000, 0x00000006b4800000, 0x00000006b4800000|100%|HC|  |TAMS 0x00000006b4800000| PB 0x00000006b4000000| Complete 
|1385|0x00000006b4800000, 0x00000006b5000000, 0x00000006b5000000|100%|HC|  |TAMS 0x00000006b5000000| PB 0x00000006b4800000| Complete 
|1386|0x00000006b5000000, 0x00000006b5800000, 0x00000006b5800000|100%|HC|  |TAMS 0x00000006b5800000| PB 0x00000006b5000000| Complete 
|1387|0x00000006b5800000, 0x00000006b6000000, 0x00000006b6000000|100%|HC|  |TAMS 0x00000006b6000000| PB 0x00000006b5800000| Complete 
|1388|0x00000006b6000000, 0x00000006b6800000, 0x00000006b6800000|100%|HC|  |TAMS 0x00000006b6800000| PB 0x00000006b6000000| Complete 
|1389|0x00000006b6800000, 0x00000006b7000000, 0x00000006b7000000|100%|HC|  |TAMS 0x00000006b7000000| PB 0x00000006b6800000| Complete 
|1390|0x00000006b7000000, 0x00000006b7800000, 0x00000006b7800000|100%|HC|  |TAMS 0x00000006b7800000| PB 0x00000006b7000000| Complete 
|1391|0x00000006b7800000, 0x00000006b8000000, 0x00000006b8000000|100%|HC|  |TAMS 0x00000006b8000000| PB 0x00000006b7800000| Complete 
|1392|0x00000006b8000000, 0x00000006b8800000, 0x00000006b8800000|100%|HC|  |TAMS 0x00000006b8800000| PB 0x00000006b8000000| Complete 
|1393|0x00000006b8800000, 0x00000006b9000000, 0x00000006b9000000|100%|HC|  |TAMS 0x00000006b9000000| PB 0x00000006b8800000| Complete 
|1394|0x00000006b9000000, 0x00000006b9800000, 0x00000006b9800000|100%|HC|  |TAMS 0x00000006b9800000| PB 0x00000006b9000000| Complete 
|1395|0x00000006b9800000, 0x00000006ba000000, 0x00000006ba000000|100%|HC|  |TAMS 0x00000006ba000000| PB 0x00000006b9800000| Complete 
|1396|0x00000006ba000000, 0x00000006ba800000, 0x00000006ba800000|100%|HC|  |TAMS 0x00000006ba800000| PB 0x00000006ba000000| Complete 
|1397|0x00000006ba800000, 0x00000006bb000000, 0x00000006bb000000|100%|HC|  |TAMS 0x00000006bb000000| PB 0x00000006ba800000| Complete 
|1398|0x00000006bb000000, 0x00000006bb800000, 0x00000006bb800000|100%|HC|  |TAMS 0x00000006bb800000| PB 0x00000006bb000000| Complete 
|1399|0x00000006bb800000, 0x00000006bc000000, 0x00000006bc000000|100%|HC|  |TAMS 0x00000006bc000000| PB 0x00000006bb800000| Complete 
|1400|0x00000006bc000000, 0x00000006bc800000, 0x00000006bc800000|100%|HC|  |TAMS 0x00000006bc800000| PB 0x00000006bc000000| Complete 
|1401|0x00000006bc800000, 0x00000006bd000000, 0x00000006bd000000|100%|HC|  |TAMS 0x00000006bd000000| PB 0x00000006bc800000| Complete 
|1402|0x00000006bd000000, 0x00000006bd800000, 0x00000006bd800000|100%|HC|  |TAMS 0x00000006bd800000| PB 0x00000006bd000000| Complete 
|1403|0x00000006bd800000, 0x00000006be000000, 0x00000006be000000|100%|HC|  |TAMS 0x00000006be000000| PB 0x00000006bd800000| Complete 
|1404|0x00000006be000000, 0x00000006be800000, 0x00000006be800000|100%|HC|  |TAMS 0x00000006be800000| PB 0x00000006be000000| Complete 
|1405|0x00000006be800000, 0x00000006bf000000, 0x00000006bf000000|100%|HC|  |TAMS 0x00000006bf000000| PB 0x00000006be800000| Complete 
|1406|0x00000006bf000000, 0x00000006bf800000, 0x00000006bf800000|100%|HC|  |TAMS 0x00000006bf800000| PB 0x00000006bf000000| Complete 
|1407|0x00000006bf800000, 0x00000006c0000000, 0x00000006c0000000|100%|HC|  |TAMS 0x00000006c0000000| PB 0x00000006bf800000| Complete 
|1408|0x00000006c0000000, 0x00000006c0800000, 0x00000006c0800000|100%|HC|  |TAMS 0x00000006c0800000| PB 0x00000006c0000000| Complete 
|1409|0x00000006c0800000, 0x00000006c1000000, 0x00000006c1000000|100%|HC|  |TAMS 0x00000006c1000000| PB 0x00000006c0800000| Complete 
|1410|0x00000006c1000000, 0x00000006c1800000, 0x00000006c1800000|100%|HC|  |TAMS 0x00000006c1800000| PB 0x00000006c1000000| Complete 
|1411|0x00000006c1800000, 0x00000006c2000000, 0x00000006c2000000|100%|HC|  |TAMS 0x00000006c2000000| PB 0x00000006c1800000| Complete 
|1412|0x00000006c2000000, 0x00000006c2800000, 0x00000006c2800000|100%|HC|  |TAMS 0x00000006c2800000| PB 0x00000006c2000000| Complete 
|1413|0x00000006c2800000, 0x00000006c3000000, 0x00000006c3000000|100%|HC|  |TAMS 0x00000006c3000000| PB 0x00000006c2800000| Complete 
|1414|0x00000006c3000000, 0x00000006c3800000, 0x00000006c3800000|100%|HC|  |TAMS 0x00000006c3800000| PB 0x00000006c3000000| Complete 
|1415|0x00000006c3800000, 0x00000006c4000000, 0x00000006c4000000|100%|HC|  |TAMS 0x00000006c4000000| PB 0x00000006c3800000| Complete 
|1416|0x00000006c4000000, 0x00000006c4800000, 0x00000006c4800000|100%|HC|  |TAMS 0x00000006c4800000| PB 0x00000006c4000000| Complete 
|1417|0x00000006c4800000, 0x00000006c5000000, 0x00000006c5000000|100%|HC|  |TAMS 0x00000006c5000000| PB 0x00000006c4800000| Complete 
|1418|0x00000006c5000000, 0x00000006c5800000, 0x00000006c5800000|100%|HC|  |TAMS 0x00000006c5800000| PB 0x00000006c5000000| Complete 
|1419|0x00000006c5800000, 0x00000006c6000000, 0x00000006c6000000|100%|HC|  |TAMS 0x00000006c6000000| PB 0x00000006c5800000| Complete 
|1420|0x00000006c6000000, 0x00000006c6800000, 0x00000006c6800000|100%|HC|  |TAMS 0x00000006c6800000| PB 0x00000006c6000000| Complete 
|1421|0x00000006c6800000, 0x00000006c7000000, 0x00000006c7000000|100%|HC|  |TAMS 0x00000006c7000000| PB 0x00000006c6800000| Complete 
|1422|0x00000006c7000000, 0x00000006c7800000, 0x00000006c7800000|100%|HC|  |TAMS 0x00000006c7800000| PB 0x00000006c7000000| Complete 
|1423|0x00000006c7800000, 0x00000006c8000000, 0x00000006c8000000|100%|HC|  |TAMS 0x00000006c8000000| PB 0x00000006c7800000| Complete 
|1424|0x00000006c8000000, 0x00000006c8800000, 0x00000006c8800000|100%|HC|  |TAMS 0x00000006c8800000| PB 0x00000006c8000000| Complete 
|1425|0x00000006c8800000, 0x00000006c9000000, 0x00000006c9000000|100%|HC|  |TAMS 0x00000006c9000000| PB 0x00000006c8800000| Complete 
|1426|0x00000006c9000000, 0x00000006c9800000, 0x00000006c9800000|100%|HC|  |TAMS 0x00000006c9800000| PB 0x00000006c9000000| Complete 
|1427|0x00000006c9800000, 0x00000006ca000000, 0x00000006ca000000|100%|HC|  |TAMS 0x00000006ca000000| PB 0x00000006c9800000| Complete 
|1428|0x00000006ca000000, 0x00000006ca800000, 0x00000006ca800000|100%|HC|  |TAMS 0x00000006ca800000| PB 0x00000006ca000000| Complete 
|1429|0x00000006ca800000, 0x00000006cb000000, 0x00000006cb000000|100%|HC|  |TAMS 0x00000006cb000000| PB 0x00000006ca800000| Complete 
|1430|0x00000006cb000000, 0x00000006cb800000, 0x00000006cb800000|100%|HC|  |TAMS 0x00000006cb800000| PB 0x00000006cb000000| Complete 
|1431|0x00000006cb800000, 0x00000006cc000000, 0x00000006cc000000|100%|HC|  |TAMS 0x00000006cc000000| PB 0x00000006cb800000| Complete 
|1432|0x00000006cc000000, 0x00000006cc800000, 0x00000006cc800000|100%|HC|  |TAMS 0x00000006cc800000| PB 0x00000006cc000000| Complete 
|1433|0x00000006cc800000, 0x00000006cd000000, 0x00000006cd000000|100%|HC|  |TAMS 0x00000006cd000000| PB 0x00000006cc800000| Complete 
|1434|0x00000006cd000000, 0x00000006cd800000, 0x00000006cd800000|100%|HC|  |TAMS 0x00000006cd800000| PB 0x00000006cd000000| Complete 
|1435|0x00000006cd800000, 0x00000006ce000000, 0x00000006ce000000|100%|HC|  |TAMS 0x00000006ce000000| PB 0x00000006cd800000| Complete 
|1436|0x00000006ce000000, 0x00000006ce800000, 0x00000006ce800000|100%|HC|  |TAMS 0x00000006ce800000| PB 0x00000006ce000000| Complete 
|1437|0x00000006ce800000, 0x00000006cf000000, 0x00000006cf000000|100%|HC|  |TAMS 0x00000006cf000000| PB 0x00000006ce800000| Complete 
|1438|0x00000006cf000000, 0x00000006cf800000, 0x00000006cf800000|100%|HC|  |TAMS 0x00000006cf800000| PB 0x00000006cf000000| Complete 
|1439|0x00000006cf800000, 0x00000006d0000000, 0x00000006d0000000|100%|HC|  |TAMS 0x00000006d0000000| PB 0x00000006cf800000| Complete 
|1440|0x00000006d0000000, 0x00000006d0800000, 0x00000006d0800000|100%|HC|  |TAMS 0x00000006d0800000| PB 0x00000006d0000000| Complete 
|1441|0x00000006d0800000, 0x00000006d1000000, 0x00000006d1000000|100%|HC|  |TAMS 0x00000006d1000000| PB 0x00000006d0800000| Complete 
|1442|0x00000006d1000000, 0x00000006d1800000, 0x00000006d1800000|100%|HC|  |TAMS 0x00000006d1800000| PB 0x00000006d1000000| Complete 
|1443|0x00000006d1800000, 0x00000006d2000000, 0x00000006d2000000|100%|HC|  |TAMS 0x00000006d2000000| PB 0x00000006d1800000| Complete 
|1444|0x00000006d2000000, 0x00000006d2800000, 0x00000006d2800000|100%|HC|  |TAMS 0x00000006d2800000| PB 0x00000006d2000000| Complete 
|1445|0x00000006d2800000, 0x00000006d3000000, 0x00000006d3000000|100%|HC|  |TAMS 0x00000006d3000000| PB 0x00000006d2800000| Complete 
|1446|0x00000006d3000000, 0x00000006d3800000, 0x00000006d3800000|100%|HC|  |TAMS 0x00000006d3800000| PB 0x00000006d3000000| Complete 
|1447|0x00000006d3800000, 0x00000006d4000000, 0x00000006d4000000|100%|HC|  |TAMS 0x00000006d4000000| PB 0x00000006d3800000| Complete 
|1448|0x00000006d4000000, 0x00000006d4800000, 0x00000006d4800000|100%|HC|  |TAMS 0x00000006d4800000| PB 0x00000006d4000000| Complete 
|1449|0x00000006d4800000, 0x00000006d5000000, 0x00000006d5000000|100%|HC|  |TAMS 0x00000006d5000000| PB 0x00000006d4800000| Complete 
|1450|0x00000006d5000000, 0x00000006d5800000, 0x00000006d5800000|100%|HC|  |TAMS 0x00000006d5800000| PB 0x00000006d5000000| Complete 
|1451|0x00000006d5800000, 0x00000006d6000000, 0x00000006d6000000|100%|HC|  |TAMS 0x00000006d6000000| PB 0x00000006d5800000| Complete 
|1452|0x00000006d6000000, 0x00000006d6800000, 0x00000006d6800000|100%|HC|  |TAMS 0x00000006d6800000| PB 0x00000006d6000000| Complete 
|1453|0x00000006d6800000, 0x00000006d7000000, 0x00000006d7000000|100%|HC|  |TAMS 0x00000006d7000000| PB 0x00000006d6800000| Complete 
|1454|0x00000006d7000000, 0x00000006d7800000, 0x00000006d7800000|100%|HC|  |TAMS 0x00000006d7800000| PB 0x00000006d7000000| Complete 
|1455|0x00000006d7800000, 0x00000006d8000000, 0x00000006d8000000|100%|HC|  |TAMS 0x00000006d8000000| PB 0x00000006d7800000| Complete 
|1456|0x00000006d8000000, 0x00000006d8800000, 0x00000006d8800000|100%|HC|  |TAMS 0x00000006d8800000| PB 0x00000006d8000000| Complete 
|1457|0x00000006d8800000, 0x00000006d9000000, 0x00000006d9000000|100%|HC|  |TAMS 0x00000006d9000000| PB 0x00000006d8800000| Complete 
|1458|0x00000006d9000000, 0x00000006d9800000, 0x00000006d9800000|100%|HC|  |TAMS 0x00000006d9800000| PB 0x00000006d9000000| Complete 
|1459|0x00000006d9800000, 0x00000006da000000, 0x00000006da000000|100%|HC|  |TAMS 0x00000006da000000| PB 0x00000006d9800000| Complete 
|1460|0x00000006da000000, 0x00000006da800000, 0x00000006da800000|100%|HC|  |TAMS 0x00000006da800000| PB 0x00000006da000000| Complete 
|1461|0x00000006da800000, 0x00000006db000000, 0x00000006db000000|100%|HC|  |TAMS 0x00000006db000000| PB 0x00000006da800000| Complete 
|1462|0x00000006db000000, 0x00000006db800000, 0x00000006db800000|100%|HC|  |TAMS 0x00000006db800000| PB 0x00000006db000000| Complete 
|1463|0x00000006db800000, 0x00000006dc000000, 0x00000006dc000000|100%|HC|  |TAMS 0x00000006dc000000| PB 0x00000006db800000| Complete 
|1464|0x00000006dc000000, 0x00000006dc800000, 0x00000006dc800000|100%|HC|  |TAMS 0x00000006dc800000| PB 0x00000006dc000000| Complete 
|1465|0x00000006dc800000, 0x00000006dd000000, 0x00000006dd000000|100%|HC|  |TAMS 0x00000006dd000000| PB 0x00000006dc800000| Complete 
|1466|0x00000006dd000000, 0x00000006dd800000, 0x00000006dd800000|100%|HC|  |TAMS 0x00000006dd800000| PB 0x00000006dd000000| Complete 
|1467|0x00000006dd800000, 0x00000006de000000, 0x00000006de000000|100%|HC|  |TAMS 0x00000006de000000| PB 0x00000006dd800000| Complete 
|1468|0x00000006de000000, 0x00000006de800000, 0x00000006de800000|100%|HC|  |TAMS 0x00000006de800000| PB 0x00000006de000000| Complete 
|1469|0x00000006de800000, 0x00000006df000000, 0x00000006df000000|100%|HC|  |TAMS 0x00000006df000000| PB 0x00000006de800000| Complete 
|1470|0x00000006df000000, 0x00000006df800000, 0x00000006df800000|100%|HC|  |TAMS 0x00000006df800000| PB 0x00000006df000000| Complete 
|1471|0x00000006df800000, 0x00000006e0000000, 0x00000006e0000000|100%|HC|  |TAMS 0x00000006e0000000| PB 0x00000006df800000| Complete 
|1472|0x00000006e0000000, 0x00000006e0800000, 0x00000006e0800000|100%|HC|  |TAMS 0x00000006e0800000| PB 0x00000006e0000000| Complete 
|1473|0x00000006e0800000, 0x00000006e1000000, 0x00000006e1000000|100%|HC|  |TAMS 0x00000006e1000000| PB 0x00000006e0800000| Complete 
|1474|0x00000006e1000000, 0x00000006e1800000, 0x00000006e1800000|100%|HC|  |TAMS 0x00000006e1800000| PB 0x00000006e1000000| Complete 
|1475|0x00000006e1800000, 0x00000006e2000000, 0x00000006e2000000|100%|HC|  |TAMS 0x00000006e2000000| PB 0x00000006e1800000| Complete 
|1476|0x00000006e2000000, 0x00000006e2800000, 0x00000006e2800000|100%|HC|  |TAMS 0x00000006e2800000| PB 0x00000006e2000000| Complete 
|1477|0x00000006e2800000, 0x00000006e3000000, 0x00000006e3000000|100%|HC|  |TAMS 0x00000006e3000000| PB 0x00000006e2800000| Complete 
|1478|0x00000006e3000000, 0x00000006e3800000, 0x00000006e3800000|100%|HC|  |TAMS 0x00000006e3800000| PB 0x00000006e3000000| Complete 
|1479|0x00000006e3800000, 0x00000006e4000000, 0x00000006e4000000|100%|HC|  |TAMS 0x00000006e4000000| PB 0x00000006e3800000| Complete 
|1480|0x00000006e4000000, 0x00000006e4800000, 0x00000006e4800000|100%|HC|  |TAMS 0x00000006e4800000| PB 0x00000006e4000000| Complete 
|1481|0x00000006e4800000, 0x00000006e5000000, 0x00000006e5000000|100%|HC|  |TAMS 0x00000006e5000000| PB 0x00000006e4800000| Complete 
|1482|0x00000006e5000000, 0x00000006e5800000, 0x00000006e5800000|100%|HC|  |TAMS 0x00000006e5800000| PB 0x00000006e5000000| Complete 
|1483|0x00000006e5800000, 0x00000006e6000000, 0x00000006e6000000|100%|HC|  |TAMS 0x00000006e6000000| PB 0x00000006e5800000| Complete 
|1484|0x00000006e6000000, 0x00000006e6800000, 0x00000006e6800000|100%|HC|  |TAMS 0x00000006e6800000| PB 0x00000006e6000000| Complete 
|1485|0x00000006e6800000, 0x00000006e7000000, 0x00000006e7000000|100%|HC|  |TAMS 0x00000006e7000000| PB 0x00000006e6800000| Complete 
|1486|0x00000006e7000000, 0x00000006e7800000, 0x00000006e7800000|100%|HC|  |TAMS 0x00000006e7800000| PB 0x00000006e7000000| Complete 
|1487|0x00000006e7800000, 0x00000006e8000000, 0x00000006e8000000|100%|HC|  |TAMS 0x00000006e8000000| PB 0x00000006e7800000| Complete 
|1488|0x00000006e8000000, 0x00000006e8800000, 0x00000006e8800000|100%|HC|  |TAMS 0x00000006e8800000| PB 0x00000006e8000000| Complete 
|1489|0x00000006e8800000, 0x00000006e9000000, 0x00000006e9000000|100%|HC|  |TAMS 0x00000006e9000000| PB 0x00000006e8800000| Complete 
|1490|0x00000006e9000000, 0x00000006e9800000, 0x00000006e9800000|100%|HC|  |TAMS 0x00000006e9800000| PB 0x00000006e9000000| Complete 
|1491|0x00000006e9800000, 0x00000006ea000000, 0x00000006ea000000|100%|HC|  |TAMS 0x00000006ea000000| PB 0x00000006e9800000| Complete 
|1492|0x00000006ea000000, 0x00000006ea800000, 0x00000006ea800000|100%|HC|  |TAMS 0x00000006ea800000| PB 0x00000006ea000000| Complete 
|1493|0x00000006ea800000, 0x00000006eb000000, 0x00000006eb000000|100%|HC|  |TAMS 0x00000006eb000000| PB 0x00000006ea800000| Complete 
|1494|0x00000006eb000000, 0x00000006eb800000, 0x00000006eb800000|100%|HC|  |TAMS 0x00000006eb800000| PB 0x00000006eb000000| Complete 
|1495|0x00000006eb800000, 0x00000006ec000000, 0x00000006ec000000|100%|HC|  |TAMS 0x00000006ec000000| PB 0x00000006eb800000| Complete 
|1496|0x00000006ec000000, 0x00000006ec800000, 0x00000006ec800000|100%|HC|  |TAMS 0x00000006ec800000| PB 0x00000006ec000000| Complete 
|1497|0x00000006ec800000, 0x00000006ed000000, 0x00000006ed000000|100%|HC|  |TAMS 0x00000006ed000000| PB 0x00000006ec800000| Complete 
|1498|0x00000006ed000000, 0x00000006ed800000, 0x00000006ed800000|100%|HC|  |TAMS 0x00000006ed800000| PB 0x00000006ed000000| Complete 
|1499|0x00000006ed800000, 0x00000006ee000000, 0x00000006ee000000|100%|HC|  |TAMS 0x00000006ee000000| PB 0x00000006ed800000| Complete 
|1500|0x00000006ee000000, 0x00000006ee800000, 0x00000006ee800000|100%|HC|  |TAMS 0x00000006ee800000| PB 0x00000006ee000000| Complete 
|1501|0x00000006ee800000, 0x00000006ef000000, 0x00000006ef000000|100%|HC|  |TAMS 0x00000006ef000000| PB 0x00000006ee800000| Complete 
|1502|0x00000006ef000000, 0x00000006ef800000, 0x00000006ef800000|100%|HC|  |TAMS 0x00000006ef800000| PB 0x00000006ef000000| Complete 
|1503|0x00000006ef800000, 0x00000006f0000000, 0x00000006f0000000|100%|HC|  |TAMS 0x00000006f0000000| PB 0x00000006ef800000| Complete 
|1504|0x00000006f0000000, 0x00000006f0800000, 0x00000006f0800000|100%|HC|  |TAMS 0x00000006f0800000| PB 0x00000006f0000000| Complete 
|1505|0x00000006f0800000, 0x00000006f1000000, 0x00000006f1000000|100%|HC|  |TAMS 0x00000006f1000000| PB 0x00000006f0800000| Complete 
|1506|0x00000006f1000000, 0x00000006f1800000, 0x00000006f1800000|100%|HC|  |TAMS 0x00000006f1800000| PB 0x00000006f1000000| Complete 
|1507|0x00000006f1800000, 0x00000006f2000000, 0x00000006f2000000|100%|HC|  |TAMS 0x00000006f2000000| PB 0x00000006f1800000| Complete 
|1508|0x00000006f2000000, 0x00000006f2800000, 0x00000006f2800000|100%|HC|  |TAMS 0x00000006f2800000| PB 0x00000006f2000000| Complete 
|1509|0x00000006f2800000, 0x00000006f3000000, 0x00000006f3000000|100%|HC|  |TAMS 0x00000006f3000000| PB 0x00000006f2800000| Complete 
|1510|0x00000006f3000000, 0x00000006f3800000, 0x00000006f3800000|100%|HC|  |TAMS 0x00000006f3800000| PB 0x00000006f3000000| Complete 
|1511|0x00000006f3800000, 0x00000006f4000000, 0x00000006f4000000|100%|HC|  |TAMS 0x00000006f4000000| PB 0x00000006f3800000| Complete 
|1512|0x00000006f4000000, 0x00000006f4800000, 0x00000006f4800000|100%|HC|  |TAMS 0x00000006f4800000| PB 0x00000006f4000000| Complete 
|1513|0x00000006f4800000, 0x00000006f5000000, 0x00000006f5000000|100%|HC|  |TAMS 0x00000006f5000000| PB 0x00000006f4800000| Complete 
|1514|0x00000006f5000000, 0x00000006f5800000, 0x00000006f5800000|100%|HC|  |TAMS 0x00000006f5800000| PB 0x00000006f5000000| Complete 
|1515|0x00000006f5800000, 0x00000006f6000000, 0x00000006f6000000|100%|HC|  |TAMS 0x00000006f6000000| PB 0x00000006f5800000| Complete 
|1516|0x00000006f6000000, 0x00000006f6800000, 0x00000006f6800000|100%|HC|  |TAMS 0x00000006f6800000| PB 0x00000006f6000000| Complete 
|1517|0x00000006f6800000, 0x00000006f7000000, 0x00000006f7000000|100%|HC|  |TAMS 0x00000006f7000000| PB 0x00000006f6800000| Complete 
|1518|0x00000006f7000000, 0x00000006f7800000, 0x00000006f7800000|100%|HC|  |TAMS 0x00000006f7800000| PB 0x00000006f7000000| Complete 
|1519|0x00000006f7800000, 0x00000006f8000000, 0x00000006f8000000|100%|HC|  |TAMS 0x00000006f8000000| PB 0x00000006f7800000| Complete 
|1520|0x00000006f8000000, 0x00000006f8800000, 0x00000006f8800000|100%|HC|  |TAMS 0x00000006f8800000| PB 0x00000006f8000000| Complete 
|1521|0x00000006f8800000, 0x00000006f9000000, 0x00000006f9000000|100%|HC|  |TAMS 0x00000006f9000000| PB 0x00000006f8800000| Complete 
|1522|0x00000006f9000000, 0x00000006f9800000, 0x00000006f9800000|100%|HC|  |TAMS 0x00000006f9800000| PB 0x00000006f9000000| Complete 
|1523|0x00000006f9800000, 0x00000006fa000000, 0x00000006fa000000|100%|HC|  |TAMS 0x00000006fa000000| PB 0x00000006f9800000| Complete 
|1524|0x00000006fa000000, 0x00000006fa800000, 0x00000006fa800000|100%|HC|  |TAMS 0x00000006fa800000| PB 0x00000006fa000000| Complete 
|1525|0x00000006fa800000, 0x00000006fb000000, 0x00000006fb000000|100%|HC|  |TAMS 0x00000006fb000000| PB 0x00000006fa800000| Complete 
|1526|0x00000006fb000000, 0x00000006fb800000, 0x00000006fb800000|100%|HC|  |TAMS 0x00000006fb800000| PB 0x00000006fb000000| Complete 
|1527|0x00000006fb800000, 0x00000006fc000000, 0x00000006fc000000|100%|HC|  |TAMS 0x00000006fc000000| PB 0x00000006fb800000| Complete 
|1528|0x00000006fc000000, 0x00000006fc800000, 0x00000006fc800000|100%|HC|  |TAMS 0x00000006fc800000| PB 0x00000006fc000000| Complete 
|1529|0x00000006fc800000, 0x00000006fd000000, 0x00000006fd000000|100%|HC|  |TAMS 0x00000006fd000000| PB 0x00000006fc800000| Complete 
|1530|0x00000006fd000000, 0x00000006fd800000, 0x00000006fd800000|100%|HC|  |TAMS 0x00000006fd800000| PB 0x00000006fd000000| Complete 
|1531|0x00000006fd800000, 0x00000006fe000000, 0x00000006fe000000|100%|HC|  |TAMS 0x00000006fe000000| PB 0x00000006fd800000| Complete 
|1532|0x00000006fe000000, 0x00000006fe800000, 0x00000006fe800000|100%|HC|  |TAMS 0x00000006fe800000| PB 0x00000006fe000000| Complete 
|1533|0x00000006fe800000, 0x00000006ff000000, 0x00000006ff000000|100%|HC|  |TAMS 0x00000006ff000000| PB 0x00000006fe800000| Complete 
|1534|0x00000006ff000000, 0x00000006ff800000, 0x00000006ff800000|100%|HC|  |TAMS 0x00000006ff800000| PB 0x00000006ff000000| Complete 
|1535|0x00000006ff800000, 0x0000000700000000, 0x0000000700000000|100%|HC|  |TAMS 0x0000000700000000| PB 0x00000006ff800000| Complete 
|1536|0x0000000700000000, 0x0000000700800000, 0x0000000700800000|100%|HC|  |TAMS 0x0000000700800000| PB 0x0000000700000000| Complete 
|1537|0x0000000700800000, 0x0000000701000000, 0x0000000701000000|100%|HC|  |TAMS 0x0000000701000000| PB 0x0000000700800000| Complete 
|1538|0x0000000701000000, 0x0000000701800000, 0x0000000701800000|100%|HC|  |TAMS 0x0000000701800000| PB 0x0000000701000000| Complete 
|1539|0x0000000701800000, 0x0000000702000000, 0x0000000702000000|100%|HC|  |TAMS 0x0000000702000000| PB 0x0000000701800000| Complete 
|1540|0x0000000702000000, 0x0000000702800000, 0x0000000702800000|100%|HC|  |TAMS 0x0000000702800000| PB 0x0000000702000000| Complete 
|1541|0x0000000702800000, 0x0000000703000000, 0x0000000703000000|100%|HC|  |TAMS 0x0000000703000000| PB 0x0000000702800000| Complete 
|1542|0x0000000703000000, 0x0000000703800000, 0x0000000703800000|100%|HC|  |TAMS 0x0000000703800000| PB 0x0000000703000000| Complete 
|1543|0x0000000703800000, 0x0000000704000000, 0x0000000704000000|100%|HC|  |TAMS 0x0000000704000000| PB 0x0000000703800000| Complete 
|1544|0x0000000704000000, 0x0000000704800000, 0x0000000704800000|100%|HC|  |TAMS 0x0000000704800000| PB 0x0000000704000000| Complete 
|1545|0x0000000704800000, 0x0000000705000000, 0x0000000705000000|100%|HC|  |TAMS 0x0000000705000000| PB 0x0000000704800000| Complete 
|1546|0x0000000705000000, 0x0000000705800000, 0x0000000705800000|100%|HC|  |TAMS 0x0000000705800000| PB 0x0000000705000000| Complete 
|1547|0x0000000705800000, 0x0000000706000000, 0x0000000706000000|100%|HC|  |TAMS 0x0000000706000000| PB 0x0000000705800000| Complete 
|1548|0x0000000706000000, 0x0000000706800000, 0x0000000706800000|100%|HC|  |TAMS 0x0000000706800000| PB 0x0000000706000000| Complete 
|1549|0x0000000706800000, 0x0000000707000000, 0x0000000707000000|100%|HC|  |TAMS 0x0000000707000000| PB 0x0000000706800000| Complete 
|1550|0x0000000707000000, 0x0000000707800000, 0x0000000707800000|100%|HC|  |TAMS 0x0000000707800000| PB 0x0000000707000000| Complete 
|1551|0x0000000707800000, 0x0000000708000000, 0x0000000708000000|100%|HC|  |TAMS 0x0000000708000000| PB 0x0000000707800000| Complete 
|1552|0x0000000708000000, 0x0000000708800000, 0x0000000708800000|100%|HC|  |TAMS 0x0000000708800000| PB 0x0000000708000000| Complete 
|1553|0x0000000708800000, 0x0000000709000000, 0x0000000709000000|100%|HC|  |TAMS 0x0000000709000000| PB 0x0000000708800000| Complete 
|1554|0x0000000709000000, 0x0000000709800000, 0x0000000709800000|100%|HC|  |TAMS 0x0000000709800000| PB 0x0000000709000000| Complete 
|1555|0x0000000709800000, 0x000000070a000000, 0x000000070a000000|100%|HC|  |TAMS 0x000000070a000000| PB 0x0000000709800000| Complete 
|1556|0x000000070a000000, 0x000000070a800000, 0x000000070a800000|100%|HC|  |TAMS 0x000000070a800000| PB 0x000000070a000000| Complete 
|1557|0x000000070a800000, 0x000000070b000000, 0x000000070b000000|100%|HC|  |TAMS 0x000000070b000000| PB 0x000000070a800000| Complete 
|1558|0x000000070b000000, 0x000000070b800000, 0x000000070b800000|100%|HC|  |TAMS 0x000000070b800000| PB 0x000000070b000000| Complete 
|1559|0x000000070b800000, 0x000000070c000000, 0x000000070c000000|100%|HC|  |TAMS 0x000000070c000000| PB 0x000000070b800000| Complete 
|1560|0x000000070c000000, 0x000000070c800000, 0x000000070c800000|100%|HC|  |TAMS 0x000000070c800000| PB 0x000000070c000000| Complete 
|1561|0x000000070c800000, 0x000000070d000000, 0x000000070d000000|100%|HC|  |TAMS 0x000000070d000000| PB 0x000000070c800000| Complete 
|1562|0x000000070d000000, 0x000000070d800000, 0x000000070d800000|100%|HC|  |TAMS 0x000000070d800000| PB 0x000000070d000000| Complete 
|1563|0x000000070d800000, 0x000000070e000000, 0x000000070e000000|100%|HC|  |TAMS 0x000000070e000000| PB 0x000000070d800000| Complete 
|1564|0x000000070e000000, 0x000000070e800000, 0x000000070e800000|100%|HC|  |TAMS 0x000000070e800000| PB 0x000000070e000000| Complete 
|1565|0x000000070e800000, 0x000000070f000000, 0x000000070f000000|100%|HC|  |TAMS 0x000000070f000000| PB 0x000000070e800000| Complete 
|1566|0x000000070f000000, 0x000000070f800000, 0x000000070f800000|100%|HC|  |TAMS 0x000000070f800000| PB 0x000000070f000000| Complete 
|1567|0x000000070f800000, 0x0000000710000000, 0x0000000710000000|100%|HC|  |TAMS 0x0000000710000000| PB 0x000000070f800000| Complete 
|1568|0x0000000710000000, 0x0000000710800000, 0x0000000710800000|100%|HC|  |TAMS 0x0000000710800000| PB 0x0000000710000000| Complete 
|1569|0x0000000710800000, 0x0000000711000000, 0x0000000711000000|100%|HC|  |TAMS 0x0000000711000000| PB 0x0000000710800000| Complete 
|1570|0x0000000711000000, 0x0000000711800000, 0x0000000711800000|100%|HC|  |TAMS 0x0000000711800000| PB 0x0000000711000000| Complete 
|1571|0x0000000711800000, 0x0000000712000000, 0x0000000712000000|100%|HC|  |TAMS 0x0000000712000000| PB 0x0000000711800000| Complete 
|1572|0x0000000712000000, 0x0000000712800000, 0x0000000712800000|100%|HC|  |TAMS 0x0000000712800000| PB 0x0000000712000000| Complete 
|1573|0x0000000712800000, 0x0000000713000000, 0x0000000713000000|100%|HC|  |TAMS 0x0000000713000000| PB 0x0000000712800000| Complete 
|1574|0x0000000713000000, 0x0000000713800000, 0x0000000713800000|100%|HC|  |TAMS 0x0000000713800000| PB 0x0000000713000000| Complete 
|1575|0x0000000713800000, 0x0000000714000000, 0x0000000714000000|100%|HC|  |TAMS 0x0000000714000000| PB 0x0000000713800000| Complete 
|1576|0x0000000714000000, 0x0000000714800000, 0x0000000714800000|100%|HC|  |TAMS 0x0000000714800000| PB 0x0000000714000000| Complete 
|1577|0x0000000714800000, 0x0000000715000000, 0x0000000715000000|100%|HC|  |TAMS 0x0000000715000000| PB 0x0000000714800000| Complete 
|1578|0x0000000715000000, 0x0000000715800000, 0x0000000715800000|100%|HC|  |TAMS 0x0000000715800000| PB 0x0000000715000000| Complete 
|1579|0x0000000715800000, 0x0000000716000000, 0x0000000716000000|100%|HC|  |TAMS 0x0000000716000000| PB 0x0000000715800000| Complete 
|1580|0x0000000716000000, 0x0000000716800000, 0x0000000716800000|100%|HC|  |TAMS 0x0000000716800000| PB 0x0000000716000000| Complete 
|1581|0x0000000716800000, 0x0000000717000000, 0x0000000717000000|100%|HC|  |TAMS 0x0000000717000000| PB 0x0000000716800000| Complete 
|1582|0x0000000717000000, 0x0000000717800000, 0x0000000717800000|100%|HC|  |TAMS 0x0000000717800000| PB 0x0000000717000000| Complete 
|1583|0x0000000717800000, 0x0000000718000000, 0x0000000718000000|100%|HC|  |TAMS 0x0000000718000000| PB 0x0000000717800000| Complete 
|1584|0x0000000718000000, 0x0000000718800000, 0x0000000718800000|100%|HC|  |TAMS 0x0000000718800000| PB 0x0000000718000000| Complete 
|1585|0x0000000718800000, 0x0000000719000000, 0x0000000719000000|100%|HC|  |TAMS 0x0000000719000000| PB 0x0000000718800000| Complete 
|1586|0x0000000719000000, 0x0000000719800000, 0x0000000719800000|100%|HC|  |TAMS 0x0000000719800000| PB 0x0000000719000000| Complete 
|1587|0x0000000719800000, 0x000000071a000000, 0x000000071a000000|100%|HC|  |TAMS 0x000000071a000000| PB 0x0000000719800000| Complete 
|1588|0x000000071a000000, 0x000000071a800000, 0x000000071a800000|100%|HC|  |TAMS 0x000000071a800000| PB 0x000000071a000000| Complete 
|1589|0x000000071a800000, 0x000000071b000000, 0x000000071b000000|100%|HC|  |TAMS 0x000000071b000000| PB 0x000000071a800000| Complete 
|1590|0x000000071b000000, 0x000000071b800000, 0x000000071b800000|100%|HC|  |TAMS 0x000000071b800000| PB 0x000000071b000000| Complete 
|1591|0x000000071b800000, 0x000000071c000000, 0x000000071c000000|100%|HC|  |TAMS 0x000000071c000000| PB 0x000000071b800000| Complete 
|1592|0x000000071c000000, 0x000000071c800000, 0x000000071c800000|100%|HC|  |TAMS 0x000000071c800000| PB 0x000000071c000000| Complete 
|1593|0x000000071c800000, 0x000000071d000000, 0x000000071d000000|100%|HC|  |TAMS 0x000000071d000000| PB 0x000000071c800000| Complete 
|1594|0x000000071d000000, 0x000000071d800000, 0x000000071d800000|100%|HC|  |TAMS 0x000000071d800000| PB 0x000000071d000000| Complete 
|1595|0x000000071d800000, 0x000000071e000000, 0x000000071e000000|100%|HC|  |TAMS 0x000000071e000000| PB 0x000000071d800000| Complete 
|1596|0x000000071e000000, 0x000000071e800000, 0x000000071e800000|100%|HC|  |TAMS 0x000000071e800000| PB 0x000000071e000000| Complete 
|1597|0x000000071e800000, 0x000000071f000000, 0x000000071f000000|100%|HC|  |TAMS 0x000000071f000000| PB 0x000000071e800000| Complete 
|1598|0x000000071f000000, 0x000000071f800000, 0x000000071f800000|100%|HC|  |TAMS 0x000000071f800000| PB 0x000000071f000000| Complete 
|1599|0x000000071f800000, 0x0000000720000000, 0x0000000720000000|100%|HC|  |TAMS 0x0000000720000000| PB 0x000000071f800000| Complete 
|1600|0x0000000720000000, 0x0000000720800000, 0x0000000720800000|100%|HC|  |TAMS 0x0000000720800000| PB 0x0000000720000000| Complete 
|1601|0x0000000720800000, 0x0000000721000000, 0x0000000721000000|100%|HC|  |TAMS 0x0000000721000000| PB 0x0000000720800000| Complete 
|1602|0x0000000721000000, 0x0000000721800000, 0x0000000721800000|100%|HC|  |TAMS 0x0000000721800000| PB 0x0000000721000000| Complete 
|1603|0x0000000721800000, 0x0000000722000000, 0x0000000722000000|100%|HC|  |TAMS 0x0000000722000000| PB 0x0000000721800000| Complete 
|1604|0x0000000722000000, 0x0000000722800000, 0x0000000722800000|100%|HC|  |TAMS 0x0000000722800000| PB 0x0000000722000000| Complete 
|1605|0x0000000722800000, 0x0000000723000000, 0x0000000723000000|100%|HC|  |TAMS 0x0000000723000000| PB 0x0000000722800000| Complete 
|1606|0x0000000723000000, 0x0000000723800000, 0x0000000723800000|100%|HC|  |TAMS 0x0000000723800000| PB 0x0000000723000000| Complete 
|1607|0x0000000723800000, 0x0000000724000000, 0x0000000724000000|100%|HC|  |TAMS 0x0000000724000000| PB 0x0000000723800000| Complete 
|1608|0x0000000724000000, 0x0000000724800000, 0x0000000724800000|100%|HC|  |TAMS 0x0000000724800000| PB 0x0000000724000000| Complete 
|1609|0x0000000724800000, 0x0000000725000000, 0x0000000725000000|100%|HC|  |TAMS 0x0000000725000000| PB 0x0000000724800000| Complete 
|1610|0x0000000725000000, 0x0000000725800000, 0x0000000725800000|100%|HC|  |TAMS 0x0000000725800000| PB 0x0000000725000000| Complete 
|1611|0x0000000725800000, 0x0000000726000000, 0x0000000726000000|100%|HC|  |TAMS 0x0000000726000000| PB 0x0000000725800000| Complete 
|1612|0x0000000726000000, 0x0000000726800000, 0x0000000726800000|100%|HC|  |TAMS 0x0000000726800000| PB 0x0000000726000000| Complete 
|1613|0x0000000726800000, 0x0000000727000000, 0x0000000727000000|100%|HC|  |TAMS 0x0000000727000000| PB 0x0000000726800000| Complete 
|1614|0x0000000727000000, 0x0000000727800000, 0x0000000727800000|100%|HC|  |TAMS 0x0000000727800000| PB 0x0000000727000000| Complete 
|1615|0x0000000727800000, 0x0000000728000000, 0x0000000728000000|100%|HC|  |TAMS 0x0000000728000000| PB 0x0000000727800000| Complete 
|1616|0x0000000728000000, 0x0000000728800000, 0x0000000728800000|100%|HC|  |TAMS 0x0000000728800000| PB 0x0000000728000000| Complete 
|1617|0x0000000728800000, 0x0000000729000000, 0x0000000729000000|100%|HC|  |TAMS 0x0000000729000000| PB 0x0000000728800000| Complete 
|1618|0x0000000729000000, 0x0000000729800000, 0x0000000729800000|100%|HC|  |TAMS 0x0000000729800000| PB 0x0000000729000000| Complete 
|1619|0x0000000729800000, 0x000000072a000000, 0x000000072a000000|100%|HC|  |TAMS 0x000000072a000000| PB 0x0000000729800000| Complete 
|1620|0x000000072a000000, 0x000000072a800000, 0x000000072a800000|100%|HC|  |TAMS 0x000000072a800000| PB 0x000000072a000000| Complete 
|1621|0x000000072a800000, 0x000000072b000000, 0x000000072b000000|100%|HC|  |TAMS 0x000000072b000000| PB 0x000000072a800000| Complete 
|1622|0x000000072b000000, 0x000000072b800000, 0x000000072b800000|100%|HC|  |TAMS 0x000000072b800000| PB 0x000000072b000000| Complete 
|1623|0x000000072b800000, 0x000000072c000000, 0x000000072c000000|100%|HC|  |TAMS 0x000000072c000000| PB 0x000000072b800000| Complete 
|1624|0x000000072c000000, 0x000000072c800000, 0x000000072c800000|100%|HC|  |TAMS 0x000000072c800000| PB 0x000000072c000000| Complete 
|1625|0x000000072c800000, 0x000000072d000000, 0x000000072d000000|100%|HC|  |TAMS 0x000000072d000000| PB 0x000000072c800000| Complete 
|1626|0x000000072d000000, 0x000000072d800000, 0x000000072d800000|100%|HC|  |TAMS 0x000000072d800000| PB 0x000000072d000000| Complete 
|1627|0x000000072d800000, 0x000000072e000000, 0x000000072e000000|100%|HC|  |TAMS 0x000000072e000000| PB 0x000000072d800000| Complete 
|1628|0x000000072e000000, 0x000000072e800000, 0x000000072e800000|100%|HC|  |TAMS 0x000000072e800000| PB 0x000000072e000000| Complete 
|1629|0x000000072e800000, 0x000000072f000000, 0x000000072f000000|100%|HC|  |TAMS 0x000000072f000000| PB 0x000000072e800000| Complete 
|1630|0x000000072f000000, 0x000000072f800000, 0x000000072f800000|100%|HC|  |TAMS 0x000000072f800000| PB 0x000000072f000000| Complete 
|1631|0x000000072f800000, 0x0000000730000000, 0x0000000730000000|100%|HC|  |TAMS 0x0000000730000000| PB 0x000000072f800000| Complete 
|1632|0x0000000730000000, 0x0000000730800000, 0x0000000730800000|100%|HC|  |TAMS 0x0000000730800000| PB 0x0000000730000000| Complete 
|1633|0x0000000730800000, 0x0000000731000000, 0x0000000731000000|100%|HC|  |TAMS 0x0000000731000000| PB 0x0000000730800000| Complete 
|1634|0x0000000731000000, 0x0000000731800000, 0x0000000731800000|100%|HC|  |TAMS 0x0000000731800000| PB 0x0000000731000000| Complete 
|1635|0x0000000731800000, 0x0000000732000000, 0x0000000732000000|100%|HC|  |TAMS 0x0000000732000000| PB 0x0000000731800000| Complete 
|1636|0x0000000732000000, 0x0000000732800000, 0x0000000732800000|100%|HC|  |TAMS 0x0000000732800000| PB 0x0000000732000000| Complete 
|1637|0x0000000732800000, 0x0000000733000000, 0x0000000733000000|100%|HC|  |TAMS 0x0000000733000000| PB 0x0000000732800000| Complete 
|1638|0x0000000733000000, 0x0000000733800000, 0x0000000733800000|100%|HC|  |TAMS 0x0000000733800000| PB 0x0000000733000000| Complete 
|1639|0x0000000733800000, 0x0000000734000000, 0x0000000734000000|100%|HC|  |TAMS 0x0000000734000000| PB 0x0000000733800000| Complete 
|1640|0x0000000734000000, 0x0000000734800000, 0x0000000734800000|100%|HC|  |TAMS 0x0000000734800000| PB 0x0000000734000000| Complete 
|1641|0x0000000734800000, 0x0000000735000000, 0x0000000735000000|100%|HC|  |TAMS 0x0000000735000000| PB 0x0000000734800000| Complete 
|1642|0x0000000735000000, 0x0000000735800000, 0x0000000735800000|100%|HC|  |TAMS 0x0000000735800000| PB 0x0000000735000000| Complete 
|1643|0x0000000735800000, 0x0000000736000000, 0x0000000736000000|100%|HC|  |TAMS 0x0000000736000000| PB 0x0000000735800000| Complete 
|1644|0x0000000736000000, 0x0000000736800000, 0x0000000736800000|100%|HC|  |TAMS 0x0000000736800000| PB 0x0000000736000000| Complete 
|1645|0x0000000736800000, 0x0000000737000000, 0x0000000737000000|100%|HC|  |TAMS 0x0000000737000000| PB 0x0000000736800000| Complete 
|1646|0x0000000737000000, 0x0000000737800000, 0x0000000737800000|100%|HC|  |TAMS 0x0000000737800000| PB 0x0000000737000000| Complete 
|1647|0x0000000737800000, 0x0000000738000000, 0x0000000738000000|100%|HC|  |TAMS 0x0000000738000000| PB 0x0000000737800000| Complete 
|1648|0x0000000738000000, 0x0000000738800000, 0x0000000738800000|100%|HC|  |TAMS 0x0000000738800000| PB 0x0000000738000000| Complete 
|1649|0x0000000738800000, 0x0000000739000000, 0x0000000739000000|100%|HC|  |TAMS 0x0000000739000000| PB 0x0000000738800000| Complete 
|1650|0x0000000739000000, 0x0000000739800000, 0x0000000739800000|100%|HC|  |TAMS 0x0000000739800000| PB 0x0000000739000000| Complete 
|1651|0x0000000739800000, 0x000000073a000000, 0x000000073a000000|100%|HC|  |TAMS 0x000000073a000000| PB 0x0000000739800000| Complete 
|1652|0x000000073a000000, 0x000000073a800000, 0x000000073a800000|100%|HC|  |TAMS 0x000000073a800000| PB 0x000000073a000000| Complete 
|1653|0x000000073a800000, 0x000000073b000000, 0x000000073b000000|100%|HC|  |TAMS 0x000000073b000000| PB 0x000000073a800000| Complete 
|1654|0x000000073b000000, 0x000000073b800000, 0x000000073b800000|100%|HC|  |TAMS 0x000000073b800000| PB 0x000000073b000000| Complete 
|1655|0x000000073b800000, 0x000000073c000000, 0x000000073c000000|100%|HC|  |TAMS 0x000000073c000000| PB 0x000000073b800000| Complete 
|1656|0x000000073c000000, 0x000000073c800000, 0x000000073c800000|100%|HC|  |TAMS 0x000000073c800000| PB 0x000000073c000000| Complete 
|1657|0x000000073c800000, 0x000000073d000000, 0x000000073d000000|100%|HC|  |TAMS 0x000000073d000000| PB 0x000000073c800000| Complete 
|1658|0x000000073d000000, 0x000000073d800000, 0x000000073d800000|100%|HC|  |TAMS 0x000000073d800000| PB 0x000000073d000000| Complete 
|1659|0x000000073d800000, 0x000000073e000000, 0x000000073e000000|100%|HC|  |TAMS 0x000000073e000000| PB 0x000000073d800000| Complete 
|1660|0x000000073e000000, 0x000000073e800000, 0x000000073e800000|100%|HC|  |TAMS 0x000000073e800000| PB 0x000000073e000000| Complete 
|1661|0x000000073e800000, 0x000000073f000000, 0x000000073f000000|100%|HC|  |TAMS 0x000000073f000000| PB 0x000000073e800000| Complete 
|1662|0x000000073f000000, 0x000000073f800000, 0x000000073f800000|100%|HC|  |TAMS 0x000000073f800000| PB 0x000000073f000000| Complete 
|1663|0x000000073f800000, 0x0000000740000000, 0x0000000740000000|100%|HC|  |TAMS 0x0000000740000000| PB 0x000000073f800000| Complete 
|1664|0x0000000740000000, 0x0000000740800000, 0x0000000740800000|100%|HC|  |TAMS 0x0000000740800000| PB 0x0000000740000000| Complete 
|1665|0x0000000740800000, 0x0000000741000000, 0x0000000741000000|100%|HC|  |TAMS 0x0000000741000000| PB 0x0000000740800000| Complete 
|1666|0x0000000741000000, 0x0000000741800000, 0x0000000741800000|100%|HC|  |TAMS 0x0000000741800000| PB 0x0000000741000000| Complete 
|1667|0x0000000741800000, 0x0000000742000000, 0x0000000742000000|100%|HC|  |TAMS 0x0000000742000000| PB 0x0000000741800000| Complete 
|1668|0x0000000742000000, 0x0000000742800000, 0x0000000742800000|100%|HC|  |TAMS 0x0000000742800000| PB 0x0000000742000000| Complete 
|1669|0x0000000742800000, 0x0000000743000000, 0x0000000743000000|100%|HC|  |TAMS 0x0000000743000000| PB 0x0000000742800000| Complete 
|1670|0x0000000743000000, 0x0000000743800000, 0x0000000743800000|100%|HC|  |TAMS 0x0000000743800000| PB 0x0000000743000000| Complete 
|1671|0x0000000743800000, 0x0000000744000000, 0x0000000744000000|100%|HC|  |TAMS 0x0000000744000000| PB 0x0000000743800000| Complete 
|1672|0x0000000744000000, 0x0000000744800000, 0x0000000744800000|100%|HC|  |TAMS 0x0000000744800000| PB 0x0000000744000000| Complete 
|1673|0x0000000744800000, 0x0000000745000000, 0x0000000745000000|100%|HC|  |TAMS 0x0000000745000000| PB 0x0000000744800000| Complete 
|1674|0x0000000745000000, 0x0000000745800000, 0x0000000745800000|100%|HC|  |TAMS 0x0000000745800000| PB 0x0000000745000000| Complete 
|1675|0x0000000745800000, 0x0000000746000000, 0x0000000746000000|100%|HC|  |TAMS 0x0000000746000000| PB 0x0000000745800000| Complete 
|1676|0x0000000746000000, 0x0000000746800000, 0x0000000746800000|100%|HC|  |TAMS 0x0000000746800000| PB 0x0000000746000000| Complete 
|1677|0x0000000746800000, 0x0000000747000000, 0x0000000747000000|100%|HC|  |TAMS 0x0000000747000000| PB 0x0000000746800000| Complete 
|1678|0x0000000747000000, 0x0000000747800000, 0x0000000747800000|100%|HC|  |TAMS 0x0000000747800000| PB 0x0000000747000000| Complete 
|1679|0x0000000747800000, 0x0000000748000000, 0x0000000748000000|100%|HC|  |TAMS 0x0000000748000000| PB 0x0000000747800000| Complete 
|1680|0x0000000748000000, 0x0000000748800000, 0x0000000748800000|100%|HC|  |TAMS 0x0000000748800000| PB 0x0000000748000000| Complete 
|1681|0x0000000748800000, 0x0000000749000000, 0x0000000749000000|100%|HC|  |TAMS 0x0000000749000000| PB 0x0000000748800000| Complete 
|1682|0x0000000749000000, 0x0000000749800000, 0x0000000749800000|100%|HC|  |TAMS 0x0000000749800000| PB 0x0000000749000000| Complete 
|1683|0x0000000749800000, 0x000000074a000000, 0x000000074a000000|100%|HC|  |TAMS 0x000000074a000000| PB 0x0000000749800000| Complete 
|1684|0x000000074a000000, 0x000000074a800000, 0x000000074a800000|100%|HC|  |TAMS 0x000000074a800000| PB 0x000000074a000000| Complete 
|1685|0x000000074a800000, 0x000000074b000000, 0x000000074b000000|100%|HC|  |TAMS 0x000000074b000000| PB 0x000000074a800000| Complete 
|1686|0x000000074b000000, 0x000000074b800000, 0x000000074b800000|100%|HC|  |TAMS 0x000000074b800000| PB 0x000000074b000000| Complete 
|1687|0x000000074b800000, 0x000000074c000000, 0x000000074c000000|100%|HC|  |TAMS 0x000000074c000000| PB 0x000000074b800000| Complete 
|1688|0x000000074c000000, 0x000000074c800000, 0x000000074c800000|100%|HC|  |TAMS 0x000000074c800000| PB 0x000000074c000000| Complete 
|1689|0x000000074c800000, 0x000000074d000000, 0x000000074d000000|100%|HC|  |TAMS 0x000000074d000000| PB 0x000000074c800000| Complete 
|1690|0x000000074d000000, 0x000000074d800000, 0x000000074d800000|100%|HC|  |TAMS 0x000000074d800000| PB 0x000000074d000000| Complete 
|1691|0x000000074d800000, 0x000000074e000000, 0x000000074e000000|100%|HC|  |TAMS 0x000000074e000000| PB 0x000000074d800000| Complete 
|1692|0x000000074e000000, 0x000000074e800000, 0x000000074e800000|100%|HC|  |TAMS 0x000000074e800000| PB 0x000000074e000000| Complete 
|1693|0x000000074e800000, 0x000000074f000000, 0x000000074f000000|100%|HC|  |TAMS 0x000000074f000000| PB 0x000000074e800000| Complete 
|1694|0x000000074f000000, 0x000000074f800000, 0x000000074f800000|100%|HC|  |TAMS 0x000000074f800000| PB 0x000000074f000000| Complete 
|1695|0x000000074f800000, 0x0000000750000000, 0x0000000750000000|100%|HC|  |TAMS 0x0000000750000000| PB 0x000000074f800000| Complete 
|1696|0x0000000750000000, 0x0000000750800000, 0x0000000750800000|100%|HC|  |TAMS 0x0000000750800000| PB 0x0000000750000000| Complete 
|1697|0x0000000750800000, 0x0000000751000000, 0x0000000751000000|100%|HC|  |TAMS 0x0000000751000000| PB 0x0000000750800000| Complete 
|1698|0x0000000751000000, 0x0000000751800000, 0x0000000751800000|100%|HC|  |TAMS 0x0000000751800000| PB 0x0000000751000000| Complete 
|1699|0x0000000751800000, 0x0000000752000000, 0x0000000752000000|100%|HC|  |TAMS 0x0000000752000000| PB 0x0000000751800000| Complete 
|1700|0x0000000752000000, 0x0000000752800000, 0x0000000752800000|100%|HC|  |TAMS 0x0000000752800000| PB 0x0000000752000000| Complete 
|1701|0x0000000752800000, 0x0000000753000000, 0x0000000753000000|100%|HC|  |TAMS 0x0000000753000000| PB 0x0000000752800000| Complete 
|1702|0x0000000753000000, 0x0000000753800000, 0x0000000753800000|100%|HC|  |TAMS 0x0000000753800000| PB 0x0000000753000000| Complete 
|1703|0x0000000753800000, 0x0000000754000000, 0x0000000754000000|100%|HC|  |TAMS 0x0000000754000000| PB 0x0000000753800000| Complete 
|1704|0x0000000754000000, 0x0000000754800000, 0x0000000754800000|100%|HC|  |TAMS 0x0000000754800000| PB 0x0000000754000000| Complete 
|1705|0x0000000754800000, 0x0000000755000000, 0x0000000755000000|100%|HC|  |TAMS 0x0000000755000000| PB 0x0000000754800000| Complete 
|1706|0x0000000755000000, 0x0000000755800000, 0x0000000755800000|100%|HC|  |TAMS 0x0000000755800000| PB 0x0000000755000000| Complete 
|1707|0x0000000755800000, 0x0000000756000000, 0x0000000756000000|100%|HC|  |TAMS 0x0000000756000000| PB 0x0000000755800000| Complete 
|1708|0x0000000756000000, 0x0000000756800000, 0x0000000756800000|100%|HC|  |TAMS 0x0000000756800000| PB 0x0000000756000000| Complete 
|1709|0x0000000756800000, 0x0000000757000000, 0x0000000757000000|100%|HC|  |TAMS 0x0000000757000000| PB 0x0000000756800000| Complete 
|1710|0x0000000757000000, 0x0000000757800000, 0x0000000757800000|100%|HC|  |TAMS 0x0000000757800000| PB 0x0000000757000000| Complete 
|1711|0x0000000757800000, 0x0000000758000000, 0x0000000758000000|100%|HC|  |TAMS 0x0000000758000000| PB 0x0000000757800000| Complete 
|1712|0x0000000758000000, 0x0000000758800000, 0x0000000758800000|100%|HC|  |TAMS 0x0000000758800000| PB 0x0000000758000000| Complete 
|1713|0x0000000758800000, 0x0000000759000000, 0x0000000759000000|100%|HC|  |TAMS 0x0000000759000000| PB 0x0000000758800000| Complete 
|1714|0x0000000759000000, 0x0000000759800000, 0x0000000759800000|100%|HC|  |TAMS 0x0000000759800000| PB 0x0000000759000000| Complete 
|1715|0x0000000759800000, 0x000000075a000000, 0x000000075a000000|100%|HC|  |TAMS 0x000000075a000000| PB 0x0000000759800000| Complete 
|1716|0x000000075a000000, 0x000000075a800000, 0x000000075a800000|100%|HC|  |TAMS 0x000000075a800000| PB 0x000000075a000000| Complete 
|1717|0x000000075a800000, 0x000000075b000000, 0x000000075b000000|100%|HC|  |TAMS 0x000000075b000000| PB 0x000000075a800000| Complete 
|1718|0x000000075b000000, 0x000000075b800000, 0x000000075b800000|100%|HC|  |TAMS 0x000000075b800000| PB 0x000000075b000000| Complete 
|1719|0x000000075b800000, 0x000000075c000000, 0x000000075c000000|100%|HC|  |TAMS 0x000000075c000000| PB 0x000000075b800000| Complete 
|1720|0x000000075c000000, 0x000000075c800000, 0x000000075c800000|100%|HC|  |TAMS 0x000000075c800000| PB 0x000000075c000000| Complete 
|1721|0x000000075c800000, 0x000000075d000000, 0x000000075d000000|100%|HC|  |TAMS 0x000000075d000000| PB 0x000000075c800000| Complete 
|1722|0x000000075d000000, 0x000000075d800000, 0x000000075d800000|100%|HC|  |TAMS 0x000000075d800000| PB 0x000000075d000000| Complete 
|1723|0x000000075d800000, 0x000000075e000000, 0x000000075e000000|100%|HC|  |TAMS 0x000000075e000000| PB 0x000000075d800000| Complete 
|1724|0x000000075e000000, 0x000000075e800000, 0x000000075e800000|100%|HC|  |TAMS 0x000000075e800000| PB 0x000000075e000000| Complete 
|1725|0x000000075e800000, 0x000000075f000000, 0x000000075f000000|100%|HC|  |TAMS 0x000000075f000000| PB 0x000000075e800000| Complete 
|1726|0x000000075f000000, 0x000000075f800000, 0x000000075f800000|100%|HC|  |TAMS 0x000000075f800000| PB 0x000000075f000000| Complete 
|1727|0x000000075f800000, 0x0000000760000000, 0x0000000760000000|100%|HC|  |TAMS 0x0000000760000000| PB 0x000000075f800000| Complete 
|1728|0x0000000760000000, 0x0000000760800000, 0x0000000760800000|100%|HC|  |TAMS 0x0000000760800000| PB 0x0000000760000000| Complete 
|1729|0x0000000760800000, 0x0000000761000000, 0x0000000761000000|100%|HC|  |TAMS 0x0000000761000000| PB 0x0000000760800000| Complete 
|1730|0x0000000761000000, 0x0000000761800000, 0x0000000761800000|100%|HC|  |TAMS 0x0000000761800000| PB 0x0000000761000000| Complete 
|1731|0x0000000761800000, 0x0000000762000000, 0x0000000762000000|100%|HC|  |TAMS 0x0000000762000000| PB 0x0000000761800000| Complete 
|1732|0x0000000762000000, 0x0000000762800000, 0x0000000762800000|100%|HC|  |TAMS 0x0000000762800000| PB 0x0000000762000000| Complete 
|1733|0x0000000762800000, 0x0000000763000000, 0x0000000763000000|100%|HC|  |TAMS 0x0000000763000000| PB 0x0000000762800000| Complete 
|1734|0x0000000763000000, 0x0000000763800000, 0x0000000763800000|100%|HC|  |TAMS 0x0000000763800000| PB 0x0000000763000000| Complete 
|1735|0x0000000763800000, 0x0000000764000000, 0x0000000764000000|100%|HC|  |TAMS 0x0000000764000000| PB 0x0000000763800000| Complete 
|1736|0x0000000764000000, 0x0000000764800000, 0x0000000764800000|100%|HC|  |TAMS 0x0000000764800000| PB 0x0000000764000000| Complete 
|1737|0x0000000764800000, 0x0000000765000000, 0x0000000765000000|100%|HC|  |TAMS 0x0000000765000000| PB 0x0000000764800000| Complete 
|1738|0x0000000765000000, 0x0000000765800000, 0x0000000765800000|100%|HC|  |TAMS 0x0000000765800000| PB 0x0000000765000000| Complete 
|1739|0x0000000765800000, 0x0000000766000000, 0x0000000766000000|100%|HC|  |TAMS 0x0000000766000000| PB 0x0000000765800000| Complete 
|1740|0x0000000766000000, 0x0000000766800000, 0x0000000766800000|100%|HC|  |TAMS 0x0000000766800000| PB 0x0000000766000000| Complete 
|1741|0x0000000766800000, 0x0000000767000000, 0x0000000767000000|100%|HC|  |TAMS 0x0000000767000000| PB 0x0000000766800000| Complete 
|1742|0x0000000767000000, 0x0000000767800000, 0x0000000767800000|100%|HC|  |TAMS 0x0000000767800000| PB 0x0000000767000000| Complete 
|1743|0x0000000767800000, 0x0000000768000000, 0x0000000768000000|100%|HC|  |TAMS 0x0000000768000000| PB 0x0000000767800000| Complete 
|1744|0x0000000768000000, 0x0000000768800000, 0x0000000768800000|100%|HC|  |TAMS 0x0000000768800000| PB 0x0000000768000000| Complete 
|1745|0x0000000768800000, 0x0000000769000000, 0x0000000769000000|100%|HC|  |TAMS 0x0000000769000000| PB 0x0000000768800000| Complete 
|1746|0x0000000769000000, 0x0000000769800000, 0x0000000769800000|100%|HC|  |TAMS 0x0000000769800000| PB 0x0000000769000000| Complete 
|1747|0x0000000769800000, 0x000000076a000000, 0x000000076a000000|100%|HC|  |TAMS 0x000000076a000000| PB 0x0000000769800000| Complete 
|1748|0x000000076a000000, 0x000000076a800000, 0x000000076a800000|100%|HC|  |TAMS 0x000000076a800000| PB 0x000000076a000000| Complete 
|1749|0x000000076a800000, 0x000000076b000000, 0x000000076b000000|100%|HC|  |TAMS 0x000000076b000000| PB 0x000000076a800000| Complete 
|1750|0x000000076b000000, 0x000000076b800000, 0x000000076b800000|100%|HC|  |TAMS 0x000000076b800000| PB 0x000000076b000000| Complete 
|1751|0x000000076b800000, 0x000000076c000000, 0x000000076c000000|100%|HC|  |TAMS 0x000000076c000000| PB 0x000000076b800000| Complete 
|1752|0x000000076c000000, 0x000000076c800000, 0x000000076c800000|100%|HC|  |TAMS 0x000000076c800000| PB 0x000000076c000000| Complete 
|1753|0x000000076c800000, 0x000000076d000000, 0x000000076d000000|100%|HC|  |TAMS 0x000000076d000000| PB 0x000000076c800000| Complete 
|1754|0x000000076d000000, 0x000000076d800000, 0x000000076d800000|100%|HC|  |TAMS 0x000000076d800000| PB 0x000000076d000000| Complete 
|1755|0x000000076d800000, 0x000000076e000000, 0x000000076e000000|100%|HC|  |TAMS 0x000000076e000000| PB 0x000000076d800000| Complete 
|1756|0x000000076e000000, 0x000000076e800000, 0x000000076e800000|100%|HC|  |TAMS 0x000000076e800000| PB 0x000000076e000000| Complete 
|1757|0x000000076e800000, 0x000000076f000000, 0x000000076f000000|100%|HC|  |TAMS 0x000000076f000000| PB 0x000000076e800000| Complete 
|1758|0x000000076f000000, 0x000000076f800000, 0x000000076f800000|100%|HC|  |TAMS 0x000000076f800000| PB 0x000000076f000000| Complete 
|1759|0x000000076f800000, 0x0000000770000000, 0x0000000770000000|100%|HC|  |TAMS 0x0000000770000000| PB 0x000000076f800000| Complete 
|1760|0x0000000770000000, 0x0000000770800000, 0x0000000770800000|100%|HC|  |TAMS 0x0000000770800000| PB 0x0000000770000000| Complete 
|1761|0x0000000770800000, 0x0000000770800000, 0x0000000771000000|  0%| F|  |TAMS 0x0000000770800000| PB 0x0000000770800000| Untracked 
|1762|0x0000000771000000, 0x0000000771000000, 0x0000000771800000|  0%| F|  |TAMS 0x0000000771000000| PB 0x0000000771000000| Untracked 
|2046|0x00000007ff000000, 0x00000007ff7127e8, 0x00000007ff800000| 88%| S|CS|TAMS 0x00000007ff000000| PB 0x00000007ff000000| Complete 
|2047|0x00000007ff800000, 0x0000000800000000, 0x0000000800000000|100%| O|  |TAMS 0x0000000800000000| PB 0x00000007ff800000| Untracked 

Card table byte_map: [0x000002453b3e0000,0x000002453d3e0000] _byte_map_base: 0x00000245393e0000

Marking Bits: (CMBitMap*) 0x000002454d420450
 Bits: [0x000002453d3e0000, 0x000002454d3e0000)

Polling page: 0x0000024526670000

Metaspace:

Usage:
  Non-class:     71.97 MB used.
      Class:      8.19 MB used.
       Both:     80.16 MB used.

Virtual space:
  Non-class space:      128.00 MB reserved,      72.94 MB ( 57%) committed,  2 nodes.
      Class space:        1.00 GB reserved,       9.00 MB ( <1%) committed,  1 nodes.
             Both:        1.12 GB reserved,      81.94 MB (  7%) committed. 

Chunk freelists:
   Non-Class:  6.91 MB
       Class:  7.06 MB
        Both:  13.97 MB

MaxMetaspaceSize: unlimited
CompressedClassSpaceSize: 1.00 GB
Initial GC threshold: 21.00 MB
Current GC threshold: 135.31 MB
CDS: on
 - commit_granule_bytes: 65536.
 - commit_granule_words: 8192.
 - virtual_space_node_default_size: 8388608.
 - enlarge_chunks_in_place: 1.
 - use_allocation_guard: 0.


Internal statistics:

num_allocs_failed_limit: 6.
num_arena_births: 1544.
num_arena_deaths: 26.
num_vsnodes_births: 3.
num_vsnodes_deaths: 0.
num_space_committed: 1311.
num_space_uncommitted: 0.
num_chunks_returned_to_freelist: 36.
num_chunks_taken_from_freelist: 5479.
num_chunk_merges: 14.
num_chunk_splits: 3292.
num_chunks_enlarged: 1764.
num_inconsistent_stats: 0.

CodeHeap 'non-profiled nmethods': size=120000Kb used=14662Kb max_used=16440Kb free=105337Kb
 bounds [0x0000024531b80000, 0x0000024532bc0000, 0x00000245390b0000]
CodeHeap 'profiled nmethods': size=120000Kb used=33832Kb max_used=42678Kb free=86167Kb
 bounds [0x000002452a0b0000, 0x000002452ca60000, 0x00000245315e0000]
CodeHeap 'non-nmethods': size=5760Kb used=1888Kb max_used=2016Kb free=3871Kb
 bounds [0x00000245315e0000, 0x0000024531850000, 0x0000024531b80000]
CodeCache: size=245760Kb, used=50382Kb, max_used=61134Kb, free=195375Kb
 total_blobs=14563, nmethods=13741, adapters=724, full_count=0
Compilation: enabled, stopped_count=0, restarted_count=0

Compilation events (20 events):
Event: 2934.421 Thread 0x000002459501b100 19943       1       java.text.FieldPosition::setBeginIndex (6 bytes)
Event: 2934.421 Thread 0x000002459501b100 nmethod 19943 0x0000024531ef7e10 code [0x0000024531ef7fa0, 0x0000024531ef8068]
Event: 2934.421 Thread 0x000002459501b100 19944       1       java.text.FieldPosition::setEndIndex (6 bytes)
Event: 2934.421 Thread 0x000002459501b100 nmethod 19944 0x0000024531ef7b10 code [0x0000024531ef7ca0, 0x0000024531ef7d68]
Event: 2934.543 Thread 0x0000024595018a30 nmethod 19930 0x0000024532a49f90 code [0x0000024532a4a340, 0x0000024532a4c568]
Event: 2934.544 Thread 0x0000024595018a30 19936       4       org.eclipse.jdt.internal.compiler.lookup.Scope::getTypeOrPackage (343 bytes)
Event: 2934.585 Thread 0x000002459501b100 19945       3       com.google.gson.stream.JsonWriter::string (171 bytes)
Event: 2934.589 Thread 0x000002459501b100 nmethod 19945 0x000002452ac7c710 code [0x000002452ac7c9c0, 0x000002452ac7d818]
Event: 2934.733 Thread 0x0000024595018a30 nmethod 19936 0x0000024532284c90 code [0x0000024532285000, 0x0000024532286600]
Event: 2934.734 Thread 0x0000024595018a30 19935       4       org.eclipse.jdt.internal.compiler.ClassFile::getParametersCount (194 bytes)
Event: 2934.761 Thread 0x0000024595018a30 nmethod 19935 0x0000024531ef7090 code [0x0000024531ef7240, 0x0000024531ef76f0]
Event: 2934.761 Thread 0x0000024595018a30 19931       4       org.eclipse.jdt.internal.core.index.DiskIndex::mergeCategory (301 bytes)
Event: 2934.786 Thread 0x0000024595018a30 nmethod 19931 0x0000024532af4290 code [0x0000024532af4460, 0x0000024532af4828]
Event: 2944.972 Thread 0x000002459501b100 19946       3       java.lang.StackTraceElement::length (13 bytes)
Event: 2944.991 Thread 0x000002459501b100 nmethod 19946 0x000002452b316b90 code [0x000002452b316d40, 0x000002452b316f98]
Event: 2945.160 Thread 0x000002459501b100 19947       3       org.eclipse.jdt.internal.core.index.DiskIndex::readStreamChars (529 bytes)
Event: 2945.163 Thread 0x0000024595018a30 19948  s!   4       org.eclipse.jdt.internal.core.index.DiskIndex::readCategoryTable (743 bytes)
Event: 2945.178 Thread 0x000002459501b100 nmethod 19947 0x000002452b4cef90 code [0x000002452b4cf200, 0x000002452b4d0028]
Event: 2945.178 Thread 0x000002459501b100 19949 %     3       org.eclipse.jdt.internal.core.index.DiskIndex::mergeCategory @ 108 (301 bytes)
Event: 2945.207 Thread 0x000002459501b100 nmethod 19949% 0x000002452bba3f10 code [0x000002452bba4220, 0x000002452bba59f0]

GC Heap History (20 events):
Event: 2540.610 GC heap before
{Heap before GC invocations=59 (full 0):
 garbage-first heap   total 262144K, used 222801K [0x0000000400000000, 0x0000000800000000)
  region size 8192K, 14 young (114688K), 2 survivors (16384K)
 Metaspace       used 81137K, committed 82880K, reserved 1179648K
  class space    used 8355K, committed 9152K, reserved 1048576K
}
Event: 2540.650 GC heap after
{Heap after GC invocations=60 (full 0):
 garbage-first heap   total 262144K, used 135726K [0x0000000400000000, 0x0000000800000000)
  region size 8192K, 2 young (16384K), 2 survivors (16384K)
 Metaspace       used 81137K, committed 82880K, reserved 1179648K
  class space    used 8355K, committed 9152K, reserved 1048576K
}
Event: 2547.303 GC heap before
{Heap before GC invocations=60 (full 0):
 garbage-first heap   total 262144K, used 217646K [0x0000000400000000, 0x0000000800000000)
  region size 8192K, 12 young (98304K), 2 survivors (16384K)
 Metaspace       used 81182K, committed 82944K, reserved 1179648K
  class space    used 8355K, committed 9152K, reserved 1048576K
}
Event: 2547.340 GC heap after
{Heap after GC invocations=61 (full 0):
 garbage-first heap   total 262144K, used 132449K [0x0000000400000000, 0x0000000800000000)
  region size 8192K, 2 young (16384K), 2 survivors (16384K)
 Metaspace       used 81182K, committed 82944K, reserved 1179648K
  class space    used 8355K, committed 9152K, reserved 1048576K
}
Event: 2549.714 GC heap before
{Heap before GC invocations=61 (full 0):
 garbage-first heap   total 262144K, used 214369K [0x0000000400000000, 0x0000000800000000)
  region size 8192K, 12 young (98304K), 2 survivors (16384K)
 Metaspace       used 81242K, committed 83008K, reserved 1179648K
  class space    used 8355K, committed 9152K, reserved 1048576K
}
Event: 2549.744 GC heap after
{Heap after GC invocations=62 (full 0):
 garbage-first heap   total 262144K, used 143264K [0x0000000400000000, 0x0000000800000000)
  region size 8192K, 2 young (16384K), 2 survivors (16384K)
 Metaspace       used 81242K, committed 83008K, reserved 1179648K
  class space    used 8355K, committed 9152K, reserved 1048576K
}
Event: 2551.493 GC heap before
{Heap before GC invocations=62 (full 0):
 garbage-first heap   total 262144K, used 225184K [0x0000000400000000, 0x0000000800000000)
  region size 8192K, 12 young (98304K), 2 survivors (16384K)
 Metaspace       used 81342K, committed 83072K, reserved 1179648K
  class space    used 8356K, committed 9152K, reserved 1048576K
}
Event: 2551.506 GC heap after
{Heap after GC invocations=63 (full 0):
 garbage-first heap   total 262144K, used 145050K [0x0000000400000000, 0x0000000800000000)
  region size 8192K, 1 young (8192K), 1 survivors (8192K)
 Metaspace       used 81342K, committed 83072K, reserved 1179648K
  class space    used 8356K, committed 9152K, reserved 1048576K
}
Event: 2553.104 GC heap before
{Heap before GC invocations=63 (full 0):
 garbage-first heap   total 262144K, used 226970K [0x0000000400000000, 0x0000000800000000)
  region size 8192K, 11 young (90112K), 1 survivors (8192K)
 Metaspace       used 81421K, committed 83136K, reserved 1179648K
  class space    used 8357K, committed 9152K, reserved 1048576K
}
Event: 2553.109 GC heap after
{Heap after GC invocations=64 (full 0):
 garbage-first heap   total 262144K, used 143995K [0x0000000400000000, 0x0000000800000000)
  region size 8192K, 1 young (8192K), 1 survivors (8192K)
 Metaspace       used 81421K, committed 83136K, reserved 1179648K
  class space    used 8357K, committed 9152K, reserved 1048576K
}
Event: 2554.444 GC heap before
{Heap before GC invocations=65 (full 0):
 garbage-first heap   total 262144K, used 225915K [0x0000000400000000, 0x0000000800000000)
  region size 8192K, 11 young (90112K), 1 survivors (8192K)
 Metaspace       used 81521K, committed 83264K, reserved 1179648K
  class space    used 8357K, committed 9152K, reserved 1048576K
}
Event: 2554.450 GC heap after
{Heap after GC invocations=66 (full 0):
 garbage-first heap   total 262144K, used 147854K [0x0000000400000000, 0x0000000800000000)
  region size 8192K, 1 young (8192K), 1 survivors (8192K)
 Metaspace       used 81521K, committed 83264K, reserved 1179648K
  class space    used 8357K, committed 9152K, reserved 1048576K
}
Event: 2556.562 GC heap before
{Heap before GC invocations=66 (full 0):
 garbage-first heap   total 262144K, used 229774K [0x0000000400000000, 0x0000000800000000)
  region size 8192K, 11 young (90112K), 1 survivors (8192K)
 Metaspace       used 81619K, committed 83328K, reserved 1179648K
  class space    used 8357K, committed 9152K, reserved 1048576K
}
Event: 2556.571 GC heap after
{Heap after GC invocations=67 (full 0):
 garbage-first heap   total 319488K, used 122576K [0x0000000400000000, 0x0000000800000000)
  region size 8192K, 2 young (16384K), 2 survivors (16384K)
 Metaspace       used 81619K, committed 83328K, reserved 1179648K
  class space    used 8357K, committed 9152K, reserved 1048576K
}
Event: 2932.632 GC heap before
{Heap before GC invocations=67 (full 0):
 garbage-first heap   total 14442496K, used 14434000K [0x0000000400000000, 0x0000000800000000)
  region size 8192K, 25 young (204800K), 2 survivors (16384K)
 Metaspace       used 82061K, committed 83904K, reserved 1179648K
  class space    used 8387K, committed 9216K, reserved 1048576K
}
Event: 2933.425 GC heap after
{Heap after GC invocations=68 (full 0):
 garbage-first heap   total 14458880K, used 14213860K [0x0000000400000000, 0x0000000800000000)
  region size 8192K, 2 young (16384K), 2 survivors (16384K)
 Metaspace       used 82061K, committed 83904K, reserved 1179648K
  class space    used 8387K, committed 9216K, reserved 1048576K
}
Event: 2945.219 GC heap before
{Heap before GC invocations=68 (full 0):
 garbage-first heap   total 14458880K, used 14222052K [0x0000000400000000, 0x0000000800000000)
  region size 8192K, 4 young (32768K), 2 survivors (16384K)
 Metaspace       used 82084K, committed 83904K, reserved 1179648K
  class space    used 8390K, committed 9216K, reserved 1048576K
}
Event: 2945.362 GC heap after
{Heap after GC invocations=69 (full 0):
 garbage-first heap   total 14458880K, used 14210974K [0x0000000400000000, 0x0000000800000000)
  region size 8192K, 1 young (8192K), 1 survivors (8192K)
 Metaspace       used 82084K, committed 83904K, reserved 1179648K
  class space    used 8390K, committed 9216K, reserved 1048576K
}
Event: 2945.364 GC heap before
{Heap before GC invocations=69 (full 0):
 garbage-first heap   total 14458880K, used 14210974K [0x0000000400000000, 0x0000000800000000)
  region size 8192K, 1 young (8192K), 1 survivors (8192K)
 Metaspace       used 82084K, committed 83904K, reserved 1179648K
  class space    used 8390K, committed 9216K, reserved 1048576K
}
Event: 2945.621 GC heap after
{Heap after GC invocations=70 (full 0):
 garbage-first heap   total 14458880K, used 14210441K [0x0000000400000000, 0x0000000800000000)
  region size 8192K, 1 young (8192K), 1 survivors (8192K)
 Metaspace       used 82084K, committed 83904K, reserved 1179648K
  class space    used 8390K, committed 9216K, reserved 1048576K
}

Dll operation events (20 events):
Event: 0.160 Attempting to load shared library C:\Users\ZHAN\.vscode\extensions\redhat.java-1.56.0-win32-x64\jre\21.0.12.1-win32-x86_64\bin\instrument.dll
Event: 0.160 Loaded shared library C:\Users\ZHAN\.vscode\extensions\redhat.java-1.56.0-win32-x64\jre\21.0.12.1-win32-x86_64\bin\instrument.dll
Event: 0.165 Attempting to load shared library C:\Users\ZHAN\.vscode\extensions\redhat.java-1.56.0-win32-x64\jre\21.0.12.1-win32-x86_64\bin\net.dll
Event: 0.167 Loaded shared library C:\Users\ZHAN\.vscode\extensions\redhat.java-1.56.0-win32-x64\jre\21.0.12.1-win32-x86_64\bin\net.dll
Event: 0.170 Attempting to load shared library C:\Users\ZHAN\.vscode\extensions\redhat.java-1.56.0-win32-x64\jre\21.0.12.1-win32-x86_64\bin\nio.dll
Event: 0.170 Loaded shared library C:\Users\ZHAN\.vscode\extensions\redhat.java-1.56.0-win32-x64\jre\21.0.12.1-win32-x86_64\bin\nio.dll
Event: 0.176 Attempting to load shared library C:\Users\ZHAN\.vscode\extensions\redhat.java-1.56.0-win32-x64\jre\21.0.12.1-win32-x86_64\bin\zip.dll
Event: 0.176 Loaded shared library C:\Users\ZHAN\.vscode\extensions\redhat.java-1.56.0-win32-x64\jre\21.0.12.1-win32-x86_64\bin\zip.dll
Event: 0.214 Attempting to load shared library C:\Users\ZHAN\.vscode\extensions\redhat.java-1.56.0-win32-x64\jre\21.0.12.1-win32-x86_64\bin\jimage.dll
Event: 0.214 Loaded shared library C:\Users\ZHAN\.vscode\extensions\redhat.java-1.56.0-win32-x64\jre\21.0.12.1-win32-x86_64\bin\jimage.dll
Event: 0.348 Attempting to load shared library c:\Users\ZHAN\.vscode\extensions\redhat.java-1.56.0-win32-x64\jre\21.0.12.1-win32-x86_64\bin\verify.dll
Event: 0.348 Loaded shared library c:\Users\ZHAN\.vscode\extensions\redhat.java-1.56.0-win32-x64\jre\21.0.12.1-win32-x86_64\bin\verify.dll
Event: 1.584 Attempting to load shared library C:\Users\ZHAN\AppData\Roaming\Code\User\globalStorage\redhat.java\1.56.0\config_win\org.eclipse.equinox.launcher\org.eclipse.equinox.launcher.win32.win32.x86_64_1.3.100.v20260804-1928\eclipse_11924.dll
Event: 1.586 Loaded shared library C:\Users\ZHAN\AppData\Roaming\Code\User\globalStorage\redhat.java\1.56.0\config_win\org.eclipse.equinox.launcher\org.eclipse.equinox.launcher.win32.win32.x86_64_1.3.100.v20260804-1928\eclipse_11924.dll
Event: 6.601 Attempting to load shared library C:\Users\ZHAN\AppData\Local\Temp\jna-2752475\jna15662819460779864861.dll
Event: 6.801 Loaded shared library C:\Users\ZHAN\AppData\Local\Temp\jna-2752475\jna15662819460779864861.dll
Event: 16.606 Attempting to load shared library C:\Users\ZHAN\.vscode\extensions\redhat.java-1.56.0-win32-x64\jre\21.0.12.1-win32-x86_64\bin\sunmscapi.dll
Event: 16.625 Loaded shared library C:\Users\ZHAN\.vscode\extensions\redhat.java-1.56.0-win32-x64\jre\21.0.12.1-win32-x86_64\bin\sunmscapi.dll
Event: 19.593 Attempting to load shared library C:\Users\ZHAN\.vscode\extensions\redhat.java-1.56.0-win32-x64\jre\21.0.12.1-win32-x86_64\bin\extnet.dll
Event: 19.594 Loaded shared library C:\Users\ZHAN\.vscode\extensions\redhat.java-1.56.0-win32-x64\jre\21.0.12.1-win32-x86_64\bin\extnet.dll

Deoptimization events (20 events):
Event: 2934.107 Thread 0x0000024596338f00 Uncommon trap: trap_request=0xffffff45 fr.pc=0x0000024532a62864 relative=0x0000000000000284
Event: 2934.107 Thread 0x0000024596338f00 Uncommon trap: reason=unstable_if action=reinterpret pc=0x0000024532a62864 method=java.lang.String.encodeUTF8(B[BZ)[B @ 2 c2
Event: 2934.107 Thread 0x0000024596338f00 DEOPT PACKING pc=0x0000024532a62864 sp=0x000000fb860fe240
Event: 2934.108 Thread 0x0000024596338f00 DEOPT UNPACKING pc=0x0000024531637ba2 sp=0x000000fb860fe150 mode 2
Event: 2934.184 Thread 0x0000024596338f00 DEOPT PACKING pc=0x000002452b5572e0 sp=0x000000fb860fef00
Event: 2934.184 Thread 0x0000024596338f00 DEOPT UNPACKING pc=0x00000245316386e2 sp=0x000000fb860fe458 mode 0
Event: 2944.770 Thread 0x0000024596338f00 Uncommon trap: trap_request=0xffffff45 fr.pc=0x0000024531e73f7c relative=0x000000000000033c
Event: 2944.773 Thread 0x0000024596338f00 Uncommon trap: reason=unstable_if action=reinterpret pc=0x0000024531e73f7c method=org.eclipse.jdt.internal.core.index.DiskIndex.mergeCategory([CLorg/eclipse/jdt/internal/core/index/DiskIndex;[ILjava/io/OutputStream;)V @ 278 c2
Event: 2944.777 Thread 0x0000024596338f00 DEOPT PACKING pc=0x0000024531e73f7c sp=0x000000fb860fefe0
Event: 2944.779 Thread 0x0000024596338f00 DEOPT UNPACKING pc=0x0000024531637ba2 sp=0x000000fb860fef68 mode 2
Event: 2945.031 Thread 0x0000024596338f00 Uncommon trap: trap_request=0xffffffde fr.pc=0x000002453210a7e4 relative=0x0000000000000604
Event: 2945.033 Thread 0x0000024596338f00 Uncommon trap: reason=class_check action=maybe_recompile pc=0x000002453210a7e4 method=java.util.AbstractMap.hashCode()I @ 3 c2
Event: 2945.033 Thread 0x0000024596338f00 DEOPT PACKING pc=0x000002453210a7e4 sp=0x000000fb860feaa0
Event: 2945.034 Thread 0x0000024596338f00 DEOPT UNPACKING pc=0x0000024531637ba2 sp=0x000000fb860fea68 mode 2
Event: 2945.163 Thread 0x0000024596338f00 DEOPT PACKING pc=0x000002452ad0aa50 sp=0x000000fb860fed80
Event: 2945.167 Thread 0x0000024596338f00 DEOPT UNPACKING pc=0x00000245316386e2 sp=0x000000fb860fe330 mode 0
Event: 2945.170 Thread 0x0000024596338f00 Uncommon trap: trap_request=0xffffff45 fr.pc=0x0000024532af4630 relative=0x00000000000001d0
Event: 2945.170 Thread 0x0000024596338f00 Uncommon trap: reason=unstable_if action=reinterpret pc=0x0000024532af4630 method=org.eclipse.jdt.internal.core.index.DiskIndex.mergeCategory([CLorg/eclipse/jdt/internal/core/index/DiskIndex;[ILjava/io/OutputStream;)V @ 75 c2
Event: 2945.170 Thread 0x0000024596338f00 DEOPT PACKING pc=0x0000024532af4630 sp=0x000000fb860fef70
Event: 2945.170 Thread 0x0000024596338f00 DEOPT UNPACKING pc=0x0000024531637ba2 sp=0x000000fb860feee0 mode 2

Classes loaded (20 events):
Event: 2746.282 Loading class java/util/stream/Nodes$ConcNode
Event: 2746.285 Loading class java/util/stream/Nodes$AbstractConcNode
Event: 2746.288 Loading class java/util/stream/Nodes$AbstractConcNode done
Event: 2746.288 Loading class java/util/stream/Nodes$ConcNode done
Event: 2746.319 Loading class java/io/ObjectOutputStream$BlockDataOutputStream
Event: 2746.327 Loading class java/io/ObjectOutputStream$BlockDataOutputStream done
Event: 2746.327 Loading class java/io/ObjectOutputStream$HandleTable
Event: 2746.331 Loading class java/io/ObjectOutputStream$HandleTable done
Event: 2746.331 Loading class java/io/ObjectOutputStream$ReplaceTable
Event: 2746.333 Loading class java/io/ObjectOutputStream$ReplaceTable done
Event: 2908.312 Loading class jdk/internal/module/IllegalAccessLogger
Event: 2908.313 Loading class jdk/internal/module/IllegalAccessLogger done
Event: 2933.632 Loading class java/lang/StackStreamFactory$CallerClassFinder
Event: 2933.725 Loading class java/lang/StackStreamFactory$CallerClassFinder done
Event: 2933.728 Loading class java/lang/StackStreamFactory$CallerClassFinder$ClassBuffer
Event: 2933.756 Loading class java/lang/StackStreamFactory$CallerClassFinder$ClassBuffer done
Event: 2933.918 Loading class java/lang/Throwable$WrappedPrintWriter
Event: 2933.929 Loading class java/lang/Throwable$PrintStreamOrWriter
Event: 2933.934 Loading class java/lang/Throwable$PrintStreamOrWriter done
Event: 2933.934 Loading class java/lang/Throwable$WrappedPrintWriter done

Classes unloaded (13 events):
Event: 15.730 Thread 0x000002454d5ac350 Unloading class 0x00000245511a5000 'java/lang/invoke/LambdaForm$MH+0x00000245511a5000'
Event: 15.730 Thread 0x000002454d5ac350 Unloading class 0x00000245511a4c00 'java/lang/invoke/LambdaForm$MH+0x00000245511a4c00'
Event: 15.730 Thread 0x000002454d5ac350 Unloading class 0x00000245511a4800 'java/lang/invoke/LambdaForm$MH+0x00000245511a4800'
Event: 15.730 Thread 0x000002454d5ac350 Unloading class 0x00000245511a4400 'java/lang/invoke/LambdaForm$MH+0x00000245511a4400'
Event: 15.730 Thread 0x000002454d5ac350 Unloading class 0x00000245511a4000 'java/lang/invoke/LambdaForm$BMH+0x00000245511a4000'
Event: 15.730 Thread 0x000002454d5ac350 Unloading class 0x00000245511a3c00 'java/lang/invoke/LambdaForm$DMH+0x00000245511a3c00'
Event: 15.730 Thread 0x000002454d5ac350 Unloading class 0x00000245511a2800 'java/lang/invoke/LambdaForm$DMH+0x00000245511a2800'
Event: 53.059 Thread 0x000002454d5ac350 Unloading class 0x0000024551740400 'java/lang/invoke/LambdaForm$DMH+0x0000024551740400'
Event: 53.059 Thread 0x000002454d5ac350 Unloading class 0x0000024551738c00 'java/lang/invoke/LambdaForm$DMH+0x0000024551738c00'
Event: 2486.121 Thread 0x000002454d5ac350 Unloading class 0x0000024551790c00 'java/lang/invoke/LambdaForm$MH+0x0000024551790c00'
Event: 2486.122 Thread 0x000002454d5ac350 Unloading class 0x0000024551790000 'java/lang/invoke/LambdaForm$MH+0x0000024551790000'
Event: 2486.122 Thread 0x000002454d5ac350 Unloading class 0x0000024551788800 'java/lang/invoke/LambdaForm$MH+0x0000024551788800'
Event: 2486.122 Thread 0x000002454d5ac350 Unloading class 0x0000024551788400 'java/lang/invoke/LambdaForm$MH+0x0000024551788400'

Classes redefined (0 events):
No events

Internal exceptions (20 events):
Event: 2664.370 Thread 0x000002459633a2b0 Exception <a 'sun/nio/fs/WindowsException'{0x000000040e290628}> (0x000000040e290628) 
thrown [s\src\hotspot\share\prims\jni.cpp, line 520]
Event: 2664.378 Thread 0x000002459633a2b0 Exception <a 'sun/nio/fs/WindowsException'{0x000000040e291738}> (0x000000040e291738) 
thrown [s\src\hotspot\share\prims\jni.cpp, line 520]
Event: 2664.378 Thread 0x000002459633a2b0 Exception <a 'sun/nio/fs/WindowsException'{0x000000040e291d78}> (0x000000040e291d78) 
thrown [s\src\hotspot\share\prims\jni.cpp, line 520]
Event: 2664.379 Thread 0x000002459633a2b0 Exception <a 'sun/nio/fs/WindowsException'{0x000000040e2929f0}> (0x000000040e2929f0) 
thrown [s\src\hotspot\share\prims\jni.cpp, line 520]
Event: 2664.380 Thread 0x000002459633a2b0 Exception <a 'sun/nio/fs/WindowsException'{0x000000040e293030}> (0x000000040e293030) 
thrown [s\src\hotspot\share\prims\jni.cpp, line 520]
Event: 2664.383 Thread 0x000002459633a2b0 Exception <a 'sun/nio/fs/WindowsException'{0x000000040e293cf8}> (0x000000040e293cf8) 
thrown [s\src\hotspot\share\prims\jni.cpp, line 520]
Event: 2664.384 Thread 0x000002459633a2b0 Exception <a 'sun/nio/fs/WindowsException'{0x000000040e294328}> (0x000000040e294328) 
thrown [s\src\hotspot\share\prims\jni.cpp, line 520]
Event: 2664.385 Thread 0x000002459633a2b0 Exception <a 'sun/nio/fs/WindowsException'{0x000000040e294eb0}> (0x000000040e294eb0) 
thrown [s\src\hotspot\share\prims\jni.cpp, line 520]
Event: 2664.386 Thread 0x000002459633a2b0 Exception <a 'sun/nio/fs/WindowsException'{0x000000040e2954e0}> (0x000000040e2954e0) 
thrown [s\src\hotspot\share\prims\jni.cpp, line 520]
Event: 2664.387 Thread 0x000002459633a2b0 Exception <a 'sun/nio/fs/WindowsException'{0x000000040e296138}> (0x000000040e296138) 
thrown [s\src\hotspot\share\prims\jni.cpp, line 520]
Event: 2664.387 Thread 0x000002459633a2b0 Exception <a 'sun/nio/fs/WindowsException'{0x000000040e296768}> (0x000000040e296768) 
thrown [s\src\hotspot\share\prims\jni.cpp, line 520]
Event: 2664.388 Thread 0x000002459633a2b0 Exception <a 'sun/nio/fs/WindowsException'{0x000000040e2972f0}> (0x000000040e2972f0) 
thrown [s\src\hotspot\share\prims\jni.cpp, line 520]
Event: 2664.388 Thread 0x000002459633a2b0 Exception <a 'sun/nio/fs/WindowsException'{0x000000040e297920}> (0x000000040e297920) 
thrown [s\src\hotspot\share\prims\jni.cpp, line 520]
Event: 2668.244 Thread 0x000002459873a620 Exception <a 'java/lang/ArrayIndexOutOfBoundsException'{0x000000040d88b7a0}: Index 431 out of bounds for length 430> (0x000000040d88b7a0) 
thrown [s\src\hotspot\share\interpreter\interpreterRuntime.cpp, line 439]
Event: 2745.879 Thread 0x0000024598663cf0 Exception <a 'sun/nio/fs/WindowsException'{0x000000040dbb5168}> (0x000000040dbb5168) 
thrown [s\src\hotspot\share\prims\jni.cpp, line 520]
Event: 2745.880 Thread 0x0000024598663cf0 Exception <a 'sun/nio/fs/WindowsException'{0x000000040dbb5a58}> (0x000000040dbb5a58) 
thrown [s\src\hotspot\share\prims\jni.cpp, line 520]
Event: 2745.890 Thread 0x0000024598663cf0 Implicit null exception at 0x000002453228c786 to 0x000002453228cb7c
Event: 2746.516 Thread 0x0000024598663cf0 Exception <a 'java/lang/NoSuchMethodError'{0x000000040dc7dca0}: static [J.<clinit>()V> (0x000000040dc7dca0) 
thrown [s\src\hotspot\share\prims\jni.cpp, line 1111]
Event: 2746.730 Thread 0x0000024598663cf0 Exception <a 'java/lang/NoSuchMethodError'{0x000000040dd6d0b0}: 'java.lang.Object java.lang.invoke.DirectMethodHandle$Holder.newInvokeSpecial(java.lang.Object, java.lang.Object, java.lang.Object, java.lang.Object, java.lang.Object, java.lang.Object, java.lang.Object, java.lang.Object)'> (0x000000040dd6d0b0) 
thrown [s\src\hotspot\share\interpreter\linkResolver.cpp, line 773]
Event: 2944.814 Thread 0x0000024596338f00 Exception <a 'java/io/FileNotFoundException'{0x00000007ff08e7b8}> (0x00000007ff08e7b8) 
thrown [s\src\hotspot\share\prims\jni.cpp, line 520]

ZGC Phase Switch (0 events):
No events

VM Operations (20 events):
Event: 2826.017 Executing non-safepoint VM operation: RendezvousGCThreads done
Event: 2879.419 Executing safepoint VM operation: Cleanup
Event: 2879.434 Executing safepoint VM operation: Cleanup done
Event: 2880.438 Executing safepoint VM operation: Cleanup
Event: 2880.446 Executing safepoint VM operation: Cleanup done
Event: 2881.461 Executing safepoint VM operation: Cleanup
Event: 2907.603 Executing safepoint VM operation: Cleanup done
Event: 2907.615 Executing non-safepoint VM operation: HandshakeAllThreads (HandshakeForDeflation)
Event: 2932.521 Executing non-safepoint VM operation: HandshakeAllThreads (HandshakeForDeflation) done
Event: 2932.528 Executing safepoint VM operation: Cleanup
Event: 2932.606 Executing safepoint VM operation: Cleanup done
Event: 2932.608 Executing non-safepoint VM operation: RendezvousGCThreads
Event: 2932.608 Executing non-safepoint VM operation: RendezvousGCThreads done
Event: 2932.610 Executing safepoint VM operation: G1CollectForAllocation (G1 Evacuation Pause)
Event: 2933.426 Executing safepoint VM operation: G1CollectForAllocation (G1 Evacuation Pause) done
Event: 2934.440 Executing safepoint VM operation: Cleanup
Event: 2934.485 Executing safepoint VM operation: Cleanup done
Event: 2945.187 Executing safepoint VM operation: G1TryInitiateConcMark (G1 Humongous Allocation)
Event: 2945.362 Executing safepoint VM operation: G1TryInitiateConcMark (G1 Humongous Allocation) done
Event: 2945.362 Executing safepoint VM operation: G1CollectForAllocation (G1 Humongous Allocation)

Memory protections (0 events):
No events

Nmethod flushes (20 events):
Event: 2553.276 Thread 0x000002454d5ac350 flushing  nmethod 0x000002452bd5da10
Event: 2553.276 Thread 0x000002454d5ac350 flushing  nmethod 0x000002452bd5ec10
Event: 2553.276 Thread 0x000002454d5ac350 flushing  nmethod 0x000002452bd7f790
Event: 2553.276 Thread 0x000002454d5ac350 flushing  nmethod 0x000002452bd81710
Event: 2553.276 Thread 0x000002454d5ac350 flushing  nmethod 0x000002452bd92790
Event: 2553.276 Thread 0x000002454d5ac350 flushing  nmethod 0x000002452be8de90
Event: 2553.276 Thread 0x000002454d5ac350 flushing  nmethod 0x000002452bf6bd90
Event: 2553.276 Thread 0x000002454d5ac350 flushing  nmethod 0x000002452bf6ed10
Event: 2553.276 Thread 0x000002454d5ac350 flushing  nmethod 0x000002452bf6f790
Event: 2553.276 Thread 0x000002454d5ac350 flushing  nmethod 0x000002452bf73110
Event: 2553.276 Thread 0x000002454d5ac350 flushing  nmethod 0x000002452bf74090
Event: 2553.276 Thread 0x000002454d5ac350 flushing  nmethod 0x000002452bf8f010
Event: 2553.276 Thread 0x000002454d5ac350 flushing  nmethod 0x000002452bf8f890
Event: 2553.276 Thread 0x000002454d5ac350 flushing  nmethod 0x000002452c036e90
Event: 2553.276 Thread 0x000002454d5ac350 flushing  nmethod 0x000002452c20ad90
Event: 2553.276 Thread 0x000002454d5ac350 flushing  nmethod 0x000002452c20b610
Event: 2553.276 Thread 0x000002454d5ac350 flushing  nmethod 0x000002452c228710
Event: 2553.276 Thread 0x000002454d5ac350 flushing  nmethod 0x000002452c45c490
Event: 2553.276 Thread 0x000002454d5ac350 flushing  nmethod 0x000002452c57a310
Event: 2553.276 Thread 0x000002454d5ac350 flushing  nmethod 0x000002452c57a990

Events (20 events):
Event: 2778.941 Thread 0x0000024599a53e20 Thread exited: 0x0000024599a53e20
Event: 2779.464 Thread 0x0000024599a52a70 Thread exited: 0x0000024599a52a70
Event: 2779.714 Thread 0x0000024599a509a0 Thread exited: 0x0000024599a509a0
Event: 2779.838 Thread 0x0000024599a4d520 Thread exited: 0x0000024599a4d520
Event: 2815.816 Thread 0x0000024598737830 Thread exited: 0x0000024598737830
Event: 2831.543 Thread 0x000002459633a940 Thread exited: 0x000002459633a940
Event: 2839.847 Thread 0x0000024599a4e240 Thread exited: 0x0000024599a4e240
Event: 2849.534 Thread 0x0000024599a4dbb0 Thread exited: 0x0000024599a4dbb0
Event: 2849.536 Thread 0x0000024599a4f5f0 Thread exited: 0x0000024599a4f5f0
Event: 2854.549 Thread 0x0000024599a50310 Thread exited: 0x0000024599a50310
Event: 2854.550 Thread 0x000002459633ddc0 Thread exited: 0x000002459633ddc0
Event: 2854.551 Thread 0x00000245963374c0 Thread exited: 0x00000245963374c0
Event: 2875.835 Thread 0x0000024598739900 Thread exited: 0x0000024598739900
Event: 2879.293 Thread 0x000002459633a2b0 Thread added: 0x0000024598669240
Event: 2880.329 Thread 0x000002459873daa0 Thread added: 0x0000024598665dc0
Event: 2881.018 Thread 0x0000024598663cf0 Thread added: 0x0000024598667170
Event: 2907.693 Thread 0x0000024599a4ce90 Thread exited: 0x0000024599a4ce90
Event: 2907.929 Thread 0x000002459633a2b0 Thread added: 0x0000024598668520
Event: 2908.342 Thread 0x000002459873daa0 Thread added: 0x00000245986698d0
Event: 2909.783 Thread 0x0000024598667170 Thread added: 0x0000024598669f60


Dynamic libraries:
0x00007ff6f9520000 - 0x00007ff6f952e000 	c:\Users\ZHAN\.vscode\extensions\redhat.java-1.56.0-win32-x64\jre\21.0.12.1-win32-x86_64\bin\java.exe
0x00007fff92120000 - 0x00007fff92386000 	C:\WINDOWS\SYSTEM32\ntdll.dll
0x00007fff911c0000 - 0x00007fff91289000 	C:\WINDOWS\System32\KERNEL32.DLL
0x00007fff8f5c0000 - 0x00007fff8f9bf000 	C:\WINDOWS\System32\KERNELBASE.dll
0x00007fff8fb60000 - 0x00007fff8fcac000 	C:\WINDOWS\System32\ucrtbase.dll
0x00007fff79bc0000 - 0x00007fff79bd8000 	c:\Users\ZHAN\.vscode\extensions\redhat.java-1.56.0-win32-x64\jre\21.0.12.1-win32-x86_64\bin\jli.dll
0x00007fff79be0000 - 0x00007fff79bfe000 	c:\Users\ZHAN\.vscode\extensions\redhat.java-1.56.0-win32-x64\jre\21.0.12.1-win32-x86_64\bin\VCRUNTIME140.dll
0x00007fff91a80000 - 0x00007fff91c46000 	C:\WINDOWS\System32\USER32.dll
0x00007fff73680000 - 0x00007fff73911000 	C:\WINDOWS\WinSxS\amd64_microsoft.windows.common-controls_6595b64144ccf1df_6.0.26100.8972_none_3e0da176e32f9d4b\COMCTL32.dll
0x00007fff8f390000 - 0x00007fff8f3b7000 	C:\WINDOWS\System32\win32u.dll
0x00007fff90a00000 - 0x00007fff90aa9000 	C:\WINDOWS\System32\msvcrt.dll
0x00007fff91120000 - 0x00007fff9114b000 	C:\WINDOWS\System32\GDI32.dll
0x00007fff8fcb0000 - 0x00007fff8fdd9000 	C:\WINDOWS\System32\gdi32full.dll
0x00007fff8f480000 - 0x00007fff8f523000 	C:\WINDOWS\System32\msvcp_win.dll
0x00007fff913c0000 - 0x00007fff913f2000 	C:\WINDOWS\System32\IMM32.DLL
0x00007fff79aa0000 - 0x00007fff79aac000 	c:\Users\ZHAN\.vscode\extensions\redhat.java-1.56.0-win32-x64\jre\21.0.12.1-win32-x86_64\bin\vcruntime140_1.dll
0x00007fff50500000 - 0x00007fff5058d000 	c:\Users\ZHAN\.vscode\extensions\redhat.java-1.56.0-win32-x64\jre\21.0.12.1-win32-x86_64\bin\msvcp140.dll
0x00007ffecf5e0000 - 0x00007ffed0382000 	c:\Users\ZHAN\.vscode\extensions\redhat.java-1.56.0-win32-x64\jre\21.0.12.1-win32-x86_64\bin\server\jvm.dll
0x00007fff90b60000 - 0x00007fff90c1c000 	C:\WINDOWS\System32\ADVAPI32.dll
0x00007fff90ab0000 - 0x00007fff90b5a000 	C:\WINDOWS\System32\sechost.dll
0x00007fff90dd0000 - 0x00007fff90ee8000 	C:\WINDOWS\System32\RPCRT4.dll
0x00007fff90c60000 - 0x00007fff90ce2000 	C:\WINDOWS\System32\WS2_32.dll
0x00007fff8f1f0000 - 0x00007fff8f24e000 	C:\WINDOWS\SYSTEM32\POWRPROF.dll
0x00007fff75fc0000 - 0x00007fff75ff6000 	C:\WINDOWS\SYSTEM32\WINMM.dll
0x00007fff7de50000 - 0x00007fff7de5b000 	C:\WINDOWS\SYSTEM32\VERSION.dll
0x00007fff8f1d0000 - 0x00007fff8f1e5000 	C:\WINDOWS\SYSTEM32\UMPDC.dll
0x00007fff8e0f0000 - 0x00007fff8e10b000 	C:\WINDOWS\SYSTEM32\kernel.appcore.dll
0x00007fff73970000 - 0x00007fff7397a000 	c:\Users\ZHAN\.vscode\extensions\redhat.java-1.56.0-win32-x64\jre\21.0.12.1-win32-x86_64\bin\jimage.dll
0x00007fff8c980000 - 0x00007fff8cbc2000 	C:\WINDOWS\SYSTEM32\DBGHELP.DLL
0x00007fff91500000 - 0x00007fff91885000 	C:\WINDOWS\System32\combase.dll
0x00007fff90cf0000 - 0x00007fff90dc9000 	C:\WINDOWS\System32\OLEAUT32.dll
0x00007fff6a470000 - 0x00007fff6a4ab000 	C:\WINDOWS\SYSTEM32\dbgcore.DLL
0x00007fff8fde0000 - 0x00007fff8fe8c000 	C:\WINDOWS\System32\bcryptPrimitives.dll
0x00007fff73520000 - 0x00007fff7352f000 	c:\Users\ZHAN\.vscode\extensions\redhat.java-1.56.0-win32-x64\jre\21.0.12.1-win32-x86_64\bin\instrument.dll
0x00007fff71920000 - 0x00007fff71940000 	c:\Users\ZHAN\.vscode\extensions\redhat.java-1.56.0-win32-x64\jre\21.0.12.1-win32-x86_64\bin\java.dll
0x00007fff90100000 - 0x00007fff90888000 	C:\WINDOWS\System32\SHELL32.dll
0x00007fff8cf00000 - 0x00007fff8d79b000 	C:\WINDOWS\SYSTEM32\windows.storage.dll
0x00007fff8ffb0000 - 0x00007fff900a9000 	C:\WINDOWS\System32\SHCORE.dll
0x00007fff91150000 - 0x00007fff911b6000 	C:\WINDOWS\System32\shlwapi.dll
0x00007fff8f2b0000 - 0x00007fff8f2d9000 	C:\WINDOWS\SYSTEM32\profapi.dll
0x00007fff71900000 - 0x00007fff71918000 	c:\Users\ZHAN\.vscode\extensions\redhat.java-1.56.0-win32-x64\jre\21.0.12.1-win32-x86_64\bin\zip.dll
0x00007fff79c80000 - 0x00007fff79c90000 	C:\Users\ZHAN\.vscode\extensions\redhat.java-1.56.0-win32-x64\jre\21.0.12.1-win32-x86_64\bin\net.dll
0x00007fff85140000 - 0x00007fff85268000 	C:\WINDOWS\SYSTEM32\WINHTTP.dll
0x00007fff8e680000 - 0x00007fff8e6ec000 	C:\WINDOWS\system32\mswsock.dll
0x00007fff79c60000 - 0x00007fff79c76000 	C:\Users\ZHAN\.vscode\extensions\redhat.java-1.56.0-win32-x64\jre\21.0.12.1-win32-x86_64\bin\nio.dll
0x00007fff718f0000 - 0x00007fff71900000 	c:\Users\ZHAN\.vscode\extensions\redhat.java-1.56.0-win32-x64\jre\21.0.12.1-win32-x86_64\bin\verify.dll
0x00007fff65870000 - 0x00007fff658b5000 	C:\Users\ZHAN\AppData\Roaming\Code\User\globalStorage\redhat.java\1.56.0\config_win\org.eclipse.equinox.launcher\org.eclipse.equinox.launcher.win32.win32.x86_64_1.3.100.v20260804-1928\eclipse_11924.dll
0x00007fff90f80000 - 0x00007fff91119000 	C:\WINDOWS\System32\ole32.dll
0x00007fff8e960000 - 0x00007fff8e97b000 	C:\WINDOWS\SYSTEM32\CRYPTSP.dll
0x00007fff8e050000 - 0x00007fff8e089000 	C:\WINDOWS\system32\rsaenh.dll
0x00007fff8e720000 - 0x00007fff8e752000 	C:\WINDOWS\SYSTEM32\USERENV.dll
0x00007fff8f280000 - 0x00007fff8f2aa000 	C:\WINDOWS\SYSTEM32\bcrypt.dll
0x00007fff8e980000 - 0x00007fff8e98c000 	C:\WINDOWS\SYSTEM32\CRYPTBASE.dll
0x00007fff8db80000 - 0x00007fff8dbb3000 	C:\WINDOWS\SYSTEM32\IPHLPAPI.DLL
0x00007fff909f0000 - 0x00007fff909fa000 	C:\WINDOWS\System32\NSI.dll
0x00007fff50660000 - 0x00007fff506a9000 	C:\Users\ZHAN\AppData\Local\Temp\jna-2752475\jna15662819460779864861.dll
0x00007fff91290000 - 0x00007fff91298000 	C:\WINDOWS\System32\PSAPI.DLL
0x00007fff86950000 - 0x00007fff8696d000 	C:\WINDOWS\SYSTEM32\dhcpcsvc6.DLL
0x00007fff868f0000 - 0x00007fff86915000 	C:\WINDOWS\SYSTEM32\dhcpcsvc.DLL
0x00007fff85cd0000 - 0x00007fff85cde000 	C:\Users\ZHAN\.vscode\extensions\redhat.java-1.56.0-win32-x64\jre\21.0.12.1-win32-x86_64\bin\sunmscapi.dll
0x00007fff8f9d0000 - 0x00007fff8fb4e000 	C:\WINDOWS\System32\CRYPT32.dll
0x00007fff8eb80000 - 0x00007fff8ebb0000 	C:\WINDOWS\SYSTEM32\ncrypt.dll
0x00007fff8eb30000 - 0x00007fff8eb6f000 	C:\WINDOWS\SYSTEM32\NTASN1.dll
0x00007fff8dc50000 - 0x00007fff8dda8000 	C:\WINDOWS\SYSTEM32\DNSAPI.dll
0x00007fff8e470000 - 0x00007fff8e47d000 	C:\WINDOWS\SYSTEM32\DSPARSE.dll
0x00007fff84e60000 - 0x00007fff84e6b000 	C:\Windows\System32\rasadhlp.dll
0x00007fff88670000 - 0x00007fff886f6000 	C:\WINDOWS\System32\fwpuclnt.dll
0x00007fff85cc0000 - 0x00007fff85cc9000 	C:\Users\ZHAN\.vscode\extensions\redhat.java-1.56.0-win32-x64\jre\21.0.12.1-win32-x86_64\bin\extnet.dll

JVMTI agents:
c:\Users\ZHAN\.vscode\extensions\redhat.java-1.56.0-win32-x64\lombok\lombok-1.18.39-4050.jar path:c:\Users\ZHAN\.vscode\extensions\redhat.java-1.56.0-win32-x64\jre\21.0.12.1-win32-x86_64\bin\instrument.dll, loaded, initialized, instrumentlib options:none

dbghelp: loaded successfully - version: 4.0.5 - missing functions: none
symbol engine: initialized successfully - sym options: 0x614 - pdb path: .;c:\Users\ZHAN\.vscode\extensions\redhat.java-1.56.0-win32-x64\jre\21.0.12.1-win32-x86_64\bin;C:\WINDOWS\SYSTEM32;C:\WINDOWS\WinSxS\amd64_microsoft.windows.common-controls_6595b64144ccf1df_6.0.26100.8972_none_3e0da176e32f9d4b;c:\Users\ZHAN\.vscode\extensions\redhat.java-1.56.0-win32-x64\jre\21.0.12.1-win32-x86_64\bin\server;C:\Users\ZHAN\AppData\Roaming\Code\User\globalStorage\redhat.java\1.56.0\config_win\org.eclipse.equinox.launcher\org.eclipse.equinox.launcher.win32.win32.x86_64_1.3.100.v20260804-1928;C:\Users\ZHAN\AppData\Local\Temp\jna-2752475

VM Arguments:
jvm_args: --add-modules=ALL-SYSTEM --add-opens=java.base/java.util=ALL-UNNAMED --add-opens=java.base/java.lang=ALL-UNNAMED --add-opens=java.base/sun.nio.fs=ALL-UNNAMED -Declipse.application=org.eclipse.jdt.ls.core.id1 -Dosgi.bundles.defaultStartLevel=4 -Declipse.product=org.eclipse.jdt.ls.core.product -Djava.import.generatesMetadataFilesAtProjectRoot=false -Dm2e.project.cache.size=50 -DDetectVMInstallationsJob.disabled=true -Dfile.encoding=utf8 -Xlog:disable -Xmx16G -XX:+UseG1GC -XX:+UseStringDeduplication -javaagent:c:\Users\ZHAN\.vscode\extensions\redhat.java-1.56.0-win32-x64\lombok\lombok-1.18.39-4050.jar -XX:+HeapDumpOnOutOfMemoryError -XX:HeapDumpPath=c:\Users\ZHAN\AppData\Roaming\Code\User\workspaceStorage\6ade11563f4fe5361217eb6860d671e4\redhat.java -Daether.dependencyCollector.impl=bf 
java_command: c:\Users\ZHAN\.vscode\extensions\redhat.java-1.56.0-win32-x64\server\plugins\org.eclipse.equinox.launcher_1.8.0.v20260804-1928.jar -configuration c:\Users\ZHAN\AppData\Roaming\Code\User\globalStorage\redhat.java\1.56.0\config_win -data c:\Users\ZHAN\AppData\Roaming\Code\User\workspaceStorage\6ade11563f4fe5361217eb6860d671e4\redhat.java\jdt_ws --stdio
java_class_path (initial): c:\Users\ZHAN\.vscode\extensions\redhat.java-1.56.0-win32-x64\server\plugins\org.eclipse.equinox.launcher_1.8.0.v20260804-1928.jar
Launcher Type: SUN_STANDARD

[Global flags]
     intx CICompilerCount                          = 4                                         {product} {ergonomic}
     uint ConcGCThreads                            = 2                                         {product} {ergonomic}
     uint G1ConcRefinementThreads                  = 8                                         {product} {ergonomic}
   size_t G1HeapRegionSize                         = 8388608                                   {product} {ergonomic}
    uintx GCDrainStackTargetSize                   = 64                                        {product} {ergonomic}
     bool HeapDumpOnOutOfMemoryError               = true                                   {manageable} {command line}
    ccstr HeapDumpPath                             = c:\Users\ZHAN\AppData\Roaming\Code\User\workspaceStorage\6ade11563f4fe5361217eb6860d671e4\redhat.java         {manageable} {command line}
   size_t InitialHeapSize                          = 134217728                                 {product} {ergonomic}
   size_t MarkStackSize                            = 4194304                                   {product} {ergonomic}
   size_t MaxHeapSize                              = 17179869184                               {product} {command line}
   size_t MaxNewSize                               = 10301210624                               {product} {ergonomic}
   size_t MinHeapDeltaBytes                        = 8388608                                   {product} {ergonomic}
   size_t MinHeapSize                              = 8388608                                   {product} {ergonomic}
    uintx NonNMethodCodeHeapSize                   = 5839372                                {pd product} {ergonomic}
    uintx NonProfiledCodeHeapSize                  = 122909434                              {pd product} {ergonomic}
    uintx ProfiledCodeHeapSize                     = 122909434                              {pd product} {ergonomic}
    uintx ReservedCodeCacheSize                    = 251658240                              {pd product} {ergonomic}
     bool SegmentedCodeCache                       = true                                      {product} {ergonomic}
   size_t SoftMaxHeapSize                          = 17179869184                            {manageable} {ergonomic}
     bool UseCompressedOops                        = true                           {product lp64_product} {ergonomic}
     bool UseG1GC                                  = true                                      {product} {command line}
     bool UseLargePagesIndividualAllocation        = false                                  {pd product} {ergonomic}
     bool UseStringDeduplication                   = true                                      {product} {command line}

Logging:
Log output configuration:
 #0: stdout all=off uptime,level,tags foldmultilines=false
 #1: stderr all=off uptime,level,tags foldmultilines=false

Release file:
JAVA_VERSION="21.0.12.1" 
MODULES="java.base java.compiler java.datatransfer java.xml java.prefs java.desktop java.instrument java.logging java.management java.security.sasl java.naming java.rmi java.management.rmi java.net.http java.scripting java.security.jgss java.transaction.xa java.sql java.sql.rowset java.xml.crypto java.se java.smartcardio jdk.accessibility jdk.internal.jvmstat jdk.attach jdk.charsets jdk.internal.opt jdk.zipfs jdk.compiler jdk.crypto.ec jdk.crypto.cryptoki jdk.crypto.mscapi jdk.dynalink jdk.internal.ed jdk.editpad jdk.hotspot.agent jdk.httpserver jdk.internal.le jdk.internal.vm.ci jdk.internal.vm.compiler jdk.internal.vm.compiler.management jdk.jartool jdk.javadoc jdk.jcmd jdk.management jdk.management.agent jdk.jconsole jdk.jdeps jdk.jdwp.agent jdk.jdi jdk.jfr jdk.jshell jdk.jsobject jdk.jstatd jdk.localedata jdk.management.jfr jdk.naming.dns jdk.naming.rmi jdk.net jdk.nio.mapmode jdk.random jdk.sctp jdk.security.auth jdk.security.jgss jdk.unsupported jdk.unsupported.desktop jdk.xml.dom" 

Environment Variables:
JAVA_HOME=C:\Program Files\Java\jdk-25.0.2
PATH=C:\Program Files\Common Files\Oracle\Java\javapath;C:\Program Files\Python313;C:\Program Files\Python313\Scripts;C:\Program Files\Java\jdk-17\bin;C:\Program Files\Python313\Scripts\;C:\Program Files\Python313\;C:\Python27\;C:\Python27\Scripts;C:\WINDOWS\system32;C:\WINDOWS;C:\WINDOWS\System32\Wbem;C:\WINDOWS\System32\WindowsPowerShell\v1.0\;C:\WINDOWS\System32\OpenSSH\;C:\Program Files\Java\jdk-23\bin;C:\Program Files (x86)\Microsoft SQL Server\160\Tools\Binn\;C:\Program Files\Microsoft SQL Server\160\Tools\Binn\;C:\Program Files\Microsoft SQL Server\Client SDK\ODBC\170\Tools\Binn\;C:\Program Files\Microsoft SQL Server\160\DTS\Binn\;C:\Program Files\MySQL\MySQL Server 8.0\bin;C:\Program Files\Java\jdk-24\bin;C:\Program Files\Common Files\Autodesk Shared\;C:\Program Files\cursor\resources\app\bin;C:\apache-tomcat-9.0.113-windows-x64\apache-tomcat-9.0.113\bin;C:\Program Files\Java\jdk-25.0.2\bin;C:\Program Files\Java\jdk-25.0.2\bin;C:\Program Files\nodejs\;C:\Program Files\nodejs;c:\php;C:\Program Files\Maven\apache-maven-3.9.16;C:\Program Files\Git\cmd;C:\Program Files\MySQL\MySQL Shell 8.0\bin\;C:\Users\ZHAN\AppData\Local\Programs\Python\Launcher\;C:\Users\ZHAN\AppData\Local\Microsoft\WindowsApps;C:\Users\ZHAN\AppData\Local\Programs\Microsoft VS Code\bin;C:\Users\ZHAN\AppData\Roaming\npm;D:\PYTHON\bin;C:\Users\ZHAN\AppData\Local\Microsoft\WinGet\Packages\PHP.PHP.8.3_Microsoft.Winget.Source_8wekyb3d8bbwe;C:\Users\ZHAN\AppData\Local\Programs\Antigravity\bin;C:\Users\ZHAN\AppData\Local\Programs\Antigravity IDE\bin;D:\Apps\IntelliJ IDEA 2026.1.3\bin;
USERNAME=ZHAN
OS=Windows_NT
PROCESSOR_IDENTIFIER=Intel64 Family 6 Model 126 Stepping 5, GenuineIntel
TMP=C:\Users\ZHAN\AppData\Local\Temp
TEMP=C:\Users\ZHAN\AppData\Local\Temp




Periodic native trim disabled

---------------  S Y S T E M  ---------------

OS:
 Windows 11 , 64 bit Build 26100 (10.0.26100.9168)
OS uptime: 6 days 19:31 hours

CPU: total 8 (initial active 8) (4 cores per cpu, 2 threads per core) family 6 model 126 stepping 5 microcode 0xa0, cx8, cmov, fxsr, ht, mmx, 3dnowpref, sse, sse2, sse3, ssse3, sse4.1, sse4.2, popcnt, lzcnt, tsc, tscinvbit, avx, avx2, aes, erms, clmul, bmi1, bmi2, adx, avx512f, avx512dq, avx512cd, avx512bw, avx512vl, sha, fma, vzeroupper, avx512_vpopcntdq, avx512_vpclmulqdq, avx512_vaes, avx512_vnni, clflush, clflushopt, avx512_vbmi2, avx512_vbmi, rdtscp, rdpid, fsrm, gfni, avx512_bitalg, f16c, pku, avx512_ifma
Processor Information for the first 8 processors :
  Max Mhz: 1190, Current Mhz: 991, Mhz Limit: 987

Memory: 4k page, system-wide physical 7877M (80M free)
TotalPageFile size 32216M (AvailPageFile size 613M)
current process WorkingSet (physical memory assigned to process): 3309M, peak: 3365M
current process commit charge ("private bytes"): 14752M, peak: 17016M

vm_info: OpenJDK 64-Bit Server VM (21.0.12.1+1-LTS) for windows-amd64 JRE (21.0.12.1+1-LTS), built on 2026-08-18T00:00:00Z by "admin" with MS VC++ 17.12 (VS2022)

END.
