#
# There is insufficient memory for the Java Runtime Environment to continue.
# Native memory allocation (mmap) failed to map 4185915392 bytes. Error detail: G1 virtual space
# Possible reasons:
#   The system is out of physical RAM or swap space
#   This process is running with CompressedOops enabled, and the Java Heap may be blocking the growth of the native heap
# Possible solutions:
#   Reduce memory load on the system
#   Increase physical memory or swap space
#   Check if swap backing store is full
#   Decrease Java heap size (-Xmx/-Xms)
#   Decrease number of Java threads
#   Decrease Java thread stack sizes (-Xss)
#   Set larger code cache with -XX:ReservedCodeCacheSize=
#   JVM is running with Zero Based Compressed Oops mode in which the Java heap is
#     placed in the first 32GB address space. The Java Heap base address is the
#     maximum limit for the native heap growth. Please use -XX:HeapBaseMinAddress
#     to set the Java Heap base and to place the Java Heap above 32GB virtual address.
# This output file may be truncated or incomplete.
#
#  Out of Memory Error (os_windows.cpp:3732), pid=28664, tid=12600
#
# JRE version: OpenJDK Runtime Environment Temurin-21.0.12.1+1 (21.0.12.1+1) (build 21.0.12.1+1-LTS)
# Java VM: OpenJDK 64-Bit Server VM Temurin-21.0.12.1+1 (21.0.12.1+1-LTS, mixed mode, sharing, tiered, compressed oops, compressed class ptrs, g1 gc, windows-amd64)
# No core dump will be written. Minidumps are not enabled by default on client versions of Windows
#

---------------  S U M M A R Y ------------

Command Line: --add-modules=ALL-SYSTEM --add-opens=java.base/java.util=ALL-UNNAMED --add-opens=java.base/java.lang=ALL-UNNAMED --add-opens=java.base/sun.nio.fs=ALL-UNNAMED -Declipse.application=org.eclipse.jdt.ls.core.id1 -Dosgi.bundles.defaultStartLevel=4 -Declipse.product=org.eclipse.jdt.ls.core.product -Djava.import.generatesMetadataFilesAtProjectRoot=false -Dm2e.project.cache.size=50 -DDetectVMInstallationsJob.disabled=true -Dfile.encoding=utf8 -Xlog:disable -Xmx16G -XX:+UseG1GC -XX:+UseStringDeduplication -javaagent:c:\Users\ZHAN\.vscode\extensions\redhat.java-1.56.0-win32-x64\lombok\lombok-1.18.39-4050.jar -XX:+HeapDumpOnOutOfMemoryError -XX:HeapDumpPath=c:\Users\ZHAN\AppData\Roaming\Code\User\workspaceStorage\6ade11563f4fe5361217eb6860d671e4\redhat.java -Daether.dependencyCollector.impl=bf c:\Users\ZHAN\.vscode\extensions\redhat.java-1.56.0-win32-x64\server\plugins\org.eclipse.equinox.launcher_1.8.0.v20260804-1928.jar -configuration c:\Users\ZHAN\AppData\Roaming\Code\User\globalStorage\redhat.java\1.56.0\config_win -data c:\Users\ZHAN\AppData\Roaming\Code\User\workspaceStorage\6ade11563f4fe5361217eb6860d671e4\redhat.java\jdt_ws --pipe=\\.\pipe\lsp-2e19a5f0c223d41e0b021aa1f500d6da-sock

Host: Intel(R) Core(TM) i5-1035G1 CPU @ 1.00GHz, 8 cores, 7G,  Windows 11 , 64 bit Build 26100 (10.0.26100.9168)
Time: Sun Sep 20 01:36:19 2026 Jordan Standard Time elapsed time: 2616.109968 seconds (0d 0h 43m 36s)

---------------  T H R E A D  ---------------

Current thread (0x000001693b6e6910):  VMThread "VM Thread"          [id=12600, stack(0x00000062d5100000,0x00000062d5200000) (1024K)]

Stack: [0x00000062d5100000,0x00000062d5200000]
Native frames: (J=compiled Java code, j=interpreted, Vv=VM code, C=native code)
V  [jvm.dll+0x6d83e9]
V  [jvm.dll+0x8b5736]
V  [jvm.dll+0x8b7cee]
V  [jvm.dll+0x8b83d3]
V  [jvm.dll+0x284596]
V  [jvm.dll+0x6d4d05]
V  [jvm.dll+0x6c898a]
V  [jvm.dll+0x35f2f8]
V  [jvm.dll+0x366f36]
V  [jvm.dll+0x3b804e]
V  [jvm.dll+0x3b82f8]
V  [jvm.dll+0x33320c]
V  [jvm.dll+0x335fce]
V  [jvm.dll+0x375196]
V  [jvm.dll+0x8be0c0]
V  [jvm.dll+0x8bf434]
V  [jvm.dll+0x8bf960]
V  [jvm.dll+0x8bfc03]
V  [jvm.dll+0x8600cd]
V  [jvm.dll+0x6d6c1d]
C  [ucrtbase.dll+0x2cd30]
C  [KERNEL32.DLL+0x2ccb7]
C  [ntdll.dll+0xaad6c]

VM_Operation (0x00000062d96fe460): G1CollectForAllocation, mode: safepoint, requested by thread 0x0000016980b267f0


---------------  P R O C E S S  ---------------

Threads class SMR info:
_java_thread_list=0x000001690650ac60, length=62, elements={
0x0000016914fee290, 0x000001693b709be0, 0x000001693b70c5a0, 0x000001693b714d90,
0x000001693b717800, 0x000001693b718260, 0x000001693b71a180, 0x000001693b71e6e0,
0x000001697f01f840, 0x000001697f036f30, 0x000001697f1bfc50, 0x000001697f33ec90,
0x0000016904014ee0, 0x000001697f86d910, 0x000001697f58ff60, 0x000001697f96f520,
0x000001697f5d0540, 0x00000169046d4e40, 0x000001690422b010, 0x00000169044a7790,
0x00000169044aa580, 0x00000169044a9ef0, 0x00000169044a7e20, 0x00000169044a7100,
0x000001690587b360, 0x000001690587a640, 0x000001690587cda0, 0x0000016905879fb0,
0x000001690587c710, 0x000001690587d430, 0x000001690587dac0, 0x000001690587e150,
0x000001690587acd0, 0x000001690587e7e0, 0x0000016907e74e70, 0x0000016907e73430,
0x0000016907e74150, 0x0000016907e78980, 0x0000016907e75500, 0x0000016907e79d30,
0x0000016907e796a0, 0x0000016907e77c60, 0x0000016907e79010, 0x0000016907e782f0,
0x0000016907e768b0, 0x0000016907e7a3c0, 0x000001690587c080, 0x000001690587ee70,
0x000001690587b9f0, 0x000001690587f500, 0x0000016905880220, 0x00000169058808b0,
0x0000016905880f40, 0x00000169044a9860, 0x00000169044a84b0, 0x00000169044a91d0,
0x0000016980b26e80, 0x0000016980b28230, 0x0000016980b24db0, 0x0000016980b27ba0,
0x0000016980b29c70, 0x0000016980b267f0
}

Java Threads: ( => current thread )
  0x0000016914fee290 JavaThread "main"                              [_thread_blocked, id=15276, stack(0x00000062d4a00000,0x00000062d4b00000) (1024K)]
  0x000001693b709be0 JavaThread "Reference Handler"          daemon [_thread_blocked, id=25132, stack(0x00000062d5200000,0x00000062d5300000) (1024K)]
  0x000001693b70c5a0 JavaThread "Finalizer"                  daemon [_thread_blocked, id=24796, stack(0x00000062d5300000,0x00000062d5400000) (1024K)]
  0x000001693b714d90 JavaThread "Signal Dispatcher"          daemon [_thread_blocked, id=21848, stack(0x00000062d5400000,0x00000062d5500000) (1024K)]
  0x000001693b717800 JavaThread "Attach Listener"            daemon [_thread_blocked, id=12112, stack(0x00000062d5500000,0x00000062d5600000) (1024K)]
  0x000001693b718260 JavaThread "Service Thread"             daemon [_thread_blocked, id=19144, stack(0x00000062d5600000,0x00000062d5700000) (1024K)]
  0x000001693b71a180 JavaThread "Monitor Deflation Thread"   daemon [_thread_blocked, id=2660, stack(0x00000062d5700000,0x00000062d5800000) (1024K)]
  0x000001693b71e6e0 JavaThread "C2 CompilerThread0"         daemon [_thread_blocked, id=16368, stack(0x00000062d5800000,0x00000062d5900000) (1024K)]
  0x000001697f01f840 JavaThread "C1 CompilerThread0"         daemon [_thread_blocked, id=16000, stack(0x00000062d5900000,0x00000062d5a00000) (1024K)]
  0x000001697f036f30 JavaThread "StringDedupThread"          daemon [_thread_blocked, id=7240, stack(0x00000062d5a00000,0x00000062d5b00000) (1024K)]
  0x000001697f1bfc50 JavaThread "Common-Cleaner"             daemon [_thread_blocked, id=24244, stack(0x00000062d5b00000,0x00000062d5c00000) (1024K)]
  0x000001697f33ec90 JavaThread "Notification Thread"        daemon [_thread_blocked, id=21584, stack(0x00000062d5c00000,0x00000062d5d00000) (1024K)]
  0x0000016904014ee0 JavaThread "Active Thread: Equinox Container: e960d79a-576c-46c2-bea2-53f397e91713"        [_thread_blocked, id=8220, stack(0x00000062d6400000,0x00000062d6500000) (1024K)]
  0x000001697f86d910 JavaThread "Refresh Thread: Equinox Container: e960d79a-576c-46c2-bea2-53f397e91713" daemon [_thread_blocked, id=22012, stack(0x00000062d6500000,0x00000062d6600000) (1024K)]
  0x000001697f58ff60 JavaThread "Framework Event Dispatcher: Equinox Container: e960d79a-576c-46c2-bea2-53f397e91713" daemon [_thread_blocked, id=14312, stack(0x00000062d6600000,0x00000062d6700000) (1024K)]
  0x000001697f96f520 JavaThread "Start Level: Equinox Container: e960d79a-576c-46c2-bea2-53f397e91713" daemon [_thread_blocked, id=4324, stack(0x00000062d6700000,0x00000062d6800000) (1024K)]
  0x000001697f5d0540 JavaThread "Bundle File Closer"         daemon [_thread_blocked, id=6848, stack(0x00000062d6800000,0x00000062d6900000) (1024K)]
  0x00000169046d4e40 JavaThread "SCR Component Actor"        daemon [_thread_blocked, id=15912, stack(0x00000062d6900000,0x00000062d6a00000) (1024K)]
  0x000001690422b010 JavaThread "Worker-JM"                         [_thread_blocked, id=14300, stack(0x00000062d6b00000,0x00000062d6c00000) (1024K)]
  0x00000169044a7790 JavaThread "JNA Cleaner"                daemon [_thread_blocked, id=23968, stack(0x00000062d6a00000,0x00000062d6b00000) (1024K)]
  0x00000169044aa580 JavaThread "Worker-1: Updating workspace"        [_thread_blocked, id=26332, stack(0x00000062d6d00000,0x00000062d6e00000) (1024K)]
  0x00000169044a9ef0 JavaThread "Worker-3"                          [_thread_blocked, id=27064, stack(0x00000062d7500000,0x00000062d7600000) (1024K)]
  0x00000169044a7e20 JavaThread "Thread-1"                   daemon [_thread_in_native, id=8444, stack(0x00000062d7700000,0x00000062d7800000) (1024K)]
  0x00000169044a7100 JavaThread "Thread-2"                   daemon [_thread_in_native, id=19672, stack(0x00000062d7800000,0x00000062d7900000) (1024K)]
  0x000001690587b360 JavaThread "Thread-3"                   daemon [_thread_in_native, id=26384, stack(0x00000062d7900000,0x00000062d7a00000) (1024K)]
  0x000001690587a640 JavaThread "Thread-4"                   daemon [_thread_in_native, id=14016, stack(0x00000062d7a00000,0x00000062d7b00000) (1024K)]
  0x000001690587cda0 JavaThread "Thread-5"                   daemon [_thread_in_native, id=26888, stack(0x00000062d7b00000,0x00000062d7c00000) (1024K)]
  0x0000016905879fb0 JavaThread "Thread-6"                   daemon [_thread_in_native, id=14148, stack(0x00000062d7c00000,0x00000062d7d00000) (1024K)]
  0x000001690587c710 JavaThread "Thread-7"                   daemon [_thread_in_native, id=9132, stack(0x00000062d7d00000,0x00000062d7e00000) (1024K)]
  0x000001690587d430 JavaThread "Thread-8"                   daemon [_thread_in_native, id=15968, stack(0x00000062d7e00000,0x00000062d7f00000) (1024K)]
  0x000001690587dac0 JavaThread "Thread-9"                   daemon [_thread_blocked, id=27340, stack(0x00000062d7f00000,0x00000062d8000000) (1024K)]
  0x000001690587e150 JavaThread "pool-2-thread-1"                   [_thread_blocked, id=23648, stack(0x00000062d8000000,0x00000062d8100000) (1024K)]
  0x000001690587acd0 JavaThread "WorkspaceEventsHandler"            [_thread_blocked, id=8100, stack(0x00000062d8100000,0x00000062d8200000) (1024K)]
  0x000001690587e7e0 JavaThread "pool-1-thread-1"                   [_thread_blocked, id=20612, stack(0x00000062d8200000,0x00000062d8300000) (1024K)]
  0x0000016907e74e70 JavaThread "ForkJoinPool.commonPool-worker-3" daemon [_thread_blocked, id=22200, stack(0x00000062d4700000,0x00000062d4800000) (1024K)]
  0x0000016907e73430 JavaThread "ForkJoinPool.commonPool-worker-4" daemon [_thread_blocked, id=16148, stack(0x00000062d4800000,0x00000062d4900000) (1024K)]
  0x0000016907e74150 JavaThread "Worker-5: Java indexing... "        [_thread_blocked, id=21956, stack(0x00000062d6c00000,0x00000062d6d00000) (1024K)]
  0x0000016907e78980 JavaThread "Worker-6"                          [_thread_blocked, id=20232, stack(0x00000062d4900000,0x00000062d4a00000) (1024K)]
  0x0000016907e75500 JavaThread "ForkJoinPool.commonPool-worker-5" daemon [_thread_blocked, id=11220, stack(0x00000062d6e00000,0x00000062d6f00000) (1024K)]
  0x0000016907e79d30 JavaThread "Worker-7"                          [_thread_blocked, id=3496, stack(0x00000062d7000000,0x00000062d7100000) (1024K)]
  0x0000016907e796a0 JavaThread "LocalFile Deleter"          daemon [_thread_blocked, id=27620, stack(0x00000062d7400000,0x00000062d7500000) (1024K)]
  0x0000016907e77c60 JavaThread "LocalFile Deleter"          daemon [_thread_blocked, id=23332, stack(0x00000062d7600000,0x00000062d7700000) (1024K)]
  0x0000016907e79010 JavaThread "LocalFile Deleter"          daemon [_thread_blocked, id=5212, stack(0x00000062d8300000,0x00000062d8400000) (1024K)]
  0x0000016907e782f0 JavaThread "LocalFile Deleter"          daemon [_thread_blocked, id=2280, stack(0x00000062d8400000,0x00000062d8500000) (1024K)]
  0x0000016907e768b0 JavaThread "LocalFile Deleter"          daemon [_thread_blocked, id=22272, stack(0x00000062d8500000,0x00000062d8600000) (1024K)]
  0x0000016907e7a3c0 JavaThread "LocalFile Deleter"          daemon [_thread_blocked, id=8164, stack(0x00000062d8600000,0x00000062d8700000) (1024K)]
  0x000001690587c080 JavaThread "LocalFile Deleter"          daemon [_thread_blocked, id=25820, stack(0x00000062d8700000,0x00000062d8800000) (1024K)]
  0x000001690587ee70 JavaThread "Compiler Source File Reader" daemon [_thread_blocked, id=11752, stack(0x00000062d8800000,0x00000062d8900000) (1024K)]
  0x000001690587b9f0 JavaThread "Compiler Source File Reader" daemon [_thread_blocked, id=14412, stack(0x00000062d8900000,0x00000062d8a00000) (1024K)]
  0x000001690587f500 JavaThread "Compiler Source File Reader" daemon [_thread_blocked, id=2728, stack(0x00000062d8a00000,0x00000062d8b00000) (1024K)]
  0x0000016905880220 JavaThread "Compiler Source File Reader" daemon [_thread_blocked, id=22056, stack(0x00000062d8b00000,0x00000062d8c00000) (1024K)]
  0x00000169058808b0 JavaThread "Compiler Source File Reader" daemon [_thread_blocked, id=22116, stack(0x00000062d8c00000,0x00000062d8d00000) (1024K)]
  0x0000016905880f40 JavaThread "Compiler Source File Reader" daemon [_thread_blocked, id=26436, stack(0x00000062d8d00000,0x00000062d8e00000) (1024K)]
  0x00000169044a9860 JavaThread "Compiler Processing Task"   daemon [_thread_blocked, id=5464, stack(0x00000062d8e00000,0x00000062d8f00000) (1024K)]
  0x00000169044a84b0 JavaThread "Compiler Class File Writer" daemon [_thread_blocked, id=25432, stack(0x00000062d8f00000,0x00000062d9000000) (1024K)]
  0x00000169044a91d0 JavaThread "Compiler Class File Writer" daemon [_thread_blocked, id=24248, stack(0x00000062d9000000,0x00000062d9100000) (1024K)]
  0x0000016980b26e80 JavaThread "Compiler Class File Writer" daemon [_thread_blocked, id=15172, stack(0x00000062d9100000,0x00000062d9200000) (1024K)]
  0x0000016980b28230 JavaThread "Compiler Class File Writer" daemon [_thread_blocked, id=7784, stack(0x00000062d7100000,0x00000062d7200000) (1024K)]
  0x0000016980b24db0 JavaThread "Compiler Class File Writer" daemon [_thread_blocked, id=18724, stack(0x00000062d9200000,0x00000062d9300000) (1024K)]
  0x0000016980b27ba0 JavaThread "Compiler Class File Writer" daemon [_thread_blocked, id=3880, stack(0x00000062d9300000,0x00000062d9400000) (1024K)]
  0x0000016980b29c70 JavaThread "Worker-8: Building"                [_thread_blocked, id=22880, stack(0x00000062d9500000,0x00000062d9600000) (1024K)]
  0x0000016980b267f0 JavaThread "Java indexing"              daemon [_thread_blocked, id=17624, stack(0x00000062d9600000,0x00000062d9700000) (1024K)]
Total: 62

Other Threads:
=>0x000001693b6e6910 VMThread "VM Thread"                           [id=12600, stack(0x00000062d5100000,0x00000062d5200000) (1024K)]
  0x000001693b6d33e0 WatcherThread "VM Periodic Task Thread"        [id=3296, stack(0x00000062d5000000,0x00000062d5100000) (1024K)]
  0x00000169150a1630 WorkerThread "GC Thread#0"                     [id=25824, stack(0x00000062d4b00000,0x00000062d4c00000) (1024K)]
  0x000001697f2e2df0 WorkerThread "GC Thread#1"                     [id=23588, stack(0x00000062d5d00000,0x00000062d5e00000) (1024K)]
  0x000001697f39d390 WorkerThread "GC Thread#2"                     [id=20652, stack(0x00000062d5e00000,0x00000062d5f00000) (1024K)]
  0x000001697f3a7050 WorkerThread "GC Thread#3"                     [id=14708, stack(0x00000062d5f00000,0x00000062d6000000) (1024K)]
  0x000001697f3a8410 WorkerThread "GC Thread#4"                     [id=15560, stack(0x00000062d6000000,0x00000062d6100000) (1024K)]
  0x000001697f51f730 WorkerThread "GC Thread#5"                     [id=9332, stack(0x00000062d6100000,0x00000062d6200000) (1024K)]
  0x000001697f51fae0 WorkerThread "GC Thread#6"                     [id=28344, stack(0x00000062d6200000,0x00000062d6300000) (1024K)]
  0x000001697f51fe90 WorkerThread "GC Thread#7"                     [id=24240, stack(0x00000062d6300000,0x00000062d6400000) (1024K)]
  0x00000169150adc60 ConcurrentGCThread "G1 Main Marker"            [id=15984, stack(0x00000062d4c00000,0x00000062d4d00000) (1024K)]
  0x00000169150ae680 WorkerThread "G1 Conc#0"                       [id=25524, stack(0x00000062d4d00000,0x00000062d4e00000) (1024K)]
  0x000001690602ae30 WorkerThread "G1 Conc#1"                       [id=12956, stack(0x00000062d6f00000,0x00000062d7000000) (1024K)]
  0x000001693b599140 ConcurrentGCThread "G1 Refine#0"               [id=24452, stack(0x00000062d4e00000,0x00000062d4f00000) (1024K)]
  0x000001693b59abe0 ConcurrentGCThread "G1 Service"                [id=25444, stack(0x00000062d4f00000,0x00000062d5000000) (1024K)]
Total: 15

Threads with active compile tasks:
C2 CompilerThread0  2616297 18443       4       org.eclipse.jdt.internal.compiler.lookup.TypeBinding::findSuperTypeOriginatingFrom (754 bytes)
C1 CompilerThread0  2616298 18494       3       org.eclipse.jdt.internal.core.DeltaProcessor$3::<init> (20 bytes)
Total: 2

VM state: at safepoint (normal execution)

VM Mutex/Monitor currently owned by a thread:  ([mutex/lock_event])
[0x00007ffed029f5b0] Threads_lock - owner thread: 0x000001693b6e6910
[0x00007ffed029f6b0] Heap_lock - owner thread: 0x0000016980b267f0

Heap address: 0x0000000400000000, size: 16384 MB, Compressed Oops mode: Zero based, Oop shift amount: 3

CDS archive(s) mapped at: [0x000001693e000000-0x000001693eba0000-0x000001693eba0000), size 12189696, SharedBaseAddress: 0x000001693e000000, ArchiveRelocationMode: 1.
Compressed class space mapped at: 0x000001693f000000-0x000001697f000000, reserved size: 1073741824
Narrow klass base: 0x000001693e000000, Narrow klass shift: 0, Narrow klass range: 0x100000000

GC Precious Log:
 CardTable entry size: 512
 Card Set container configuration: InlinePtr #cards 4 size 8 Array Of Cards #cards 64 size 144 Howl #buckets 8 coarsen threshold 14745 Howl Bitmap #cards 2048 size 272 coarsen threshold 1843 Card regions per heap region 1 cards per card region 16384
 CPUs: 8 total, 8 available
 Memory: 7877M
 Large Page Support: Disabled
 NUMA Support: Disabled
 Compressed Oops: Enabled (Zero based)
 Heap Region Size: 8M
 Heap Min Capacity: 8M
 Heap Initial Capacity: 128M
 Heap Max Capacity: 16G
 Pre-touch: Disabled
 Parallel Workers: 8
 Concurrent Workers: 2
 Concurrent Refinement Workers: 8
 Periodic GC: Disabled
 String Deduplication is enabled

Heap:
 garbage-first heap   total 12689408K, used 7603420K [0x0000000400000000, 0x0000000800000000)
  region size 8192K, 1 young (8192K), 1 survivors (8192K)
 Metaspace       used 77605K, committed 79232K, reserved 1179648K
  class space    used 7824K, committed 8576K, reserved 1048576K

Heap Regions: E=young(eden), S=young(survivor), O=old, HS=humongous(starts), HC=humongous(continues), CS=collection set, F=free, TAMS=top-at-mark-start, PB=parsable bottom
|   0|0x0000000400000000, 0x0000000400800000, 0x0000000400800000|100%| O|  |TAMS 0x0000000400800000| PB 0x0000000400000000| Untracked 
|   1|0x0000000400800000, 0x0000000401000000, 0x0000000401000000|100%| O|  |TAMS 0x0000000401000000| PB 0x0000000400800000| Untracked 
|   2|0x0000000401000000, 0x0000000401800000, 0x0000000401800000|100%| O|  |TAMS 0x0000000401800000| PB 0x0000000401000000| Untracked 
|   3|0x0000000401800000, 0x0000000402000000, 0x0000000402000000|100%| O|  |TAMS 0x0000000402000000| PB 0x0000000402000000| Updating 
|   4|0x0000000402000000, 0x0000000402800000, 0x0000000402800000|100%| O|  |TAMS 0x0000000402800000| PB 0x0000000402800000| Untracked 
|   5|0x0000000402800000, 0x0000000403000000, 0x0000000403000000|100%| O|  |TAMS 0x0000000402800000| PB 0x0000000402800000| Untracked 
|   6|0x0000000403000000, 0x0000000403000000, 0x0000000403800000|  0%| F|  |TAMS 0x0000000403000000| PB 0x0000000403000000| Untracked 
|   7|0x0000000403800000, 0x0000000404000000, 0x0000000404000000|100%| O|  |TAMS 0x0000000404000000| PB 0x0000000404000000| Updating 
|   8|0x0000000404000000, 0x0000000404800000, 0x0000000404800000|100%| O|  |TAMS 0x0000000404800000| PB 0x0000000404800000| Updating 
|   9|0x0000000404800000, 0x0000000405000000, 0x0000000405000000|100%| O|  |TAMS 0x0000000405000000| PB 0x0000000405000000| Updating 
|  10|0x0000000405000000, 0x000000040555a450, 0x0000000405800000| 66%| O|  |TAMS 0x0000000405000000| PB 0x0000000405000000| Updating 
|  11|0x0000000405800000, 0x0000000405800000, 0x0000000406000000|  0%| F|  |TAMS 0x0000000405800000| PB 0x0000000405800000| Untracked 
|  12|0x0000000406000000, 0x0000000406000000, 0x0000000406800000|  0%| F|  |TAMS 0x0000000406000000| PB 0x0000000406000000| Untracked 
|  13|0x0000000406800000, 0x0000000406800000, 0x0000000407000000|  0%| F|  |TAMS 0x0000000406800000| PB 0x0000000406800000| Untracked 
|  14|0x0000000407000000, 0x0000000407000000, 0x0000000407800000|  0%| F|  |TAMS 0x0000000407000000| PB 0x0000000407000000| Untracked 
|  15|0x0000000407800000, 0x0000000407800000, 0x0000000408000000|  0%| F|  |TAMS 0x0000000407800000| PB 0x0000000407800000| Untracked 
|  16|0x0000000408000000, 0x0000000408000000, 0x0000000408800000|  0%| F|  |TAMS 0x0000000408000000| PB 0x0000000408000000| Untracked 
|  17|0x0000000408800000, 0x0000000408800000, 0x0000000409000000|  0%| F|  |TAMS 0x0000000408800000| PB 0x0000000408800000| Untracked 
|  18|0x0000000409000000, 0x0000000409000000, 0x0000000409800000|  0%| F|  |TAMS 0x0000000409000000| PB 0x0000000409000000| Untracked 
|  19|0x0000000409800000, 0x0000000409800000, 0x000000040a000000|  0%| F|  |TAMS 0x0000000409800000| PB 0x0000000409800000| Untracked 
|  20|0x000000040a000000, 0x000000040a800000, 0x000000040a800000|100%|HS|  |TAMS 0x000000040a000000| PB 0x000000040a000000| Complete 
|  21|0x000000040a800000, 0x000000040b000000, 0x000000040b000000|100%|HC|  |TAMS 0x000000040a800000| PB 0x000000040a800000| Complete 
|  22|0x000000040b000000, 0x000000040b800000, 0x000000040b800000|100%|HC|  |TAMS 0x000000040b000000| PB 0x000000040b000000| Complete 
|  23|0x000000040b800000, 0x000000040c000000, 0x000000040c000000|100%|HC|  |TAMS 0x000000040b800000| PB 0x000000040b800000| Complete 
|  24|0x000000040c000000, 0x000000040c800000, 0x000000040c800000|100%|HC|  |TAMS 0x000000040c000000| PB 0x000000040c000000| Complete 
|  25|0x000000040c800000, 0x000000040d000000, 0x000000040d000000|100%|HC|  |TAMS 0x000000040c800000| PB 0x000000040c800000| Complete 
|  26|0x000000040d000000, 0x000000040d800000, 0x000000040d800000|100%|HC|  |TAMS 0x000000040d000000| PB 0x000000040d000000| Complete 
|  27|0x000000040d800000, 0x000000040e000000, 0x000000040e000000|100%|HC|  |TAMS 0x000000040d800000| PB 0x000000040d800000| Complete 
|  28|0x000000040e000000, 0x000000040e800000, 0x000000040e800000|100%|HC|  |TAMS 0x000000040e000000| PB 0x000000040e000000| Complete 
|  29|0x000000040e800000, 0x000000040f000000, 0x000000040f000000|100%|HC|  |TAMS 0x000000040e800000| PB 0x000000040e800000| Complete 
|  30|0x000000040f000000, 0x000000040f800000, 0x000000040f800000|100%|HC|  |TAMS 0x000000040f000000| PB 0x000000040f000000| Complete 
|  31|0x000000040f800000, 0x0000000410000000, 0x0000000410000000|100%|HC|  |TAMS 0x000000040f800000| PB 0x000000040f800000| Complete 
|  32|0x0000000410000000, 0x0000000410800000, 0x0000000410800000|100%|HC|  |TAMS 0x0000000410000000| PB 0x0000000410000000| Complete 
|  33|0x0000000410800000, 0x0000000411000000, 0x0000000411000000|100%|HC|  |TAMS 0x0000000410800000| PB 0x0000000410800000| Complete 
|  34|0x0000000411000000, 0x0000000411800000, 0x0000000411800000|100%|HC|  |TAMS 0x0000000411000000| PB 0x0000000411000000| Complete 
|  35|0x0000000411800000, 0x0000000412000000, 0x0000000412000000|100%|HC|  |TAMS 0x0000000411800000| PB 0x0000000411800000| Complete 
|  36|0x0000000412000000, 0x0000000412800000, 0x0000000412800000|100%|HC|  |TAMS 0x0000000412000000| PB 0x0000000412000000| Complete 
|  37|0x0000000412800000, 0x0000000413000000, 0x0000000413000000|100%|HC|  |TAMS 0x0000000412800000| PB 0x0000000412800000| Complete 
|  38|0x0000000413000000, 0x0000000413800000, 0x0000000413800000|100%|HC|  |TAMS 0x0000000413000000| PB 0x0000000413000000| Complete 
|  39|0x0000000413800000, 0x0000000414000000, 0x0000000414000000|100%|HC|  |TAMS 0x0000000413800000| PB 0x0000000413800000| Complete 
|  40|0x0000000414000000, 0x0000000414800000, 0x0000000414800000|100%|HC|  |TAMS 0x0000000414000000| PB 0x0000000414000000| Complete 
|  41|0x0000000414800000, 0x0000000415000000, 0x0000000415000000|100%|HC|  |TAMS 0x0000000414800000| PB 0x0000000414800000| Complete 
|  42|0x0000000415000000, 0x0000000415800000, 0x0000000415800000|100%|HC|  |TAMS 0x0000000415000000| PB 0x0000000415000000| Complete 
|  43|0x0000000415800000, 0x0000000416000000, 0x0000000416000000|100%|HC|  |TAMS 0x0000000415800000| PB 0x0000000415800000| Complete 
|  44|0x0000000416000000, 0x0000000416800000, 0x0000000416800000|100%|HC|  |TAMS 0x0000000416000000| PB 0x0000000416000000| Complete 
|  45|0x0000000416800000, 0x0000000417000000, 0x0000000417000000|100%|HC|  |TAMS 0x0000000416800000| PB 0x0000000416800000| Complete 
|  46|0x0000000417000000, 0x0000000417800000, 0x0000000417800000|100%|HC|  |TAMS 0x0000000417000000| PB 0x0000000417000000| Complete 
|  47|0x0000000417800000, 0x0000000418000000, 0x0000000418000000|100%|HC|  |TAMS 0x0000000417800000| PB 0x0000000417800000| Complete 
|  48|0x0000000418000000, 0x0000000418800000, 0x0000000418800000|100%|HC|  |TAMS 0x0000000418000000| PB 0x0000000418000000| Complete 
|  49|0x0000000418800000, 0x0000000419000000, 0x0000000419000000|100%|HC|  |TAMS 0x0000000418800000| PB 0x0000000418800000| Complete 
|  50|0x0000000419000000, 0x0000000419800000, 0x0000000419800000|100%|HC|  |TAMS 0x0000000419000000| PB 0x0000000419000000| Complete 
|  51|0x0000000419800000, 0x000000041a000000, 0x000000041a000000|100%|HC|  |TAMS 0x0000000419800000| PB 0x0000000419800000| Complete 
|  52|0x000000041a000000, 0x000000041a800000, 0x000000041a800000|100%|HC|  |TAMS 0x000000041a000000| PB 0x000000041a000000| Complete 
|  53|0x000000041a800000, 0x000000041b000000, 0x000000041b000000|100%|HC|  |TAMS 0x000000041a800000| PB 0x000000041a800000| Complete 
|  54|0x000000041b000000, 0x000000041b800000, 0x000000041b800000|100%|HC|  |TAMS 0x000000041b000000| PB 0x000000041b000000| Complete 
|  55|0x000000041b800000, 0x000000041c000000, 0x000000041c000000|100%|HC|  |TAMS 0x000000041b800000| PB 0x000000041b800000| Complete 
|  56|0x000000041c000000, 0x000000041c800000, 0x000000041c800000|100%|HC|  |TAMS 0x000000041c000000| PB 0x000000041c000000| Complete 
|  57|0x000000041c800000, 0x000000041d000000, 0x000000041d000000|100%|HC|  |TAMS 0x000000041c800000| PB 0x000000041c800000| Complete 
|  58|0x000000041d000000, 0x000000041d800000, 0x000000041d800000|100%|HC|  |TAMS 0x000000041d000000| PB 0x000000041d000000| Complete 
|  59|0x000000041d800000, 0x000000041e000000, 0x000000041e000000|100%|HC|  |TAMS 0x000000041d800000| PB 0x000000041d800000| Complete 
|  60|0x000000041e000000, 0x000000041e800000, 0x000000041e800000|100%|HC|  |TAMS 0x000000041e000000| PB 0x000000041e000000| Complete 
|  61|0x000000041e800000, 0x000000041f000000, 0x000000041f000000|100%|HC|  |TAMS 0x000000041e800000| PB 0x000000041e800000| Complete 
|  62|0x000000041f000000, 0x000000041f800000, 0x000000041f800000|100%|HC|  |TAMS 0x000000041f000000| PB 0x000000041f000000| Complete 
|  63|0x000000041f800000, 0x0000000420000000, 0x0000000420000000|100%|HC|  |TAMS 0x000000041f800000| PB 0x000000041f800000| Complete 
|  64|0x0000000420000000, 0x0000000420800000, 0x0000000420800000|100%|HC|  |TAMS 0x0000000420000000| PB 0x0000000420000000| Complete 
|  65|0x0000000420800000, 0x0000000421000000, 0x0000000421000000|100%|HC|  |TAMS 0x0000000420800000| PB 0x0000000420800000| Complete 
|  66|0x0000000421000000, 0x0000000421800000, 0x0000000421800000|100%|HC|  |TAMS 0x0000000421000000| PB 0x0000000421000000| Complete 
|  67|0x0000000421800000, 0x0000000422000000, 0x0000000422000000|100%|HC|  |TAMS 0x0000000421800000| PB 0x0000000421800000| Complete 
|  68|0x0000000422000000, 0x0000000422800000, 0x0000000422800000|100%|HC|  |TAMS 0x0000000422000000| PB 0x0000000422000000| Complete 
|  69|0x0000000422800000, 0x0000000423000000, 0x0000000423000000|100%|HC|  |TAMS 0x0000000422800000| PB 0x0000000422800000| Complete 
|  70|0x0000000423000000, 0x0000000423800000, 0x0000000423800000|100%|HC|  |TAMS 0x0000000423000000| PB 0x0000000423000000| Complete 
|  71|0x0000000423800000, 0x0000000424000000, 0x0000000424000000|100%|HC|  |TAMS 0x0000000423800000| PB 0x0000000423800000| Complete 
|  72|0x0000000424000000, 0x0000000424800000, 0x0000000424800000|100%|HC|  |TAMS 0x0000000424000000| PB 0x0000000424000000| Complete 
|  73|0x0000000424800000, 0x0000000425000000, 0x0000000425000000|100%|HC|  |TAMS 0x0000000424800000| PB 0x0000000424800000| Complete 
|  74|0x0000000425000000, 0x0000000425800000, 0x0000000425800000|100%|HC|  |TAMS 0x0000000425000000| PB 0x0000000425000000| Complete 
|  75|0x0000000425800000, 0x0000000426000000, 0x0000000426000000|100%|HC|  |TAMS 0x0000000425800000| PB 0x0000000425800000| Complete 
|  76|0x0000000426000000, 0x0000000426800000, 0x0000000426800000|100%|HC|  |TAMS 0x0000000426000000| PB 0x0000000426000000| Complete 
|  77|0x0000000426800000, 0x0000000427000000, 0x0000000427000000|100%|HC|  |TAMS 0x0000000426800000| PB 0x0000000426800000| Complete 
|  78|0x0000000427000000, 0x0000000427800000, 0x0000000427800000|100%|HC|  |TAMS 0x0000000427000000| PB 0x0000000427000000| Complete 
|  79|0x0000000427800000, 0x0000000428000000, 0x0000000428000000|100%|HC|  |TAMS 0x0000000427800000| PB 0x0000000427800000| Complete 
|  80|0x0000000428000000, 0x0000000428800000, 0x0000000428800000|100%|HC|  |TAMS 0x0000000428000000| PB 0x0000000428000000| Complete 
|  81|0x0000000428800000, 0x0000000429000000, 0x0000000429000000|100%|HC|  |TAMS 0x0000000428800000| PB 0x0000000428800000| Complete 
|  82|0x0000000429000000, 0x0000000429800000, 0x0000000429800000|100%|HC|  |TAMS 0x0000000429000000| PB 0x0000000429000000| Complete 
|  83|0x0000000429800000, 0x000000042a000000, 0x000000042a000000|100%|HC|  |TAMS 0x0000000429800000| PB 0x0000000429800000| Complete 
|  84|0x000000042a000000, 0x000000042a800000, 0x000000042a800000|100%|HC|  |TAMS 0x000000042a000000| PB 0x000000042a000000| Complete 
|  85|0x000000042a800000, 0x000000042b000000, 0x000000042b000000|100%|HC|  |TAMS 0x000000042a800000| PB 0x000000042a800000| Complete 
|  86|0x000000042b000000, 0x000000042b800000, 0x000000042b800000|100%|HC|  |TAMS 0x000000042b000000| PB 0x000000042b000000| Complete 
|  87|0x000000042b800000, 0x000000042c000000, 0x000000042c000000|100%|HC|  |TAMS 0x000000042b800000| PB 0x000000042b800000| Complete 
|  88|0x000000042c000000, 0x000000042c800000, 0x000000042c800000|100%|HC|  |TAMS 0x000000042c000000| PB 0x000000042c000000| Complete 
|  89|0x000000042c800000, 0x000000042d000000, 0x000000042d000000|100%|HC|  |TAMS 0x000000042c800000| PB 0x000000042c800000| Complete 
|  90|0x000000042d000000, 0x000000042d800000, 0x000000042d800000|100%|HC|  |TAMS 0x000000042d000000| PB 0x000000042d000000| Complete 
|  91|0x000000042d800000, 0x000000042e000000, 0x000000042e000000|100%|HC|  |TAMS 0x000000042d800000| PB 0x000000042d800000| Complete 
|  92|0x000000042e000000, 0x000000042e800000, 0x000000042e800000|100%|HC|  |TAMS 0x000000042e000000| PB 0x000000042e000000| Complete 
|  93|0x000000042e800000, 0x000000042f000000, 0x000000042f000000|100%|HC|  |TAMS 0x000000042e800000| PB 0x000000042e800000| Complete 
|  94|0x000000042f000000, 0x000000042f800000, 0x000000042f800000|100%|HC|  |TAMS 0x000000042f000000| PB 0x000000042f000000| Complete 
|  95|0x000000042f800000, 0x0000000430000000, 0x0000000430000000|100%|HC|  |TAMS 0x000000042f800000| PB 0x000000042f800000| Complete 
|  96|0x0000000430000000, 0x0000000430800000, 0x0000000430800000|100%|HC|  |TAMS 0x0000000430000000| PB 0x0000000430000000| Complete 
|  97|0x0000000430800000, 0x0000000431000000, 0x0000000431000000|100%|HC|  |TAMS 0x0000000430800000| PB 0x0000000430800000| Complete 
|  98|0x0000000431000000, 0x0000000431800000, 0x0000000431800000|100%|HC|  |TAMS 0x0000000431000000| PB 0x0000000431000000| Complete 
|  99|0x0000000431800000, 0x0000000432000000, 0x0000000432000000|100%|HC|  |TAMS 0x0000000431800000| PB 0x0000000431800000| Complete 
| 100|0x0000000432000000, 0x0000000432800000, 0x0000000432800000|100%|HC|  |TAMS 0x0000000432000000| PB 0x0000000432000000| Complete 
| 101|0x0000000432800000, 0x0000000433000000, 0x0000000433000000|100%|HC|  |TAMS 0x0000000432800000| PB 0x0000000432800000| Complete 
| 102|0x0000000433000000, 0x0000000433800000, 0x0000000433800000|100%|HC|  |TAMS 0x0000000433000000| PB 0x0000000433000000| Complete 
| 103|0x0000000433800000, 0x0000000434000000, 0x0000000434000000|100%|HC|  |TAMS 0x0000000433800000| PB 0x0000000433800000| Complete 
| 104|0x0000000434000000, 0x0000000434800000, 0x0000000434800000|100%|HC|  |TAMS 0x0000000434000000| PB 0x0000000434000000| Complete 
| 105|0x0000000434800000, 0x0000000435000000, 0x0000000435000000|100%|HC|  |TAMS 0x0000000434800000| PB 0x0000000434800000| Complete 
| 106|0x0000000435000000, 0x0000000435800000, 0x0000000435800000|100%|HC|  |TAMS 0x0000000435000000| PB 0x0000000435000000| Complete 
| 107|0x0000000435800000, 0x0000000436000000, 0x0000000436000000|100%|HC|  |TAMS 0x0000000435800000| PB 0x0000000435800000| Complete 
| 108|0x0000000436000000, 0x0000000436800000, 0x0000000436800000|100%|HC|  |TAMS 0x0000000436000000| PB 0x0000000436000000| Complete 
| 109|0x0000000436800000, 0x0000000437000000, 0x0000000437000000|100%|HC|  |TAMS 0x0000000436800000| PB 0x0000000436800000| Complete 
| 110|0x0000000437000000, 0x0000000437800000, 0x0000000437800000|100%|HC|  |TAMS 0x0000000437000000| PB 0x0000000437000000| Complete 
| 111|0x0000000437800000, 0x0000000438000000, 0x0000000438000000|100%|HC|  |TAMS 0x0000000437800000| PB 0x0000000437800000| Complete 
| 112|0x0000000438000000, 0x0000000438800000, 0x0000000438800000|100%|HC|  |TAMS 0x0000000438000000| PB 0x0000000438000000| Complete 
| 113|0x0000000438800000, 0x0000000439000000, 0x0000000439000000|100%|HC|  |TAMS 0x0000000438800000| PB 0x0000000438800000| Complete 
| 114|0x0000000439000000, 0x0000000439800000, 0x0000000439800000|100%|HC|  |TAMS 0x0000000439000000| PB 0x0000000439000000| Complete 
| 115|0x0000000439800000, 0x000000043a000000, 0x000000043a000000|100%|HC|  |TAMS 0x0000000439800000| PB 0x0000000439800000| Complete 
| 116|0x000000043a000000, 0x000000043a800000, 0x000000043a800000|100%|HC|  |TAMS 0x000000043a000000| PB 0x000000043a000000| Complete 
| 117|0x000000043a800000, 0x000000043b000000, 0x000000043b000000|100%|HC|  |TAMS 0x000000043a800000| PB 0x000000043a800000| Complete 
| 118|0x000000043b000000, 0x000000043b800000, 0x000000043b800000|100%|HC|  |TAMS 0x000000043b000000| PB 0x000000043b000000| Complete 
| 119|0x000000043b800000, 0x000000043c000000, 0x000000043c000000|100%|HC|  |TAMS 0x000000043b800000| PB 0x000000043b800000| Complete 
| 120|0x000000043c000000, 0x000000043c800000, 0x000000043c800000|100%|HC|  |TAMS 0x000000043c000000| PB 0x000000043c000000| Complete 
| 121|0x000000043c800000, 0x000000043d000000, 0x000000043d000000|100%|HC|  |TAMS 0x000000043c800000| PB 0x000000043c800000| Complete 
| 122|0x000000043d000000, 0x000000043d800000, 0x000000043d800000|100%|HC|  |TAMS 0x000000043d000000| PB 0x000000043d000000| Complete 
| 123|0x000000043d800000, 0x000000043e000000, 0x000000043e000000|100%|HC|  |TAMS 0x000000043d800000| PB 0x000000043d800000| Complete 
| 124|0x000000043e000000, 0x000000043e800000, 0x000000043e800000|100%|HC|  |TAMS 0x000000043e000000| PB 0x000000043e000000| Complete 
| 125|0x000000043e800000, 0x000000043f000000, 0x000000043f000000|100%|HC|  |TAMS 0x000000043e800000| PB 0x000000043e800000| Complete 
| 126|0x000000043f000000, 0x000000043f800000, 0x000000043f800000|100%|HC|  |TAMS 0x000000043f000000| PB 0x000000043f000000| Complete 
| 127|0x000000043f800000, 0x0000000440000000, 0x0000000440000000|100%|HC|  |TAMS 0x000000043f800000| PB 0x000000043f800000| Complete 
| 128|0x0000000440000000, 0x0000000440800000, 0x0000000440800000|100%|HC|  |TAMS 0x0000000440000000| PB 0x0000000440000000| Complete 
| 129|0x0000000440800000, 0x0000000441000000, 0x0000000441000000|100%|HC|  |TAMS 0x0000000440800000| PB 0x0000000440800000| Complete 
| 130|0x0000000441000000, 0x0000000441800000, 0x0000000441800000|100%|HC|  |TAMS 0x0000000441000000| PB 0x0000000441000000| Complete 
| 131|0x0000000441800000, 0x0000000442000000, 0x0000000442000000|100%|HC|  |TAMS 0x0000000441800000| PB 0x0000000441800000| Complete 
| 132|0x0000000442000000, 0x0000000442800000, 0x0000000442800000|100%|HC|  |TAMS 0x0000000442000000| PB 0x0000000442000000| Complete 
| 133|0x0000000442800000, 0x0000000443000000, 0x0000000443000000|100%|HC|  |TAMS 0x0000000442800000| PB 0x0000000442800000| Complete 
| 134|0x0000000443000000, 0x0000000443800000, 0x0000000443800000|100%|HC|  |TAMS 0x0000000443000000| PB 0x0000000443000000| Complete 
| 135|0x0000000443800000, 0x0000000444000000, 0x0000000444000000|100%|HC|  |TAMS 0x0000000443800000| PB 0x0000000443800000| Complete 
| 136|0x0000000444000000, 0x0000000444800000, 0x0000000444800000|100%|HC|  |TAMS 0x0000000444000000| PB 0x0000000444000000| Complete 
| 137|0x0000000444800000, 0x0000000445000000, 0x0000000445000000|100%|HC|  |TAMS 0x0000000444800000| PB 0x0000000444800000| Complete 
| 138|0x0000000445000000, 0x0000000445800000, 0x0000000445800000|100%|HC|  |TAMS 0x0000000445000000| PB 0x0000000445000000| Complete 
| 139|0x0000000445800000, 0x0000000446000000, 0x0000000446000000|100%|HC|  |TAMS 0x0000000445800000| PB 0x0000000445800000| Complete 
| 140|0x0000000446000000, 0x0000000446800000, 0x0000000446800000|100%|HC|  |TAMS 0x0000000446000000| PB 0x0000000446000000| Complete 
| 141|0x0000000446800000, 0x0000000447000000, 0x0000000447000000|100%|HC|  |TAMS 0x0000000446800000| PB 0x0000000446800000| Complete 
| 142|0x0000000447000000, 0x0000000447800000, 0x0000000447800000|100%|HC|  |TAMS 0x0000000447000000| PB 0x0000000447000000| Complete 
| 143|0x0000000447800000, 0x0000000448000000, 0x0000000448000000|100%|HC|  |TAMS 0x0000000447800000| PB 0x0000000447800000| Complete 
| 144|0x0000000448000000, 0x0000000448800000, 0x0000000448800000|100%|HC|  |TAMS 0x0000000448000000| PB 0x0000000448000000| Complete 
| 145|0x0000000448800000, 0x0000000449000000, 0x0000000449000000|100%|HC|  |TAMS 0x0000000448800000| PB 0x0000000448800000| Complete 
| 146|0x0000000449000000, 0x0000000449800000, 0x0000000449800000|100%|HC|  |TAMS 0x0000000449000000| PB 0x0000000449000000| Complete 
| 147|0x0000000449800000, 0x000000044a000000, 0x000000044a000000|100%|HC|  |TAMS 0x0000000449800000| PB 0x0000000449800000| Complete 
| 148|0x000000044a000000, 0x000000044a800000, 0x000000044a800000|100%|HC|  |TAMS 0x000000044a000000| PB 0x000000044a000000| Complete 
| 149|0x000000044a800000, 0x000000044b000000, 0x000000044b000000|100%|HC|  |TAMS 0x000000044a800000| PB 0x000000044a800000| Complete 
| 150|0x000000044b000000, 0x000000044b800000, 0x000000044b800000|100%|HC|  |TAMS 0x000000044b000000| PB 0x000000044b000000| Complete 
| 151|0x000000044b800000, 0x000000044c000000, 0x000000044c000000|100%|HC|  |TAMS 0x000000044b800000| PB 0x000000044b800000| Complete 
| 152|0x000000044c000000, 0x000000044c800000, 0x000000044c800000|100%|HC|  |TAMS 0x000000044c000000| PB 0x000000044c000000| Complete 
| 153|0x000000044c800000, 0x000000044d000000, 0x000000044d000000|100%|HC|  |TAMS 0x000000044c800000| PB 0x000000044c800000| Complete 
| 154|0x000000044d000000, 0x000000044d800000, 0x000000044d800000|100%|HC|  |TAMS 0x000000044d000000| PB 0x000000044d000000| Complete 
| 155|0x000000044d800000, 0x000000044e000000, 0x000000044e000000|100%|HC|  |TAMS 0x000000044d800000| PB 0x000000044d800000| Complete 
| 156|0x000000044e000000, 0x000000044e800000, 0x000000044e800000|100%|HC|  |TAMS 0x000000044e000000| PB 0x000000044e000000| Complete 
| 157|0x000000044e800000, 0x000000044f000000, 0x000000044f000000|100%|HC|  |TAMS 0x000000044e800000| PB 0x000000044e800000| Complete 
| 158|0x000000044f000000, 0x000000044f800000, 0x000000044f800000|100%|HC|  |TAMS 0x000000044f000000| PB 0x000000044f000000| Complete 
| 159|0x000000044f800000, 0x0000000450000000, 0x0000000450000000|100%|HC|  |TAMS 0x000000044f800000| PB 0x000000044f800000| Complete 
| 160|0x0000000450000000, 0x0000000450800000, 0x0000000450800000|100%|HC|  |TAMS 0x0000000450000000| PB 0x0000000450000000| Complete 
| 161|0x0000000450800000, 0x0000000451000000, 0x0000000451000000|100%|HC|  |TAMS 0x0000000450800000| PB 0x0000000450800000| Complete 
| 162|0x0000000451000000, 0x0000000451800000, 0x0000000451800000|100%|HC|  |TAMS 0x0000000451000000| PB 0x0000000451000000| Complete 
| 163|0x0000000451800000, 0x0000000452000000, 0x0000000452000000|100%|HC|  |TAMS 0x0000000451800000| PB 0x0000000451800000| Complete 
| 164|0x0000000452000000, 0x0000000452800000, 0x0000000452800000|100%|HC|  |TAMS 0x0000000452000000| PB 0x0000000452000000| Complete 
| 165|0x0000000452800000, 0x0000000453000000, 0x0000000453000000|100%|HC|  |TAMS 0x0000000452800000| PB 0x0000000452800000| Complete 
| 166|0x0000000453000000, 0x0000000453800000, 0x0000000453800000|100%|HC|  |TAMS 0x0000000453000000| PB 0x0000000453000000| Complete 
| 167|0x0000000453800000, 0x0000000454000000, 0x0000000454000000|100%|HC|  |TAMS 0x0000000453800000| PB 0x0000000453800000| Complete 
| 168|0x0000000454000000, 0x0000000454800000, 0x0000000454800000|100%|HC|  |TAMS 0x0000000454000000| PB 0x0000000454000000| Complete 
| 169|0x0000000454800000, 0x0000000455000000, 0x0000000455000000|100%|HC|  |TAMS 0x0000000454800000| PB 0x0000000454800000| Complete 
| 170|0x0000000455000000, 0x0000000455800000, 0x0000000455800000|100%|HC|  |TAMS 0x0000000455000000| PB 0x0000000455000000| Complete 
| 171|0x0000000455800000, 0x0000000456000000, 0x0000000456000000|100%|HC|  |TAMS 0x0000000455800000| PB 0x0000000455800000| Complete 
| 172|0x0000000456000000, 0x0000000456800000, 0x0000000456800000|100%|HC|  |TAMS 0x0000000456000000| PB 0x0000000456000000| Complete 
| 173|0x0000000456800000, 0x0000000457000000, 0x0000000457000000|100%|HC|  |TAMS 0x0000000456800000| PB 0x0000000456800000| Complete 
| 174|0x0000000457000000, 0x0000000457800000, 0x0000000457800000|100%|HC|  |TAMS 0x0000000457000000| PB 0x0000000457000000| Complete 
| 175|0x0000000457800000, 0x0000000458000000, 0x0000000458000000|100%|HC|  |TAMS 0x0000000457800000| PB 0x0000000457800000| Complete 
| 176|0x0000000458000000, 0x0000000458800000, 0x0000000458800000|100%|HC|  |TAMS 0x0000000458000000| PB 0x0000000458000000| Complete 
| 177|0x0000000458800000, 0x0000000459000000, 0x0000000459000000|100%|HC|  |TAMS 0x0000000458800000| PB 0x0000000458800000| Complete 
| 178|0x0000000459000000, 0x0000000459800000, 0x0000000459800000|100%|HC|  |TAMS 0x0000000459000000| PB 0x0000000459000000| Complete 
| 179|0x0000000459800000, 0x000000045a000000, 0x000000045a000000|100%|HC|  |TAMS 0x0000000459800000| PB 0x0000000459800000| Complete 
| 180|0x000000045a000000, 0x000000045a800000, 0x000000045a800000|100%|HC|  |TAMS 0x000000045a000000| PB 0x000000045a000000| Complete 
| 181|0x000000045a800000, 0x000000045b000000, 0x000000045b000000|100%|HC|  |TAMS 0x000000045a800000| PB 0x000000045a800000| Complete 
| 182|0x000000045b000000, 0x000000045b800000, 0x000000045b800000|100%|HC|  |TAMS 0x000000045b000000| PB 0x000000045b000000| Complete 
| 183|0x000000045b800000, 0x000000045c000000, 0x000000045c000000|100%|HC|  |TAMS 0x000000045b800000| PB 0x000000045b800000| Complete 
| 184|0x000000045c000000, 0x000000045c800000, 0x000000045c800000|100%|HC|  |TAMS 0x000000045c000000| PB 0x000000045c000000| Complete 
| 185|0x000000045c800000, 0x000000045d000000, 0x000000045d000000|100%|HC|  |TAMS 0x000000045c800000| PB 0x000000045c800000| Complete 
| 186|0x000000045d000000, 0x000000045d800000, 0x000000045d800000|100%|HC|  |TAMS 0x000000045d000000| PB 0x000000045d000000| Complete 
| 187|0x000000045d800000, 0x000000045e000000, 0x000000045e000000|100%|HC|  |TAMS 0x000000045d800000| PB 0x000000045d800000| Complete 
| 188|0x000000045e000000, 0x000000045e800000, 0x000000045e800000|100%|HC|  |TAMS 0x000000045e000000| PB 0x000000045e000000| Complete 
| 189|0x000000045e800000, 0x000000045f000000, 0x000000045f000000|100%|HC|  |TAMS 0x000000045e800000| PB 0x000000045e800000| Complete 
| 190|0x000000045f000000, 0x000000045f800000, 0x000000045f800000|100%|HC|  |TAMS 0x000000045f000000| PB 0x000000045f000000| Complete 
| 191|0x000000045f800000, 0x0000000460000000, 0x0000000460000000|100%|HC|  |TAMS 0x000000045f800000| PB 0x000000045f800000| Complete 
| 192|0x0000000460000000, 0x0000000460800000, 0x0000000460800000|100%|HC|  |TAMS 0x0000000460000000| PB 0x0000000460000000| Complete 
| 193|0x0000000460800000, 0x0000000461000000, 0x0000000461000000|100%|HC|  |TAMS 0x0000000460800000| PB 0x0000000460800000| Complete 
| 194|0x0000000461000000, 0x0000000461800000, 0x0000000461800000|100%|HC|  |TAMS 0x0000000461000000| PB 0x0000000461000000| Complete 
| 195|0x0000000461800000, 0x0000000462000000, 0x0000000462000000|100%|HC|  |TAMS 0x0000000461800000| PB 0x0000000461800000| Complete 
| 196|0x0000000462000000, 0x0000000462800000, 0x0000000462800000|100%|HC|  |TAMS 0x0000000462000000| PB 0x0000000462000000| Complete 
| 197|0x0000000462800000, 0x0000000463000000, 0x0000000463000000|100%|HC|  |TAMS 0x0000000462800000| PB 0x0000000462800000| Complete 
| 198|0x0000000463000000, 0x0000000463800000, 0x0000000463800000|100%|HC|  |TAMS 0x0000000463000000| PB 0x0000000463000000| Complete 
| 199|0x0000000463800000, 0x0000000464000000, 0x0000000464000000|100%|HC|  |TAMS 0x0000000463800000| PB 0x0000000463800000| Complete 
| 200|0x0000000464000000, 0x0000000464800000, 0x0000000464800000|100%|HC|  |TAMS 0x0000000464000000| PB 0x0000000464000000| Complete 
| 201|0x0000000464800000, 0x0000000465000000, 0x0000000465000000|100%|HC|  |TAMS 0x0000000464800000| PB 0x0000000464800000| Complete 
| 202|0x0000000465000000, 0x0000000465800000, 0x0000000465800000|100%|HC|  |TAMS 0x0000000465000000| PB 0x0000000465000000| Complete 
| 203|0x0000000465800000, 0x0000000466000000, 0x0000000466000000|100%|HC|  |TAMS 0x0000000465800000| PB 0x0000000465800000| Complete 
| 204|0x0000000466000000, 0x0000000466800000, 0x0000000466800000|100%|HC|  |TAMS 0x0000000466000000| PB 0x0000000466000000| Complete 
| 205|0x0000000466800000, 0x0000000467000000, 0x0000000467000000|100%|HC|  |TAMS 0x0000000466800000| PB 0x0000000466800000| Complete 
| 206|0x0000000467000000, 0x0000000467800000, 0x0000000467800000|100%|HC|  |TAMS 0x0000000467000000| PB 0x0000000467000000| Complete 
| 207|0x0000000467800000, 0x0000000468000000, 0x0000000468000000|100%|HC|  |TAMS 0x0000000467800000| PB 0x0000000467800000| Complete 
| 208|0x0000000468000000, 0x0000000468800000, 0x0000000468800000|100%|HC|  |TAMS 0x0000000468000000| PB 0x0000000468000000| Complete 
| 209|0x0000000468800000, 0x0000000469000000, 0x0000000469000000|100%|HC|  |TAMS 0x0000000468800000| PB 0x0000000468800000| Complete 
| 210|0x0000000469000000, 0x0000000469800000, 0x0000000469800000|100%|HC|  |TAMS 0x0000000469000000| PB 0x0000000469000000| Complete 
| 211|0x0000000469800000, 0x000000046a000000, 0x000000046a000000|100%|HC|  |TAMS 0x0000000469800000| PB 0x0000000469800000| Complete 
| 212|0x000000046a000000, 0x000000046a800000, 0x000000046a800000|100%|HC|  |TAMS 0x000000046a000000| PB 0x000000046a000000| Complete 
| 213|0x000000046a800000, 0x000000046b000000, 0x000000046b000000|100%|HC|  |TAMS 0x000000046a800000| PB 0x000000046a800000| Complete 
| 214|0x000000046b000000, 0x000000046b800000, 0x000000046b800000|100%|HC|  |TAMS 0x000000046b000000| PB 0x000000046b000000| Complete 
| 215|0x000000046b800000, 0x000000046c000000, 0x000000046c000000|100%|HC|  |TAMS 0x000000046b800000| PB 0x000000046b800000| Complete 
| 216|0x000000046c000000, 0x000000046c800000, 0x000000046c800000|100%|HC|  |TAMS 0x000000046c000000| PB 0x000000046c000000| Complete 
| 217|0x000000046c800000, 0x000000046d000000, 0x000000046d000000|100%|HC|  |TAMS 0x000000046c800000| PB 0x000000046c800000| Complete 
| 218|0x000000046d000000, 0x000000046d800000, 0x000000046d800000|100%|HC|  |TAMS 0x000000046d000000| PB 0x000000046d000000| Complete 
| 219|0x000000046d800000, 0x000000046e000000, 0x000000046e000000|100%|HC|  |TAMS 0x000000046d800000| PB 0x000000046d800000| Complete 
| 220|0x000000046e000000, 0x000000046e800000, 0x000000046e800000|100%|HC|  |TAMS 0x000000046e000000| PB 0x000000046e000000| Complete 
| 221|0x000000046e800000, 0x000000046f000000, 0x000000046f000000|100%|HC|  |TAMS 0x000000046e800000| PB 0x000000046e800000| Complete 
| 222|0x000000046f000000, 0x000000046f800000, 0x000000046f800000|100%|HC|  |TAMS 0x000000046f000000| PB 0x000000046f000000| Complete 
| 223|0x000000046f800000, 0x0000000470000000, 0x0000000470000000|100%|HC|  |TAMS 0x000000046f800000| PB 0x000000046f800000| Complete 
| 224|0x0000000470000000, 0x0000000470800000, 0x0000000470800000|100%|HC|  |TAMS 0x0000000470000000| PB 0x0000000470000000| Complete 
| 225|0x0000000470800000, 0x0000000471000000, 0x0000000471000000|100%|HC|  |TAMS 0x0000000470800000| PB 0x0000000470800000| Complete 
| 226|0x0000000471000000, 0x0000000471800000, 0x0000000471800000|100%|HC|  |TAMS 0x0000000471000000| PB 0x0000000471000000| Complete 
| 227|0x0000000471800000, 0x0000000472000000, 0x0000000472000000|100%|HC|  |TAMS 0x0000000471800000| PB 0x0000000471800000| Complete 
| 228|0x0000000472000000, 0x0000000472800000, 0x0000000472800000|100%|HC|  |TAMS 0x0000000472000000| PB 0x0000000472000000| Complete 
| 229|0x0000000472800000, 0x0000000473000000, 0x0000000473000000|100%|HC|  |TAMS 0x0000000472800000| PB 0x0000000472800000| Complete 
| 230|0x0000000473000000, 0x0000000473800000, 0x0000000473800000|100%|HC|  |TAMS 0x0000000473000000| PB 0x0000000473000000| Complete 
| 231|0x0000000473800000, 0x0000000474000000, 0x0000000474000000|100%|HC|  |TAMS 0x0000000473800000| PB 0x0000000473800000| Complete 
| 232|0x0000000474000000, 0x0000000474800000, 0x0000000474800000|100%|HC|  |TAMS 0x0000000474000000| PB 0x0000000474000000| Complete 
| 233|0x0000000474800000, 0x0000000475000000, 0x0000000475000000|100%|HC|  |TAMS 0x0000000474800000| PB 0x0000000474800000| Complete 
| 234|0x0000000475000000, 0x0000000475800000, 0x0000000475800000|100%|HC|  |TAMS 0x0000000475000000| PB 0x0000000475000000| Complete 
| 235|0x0000000475800000, 0x0000000476000000, 0x0000000476000000|100%|HC|  |TAMS 0x0000000475800000| PB 0x0000000475800000| Complete 
| 236|0x0000000476000000, 0x0000000476800000, 0x0000000476800000|100%|HC|  |TAMS 0x0000000476000000| PB 0x0000000476000000| Complete 
| 237|0x0000000476800000, 0x0000000477000000, 0x0000000477000000|100%|HC|  |TAMS 0x0000000476800000| PB 0x0000000476800000| Complete 
| 238|0x0000000477000000, 0x0000000477800000, 0x0000000477800000|100%|HC|  |TAMS 0x0000000477000000| PB 0x0000000477000000| Complete 
| 239|0x0000000477800000, 0x0000000478000000, 0x0000000478000000|100%|HC|  |TAMS 0x0000000477800000| PB 0x0000000477800000| Complete 
| 240|0x0000000478000000, 0x0000000478800000, 0x0000000478800000|100%|HC|  |TAMS 0x0000000478000000| PB 0x0000000478000000| Complete 
| 241|0x0000000478800000, 0x0000000479000000, 0x0000000479000000|100%|HC|  |TAMS 0x0000000478800000| PB 0x0000000478800000| Complete 
| 242|0x0000000479000000, 0x0000000479800000, 0x0000000479800000|100%|HC|  |TAMS 0x0000000479000000| PB 0x0000000479000000| Complete 
| 243|0x0000000479800000, 0x000000047a000000, 0x000000047a000000|100%|HC|  |TAMS 0x0000000479800000| PB 0x0000000479800000| Complete 
| 244|0x000000047a000000, 0x000000047a800000, 0x000000047a800000|100%|HC|  |TAMS 0x000000047a000000| PB 0x000000047a000000| Complete 
| 245|0x000000047a800000, 0x000000047b000000, 0x000000047b000000|100%|HC|  |TAMS 0x000000047a800000| PB 0x000000047a800000| Complete 
| 246|0x000000047b000000, 0x000000047b800000, 0x000000047b800000|100%|HC|  |TAMS 0x000000047b000000| PB 0x000000047b000000| Complete 
| 247|0x000000047b800000, 0x000000047c000000, 0x000000047c000000|100%|HC|  |TAMS 0x000000047b800000| PB 0x000000047b800000| Complete 
| 248|0x000000047c000000, 0x000000047c800000, 0x000000047c800000|100%|HC|  |TAMS 0x000000047c000000| PB 0x000000047c000000| Complete 
| 249|0x000000047c800000, 0x000000047d000000, 0x000000047d000000|100%|HC|  |TAMS 0x000000047c800000| PB 0x000000047c800000| Complete 
| 250|0x000000047d000000, 0x000000047d800000, 0x000000047d800000|100%|HC|  |TAMS 0x000000047d000000| PB 0x000000047d000000| Complete 
| 251|0x000000047d800000, 0x000000047e000000, 0x000000047e000000|100%|HC|  |TAMS 0x000000047d800000| PB 0x000000047d800000| Complete 
| 252|0x000000047e000000, 0x000000047e800000, 0x000000047e800000|100%|HC|  |TAMS 0x000000047e000000| PB 0x000000047e000000| Complete 
| 253|0x000000047e800000, 0x000000047f000000, 0x000000047f000000|100%|HC|  |TAMS 0x000000047e800000| PB 0x000000047e800000| Complete 
| 254|0x000000047f000000, 0x000000047f800000, 0x000000047f800000|100%|HC|  |TAMS 0x000000047f000000| PB 0x000000047f000000| Complete 
| 255|0x000000047f800000, 0x0000000480000000, 0x0000000480000000|100%|HC|  |TAMS 0x000000047f800000| PB 0x000000047f800000| Complete 
| 256|0x0000000480000000, 0x0000000480800000, 0x0000000480800000|100%|HC|  |TAMS 0x0000000480000000| PB 0x0000000480000000| Complete 
| 257|0x0000000480800000, 0x0000000481000000, 0x0000000481000000|100%|HC|  |TAMS 0x0000000480800000| PB 0x0000000480800000| Complete 
| 258|0x0000000481000000, 0x0000000481800000, 0x0000000481800000|100%|HC|  |TAMS 0x0000000481000000| PB 0x0000000481000000| Complete 
| 259|0x0000000481800000, 0x0000000482000000, 0x0000000482000000|100%|HC|  |TAMS 0x0000000481800000| PB 0x0000000481800000| Complete 
| 260|0x0000000482000000, 0x0000000482800000, 0x0000000482800000|100%|HC|  |TAMS 0x0000000482000000| PB 0x0000000482000000| Complete 
| 261|0x0000000482800000, 0x0000000483000000, 0x0000000483000000|100%|HC|  |TAMS 0x0000000482800000| PB 0x0000000482800000| Complete 
| 262|0x0000000483000000, 0x0000000483800000, 0x0000000483800000|100%|HC|  |TAMS 0x0000000483000000| PB 0x0000000483000000| Complete 
| 263|0x0000000483800000, 0x0000000484000000, 0x0000000484000000|100%|HC|  |TAMS 0x0000000483800000| PB 0x0000000483800000| Complete 
| 264|0x0000000484000000, 0x0000000484800000, 0x0000000484800000|100%|HC|  |TAMS 0x0000000484000000| PB 0x0000000484000000| Complete 
| 265|0x0000000484800000, 0x0000000485000000, 0x0000000485000000|100%|HC|  |TAMS 0x0000000484800000| PB 0x0000000484800000| Complete 
| 266|0x0000000485000000, 0x0000000485800000, 0x0000000485800000|100%|HC|  |TAMS 0x0000000485000000| PB 0x0000000485000000| Complete 
| 267|0x0000000485800000, 0x0000000486000000, 0x0000000486000000|100%|HC|  |TAMS 0x0000000485800000| PB 0x0000000485800000| Complete 
| 268|0x0000000486000000, 0x0000000486800000, 0x0000000486800000|100%|HC|  |TAMS 0x0000000486000000| PB 0x0000000486000000| Complete 
| 269|0x0000000486800000, 0x0000000487000000, 0x0000000487000000|100%|HC|  |TAMS 0x0000000486800000| PB 0x0000000486800000| Complete 
| 270|0x0000000487000000, 0x0000000487800000, 0x0000000487800000|100%|HC|  |TAMS 0x0000000487000000| PB 0x0000000487000000| Complete 
| 271|0x0000000487800000, 0x0000000488000000, 0x0000000488000000|100%|HC|  |TAMS 0x0000000487800000| PB 0x0000000487800000| Complete 
| 272|0x0000000488000000, 0x0000000488800000, 0x0000000488800000|100%|HC|  |TAMS 0x0000000488000000| PB 0x0000000488000000| Complete 
| 273|0x0000000488800000, 0x0000000489000000, 0x0000000489000000|100%|HC|  |TAMS 0x0000000488800000| PB 0x0000000488800000| Complete 
| 274|0x0000000489000000, 0x0000000489800000, 0x0000000489800000|100%|HC|  |TAMS 0x0000000489000000| PB 0x0000000489000000| Complete 
| 275|0x0000000489800000, 0x000000048a000000, 0x000000048a000000|100%|HC|  |TAMS 0x0000000489800000| PB 0x0000000489800000| Complete 
| 276|0x000000048a000000, 0x000000048a800000, 0x000000048a800000|100%|HC|  |TAMS 0x000000048a000000| PB 0x000000048a000000| Complete 
| 277|0x000000048a800000, 0x000000048b000000, 0x000000048b000000|100%|HC|  |TAMS 0x000000048a800000| PB 0x000000048a800000| Complete 
| 278|0x000000048b000000, 0x000000048b800000, 0x000000048b800000|100%|HC|  |TAMS 0x000000048b000000| PB 0x000000048b000000| Complete 
| 279|0x000000048b800000, 0x000000048c000000, 0x000000048c000000|100%|HC|  |TAMS 0x000000048b800000| PB 0x000000048b800000| Complete 
| 280|0x000000048c000000, 0x000000048c800000, 0x000000048c800000|100%|HC|  |TAMS 0x000000048c000000| PB 0x000000048c000000| Complete 
| 281|0x000000048c800000, 0x000000048d000000, 0x000000048d000000|100%|HC|  |TAMS 0x000000048c800000| PB 0x000000048c800000| Complete 
| 282|0x000000048d000000, 0x000000048d800000, 0x000000048d800000|100%|HC|  |TAMS 0x000000048d000000| PB 0x000000048d000000| Complete 
| 283|0x000000048d800000, 0x000000048e000000, 0x000000048e000000|100%|HC|  |TAMS 0x000000048d800000| PB 0x000000048d800000| Complete 
| 284|0x000000048e000000, 0x000000048e800000, 0x000000048e800000|100%|HC|  |TAMS 0x000000048e000000| PB 0x000000048e000000| Complete 
| 285|0x000000048e800000, 0x000000048f000000, 0x000000048f000000|100%|HC|  |TAMS 0x000000048e800000| PB 0x000000048e800000| Complete 
| 286|0x000000048f000000, 0x000000048f800000, 0x000000048f800000|100%|HC|  |TAMS 0x000000048f000000| PB 0x000000048f000000| Complete 
| 287|0x000000048f800000, 0x0000000490000000, 0x0000000490000000|100%|HC|  |TAMS 0x000000048f800000| PB 0x000000048f800000| Complete 
| 288|0x0000000490000000, 0x0000000490800000, 0x0000000490800000|100%|HC|  |TAMS 0x0000000490000000| PB 0x0000000490000000| Complete 
| 289|0x0000000490800000, 0x0000000491000000, 0x0000000491000000|100%|HC|  |TAMS 0x0000000490800000| PB 0x0000000490800000| Complete 
| 290|0x0000000491000000, 0x0000000491800000, 0x0000000491800000|100%|HC|  |TAMS 0x0000000491000000| PB 0x0000000491000000| Complete 
| 291|0x0000000491800000, 0x0000000492000000, 0x0000000492000000|100%|HC|  |TAMS 0x0000000491800000| PB 0x0000000491800000| Complete 
| 292|0x0000000492000000, 0x0000000492800000, 0x0000000492800000|100%|HC|  |TAMS 0x0000000492000000| PB 0x0000000492000000| Complete 
| 293|0x0000000492800000, 0x0000000493000000, 0x0000000493000000|100%|HC|  |TAMS 0x0000000492800000| PB 0x0000000492800000| Complete 
| 294|0x0000000493000000, 0x0000000493800000, 0x0000000493800000|100%|HC|  |TAMS 0x0000000493000000| PB 0x0000000493000000| Complete 
| 295|0x0000000493800000, 0x0000000494000000, 0x0000000494000000|100%|HC|  |TAMS 0x0000000493800000| PB 0x0000000493800000| Complete 
| 296|0x0000000494000000, 0x0000000494800000, 0x0000000494800000|100%|HC|  |TAMS 0x0000000494000000| PB 0x0000000494000000| Complete 
| 297|0x0000000494800000, 0x0000000495000000, 0x0000000495000000|100%|HC|  |TAMS 0x0000000494800000| PB 0x0000000494800000| Complete 
| 298|0x0000000495000000, 0x0000000495800000, 0x0000000495800000|100%|HC|  |TAMS 0x0000000495000000| PB 0x0000000495000000| Complete 
| 299|0x0000000495800000, 0x0000000496000000, 0x0000000496000000|100%|HC|  |TAMS 0x0000000495800000| PB 0x0000000495800000| Complete 
| 300|0x0000000496000000, 0x0000000496800000, 0x0000000496800000|100%|HC|  |TAMS 0x0000000496000000| PB 0x0000000496000000| Complete 
| 301|0x0000000496800000, 0x0000000497000000, 0x0000000497000000|100%|HC|  |TAMS 0x0000000496800000| PB 0x0000000496800000| Complete 
| 302|0x0000000497000000, 0x0000000497800000, 0x0000000497800000|100%|HC|  |TAMS 0x0000000497000000| PB 0x0000000497000000| Complete 
| 303|0x0000000497800000, 0x0000000498000000, 0x0000000498000000|100%|HC|  |TAMS 0x0000000497800000| PB 0x0000000497800000| Complete 
| 304|0x0000000498000000, 0x0000000498800000, 0x0000000498800000|100%|HC|  |TAMS 0x0000000498000000| PB 0x0000000498000000| Complete 
| 305|0x0000000498800000, 0x0000000499000000, 0x0000000499000000|100%|HC|  |TAMS 0x0000000498800000| PB 0x0000000498800000| Complete 
| 306|0x0000000499000000, 0x0000000499800000, 0x0000000499800000|100%|HC|  |TAMS 0x0000000499000000| PB 0x0000000499000000| Complete 
| 307|0x0000000499800000, 0x000000049a000000, 0x000000049a000000|100%|HC|  |TAMS 0x0000000499800000| PB 0x0000000499800000| Complete 
| 308|0x000000049a000000, 0x000000049a800000, 0x000000049a800000|100%|HC|  |TAMS 0x000000049a000000| PB 0x000000049a000000| Complete 
| 309|0x000000049a800000, 0x000000049b000000, 0x000000049b000000|100%|HC|  |TAMS 0x000000049a800000| PB 0x000000049a800000| Complete 
| 310|0x000000049b000000, 0x000000049b800000, 0x000000049b800000|100%|HC|  |TAMS 0x000000049b000000| PB 0x000000049b000000| Complete 
| 311|0x000000049b800000, 0x000000049c000000, 0x000000049c000000|100%|HC|  |TAMS 0x000000049b800000| PB 0x000000049b800000| Complete 
| 312|0x000000049c000000, 0x000000049c800000, 0x000000049c800000|100%|HC|  |TAMS 0x000000049c000000| PB 0x000000049c000000| Complete 
| 313|0x000000049c800000, 0x000000049d000000, 0x000000049d000000|100%|HC|  |TAMS 0x000000049c800000| PB 0x000000049c800000| Complete 
| 314|0x000000049d000000, 0x000000049d800000, 0x000000049d800000|100%|HC|  |TAMS 0x000000049d000000| PB 0x000000049d000000| Complete 
| 315|0x000000049d800000, 0x000000049e000000, 0x000000049e000000|100%|HC|  |TAMS 0x000000049d800000| PB 0x000000049d800000| Complete 
| 316|0x000000049e000000, 0x000000049e800000, 0x000000049e800000|100%|HC|  |TAMS 0x000000049e000000| PB 0x000000049e000000| Complete 
| 317|0x000000049e800000, 0x000000049f000000, 0x000000049f000000|100%|HC|  |TAMS 0x000000049e800000| PB 0x000000049e800000| Complete 
| 318|0x000000049f000000, 0x000000049f800000, 0x000000049f800000|100%|HC|  |TAMS 0x000000049f000000| PB 0x000000049f000000| Complete 
| 319|0x000000049f800000, 0x00000004a0000000, 0x00000004a0000000|100%|HC|  |TAMS 0x000000049f800000| PB 0x000000049f800000| Complete 
| 320|0x00000004a0000000, 0x00000004a0800000, 0x00000004a0800000|100%|HC|  |TAMS 0x00000004a0000000| PB 0x00000004a0000000| Complete 
| 321|0x00000004a0800000, 0x00000004a1000000, 0x00000004a1000000|100%|HC|  |TAMS 0x00000004a0800000| PB 0x00000004a0800000| Complete 
| 322|0x00000004a1000000, 0x00000004a1800000, 0x00000004a1800000|100%|HC|  |TAMS 0x00000004a1000000| PB 0x00000004a1000000| Complete 
| 323|0x00000004a1800000, 0x00000004a2000000, 0x00000004a2000000|100%|HC|  |TAMS 0x00000004a1800000| PB 0x00000004a1800000| Complete 
| 324|0x00000004a2000000, 0x00000004a2800000, 0x00000004a2800000|100%|HC|  |TAMS 0x00000004a2000000| PB 0x00000004a2000000| Complete 
| 325|0x00000004a2800000, 0x00000004a3000000, 0x00000004a3000000|100%|HC|  |TAMS 0x00000004a2800000| PB 0x00000004a2800000| Complete 
| 326|0x00000004a3000000, 0x00000004a3800000, 0x00000004a3800000|100%|HC|  |TAMS 0x00000004a3000000| PB 0x00000004a3000000| Complete 
| 327|0x00000004a3800000, 0x00000004a4000000, 0x00000004a4000000|100%|HC|  |TAMS 0x00000004a3800000| PB 0x00000004a3800000| Complete 
| 328|0x00000004a4000000, 0x00000004a4800000, 0x00000004a4800000|100%|HC|  |TAMS 0x00000004a4000000| PB 0x00000004a4000000| Complete 
| 329|0x00000004a4800000, 0x00000004a5000000, 0x00000004a5000000|100%|HC|  |TAMS 0x00000004a4800000| PB 0x00000004a4800000| Complete 
| 330|0x00000004a5000000, 0x00000004a5800000, 0x00000004a5800000|100%|HC|  |TAMS 0x00000004a5000000| PB 0x00000004a5000000| Complete 
| 331|0x00000004a5800000, 0x00000004a6000000, 0x00000004a6000000|100%|HC|  |TAMS 0x00000004a5800000| PB 0x00000004a5800000| Complete 
| 332|0x00000004a6000000, 0x00000004a6800000, 0x00000004a6800000|100%|HC|  |TAMS 0x00000004a6000000| PB 0x00000004a6000000| Complete 
| 333|0x00000004a6800000, 0x00000004a7000000, 0x00000004a7000000|100%|HC|  |TAMS 0x00000004a6800000| PB 0x00000004a6800000| Complete 
| 334|0x00000004a7000000, 0x00000004a7800000, 0x00000004a7800000|100%|HC|  |TAMS 0x00000004a7000000| PB 0x00000004a7000000| Complete 
| 335|0x00000004a7800000, 0x00000004a8000000, 0x00000004a8000000|100%|HC|  |TAMS 0x00000004a7800000| PB 0x00000004a7800000| Complete 
| 336|0x00000004a8000000, 0x00000004a8800000, 0x00000004a8800000|100%|HC|  |TAMS 0x00000004a8000000| PB 0x00000004a8000000| Complete 
| 337|0x00000004a8800000, 0x00000004a9000000, 0x00000004a9000000|100%|HC|  |TAMS 0x00000004a8800000| PB 0x00000004a8800000| Complete 
| 338|0x00000004a9000000, 0x00000004a9800000, 0x00000004a9800000|100%|HC|  |TAMS 0x00000004a9000000| PB 0x00000004a9000000| Complete 
| 339|0x00000004a9800000, 0x00000004aa000000, 0x00000004aa000000|100%|HC|  |TAMS 0x00000004a9800000| PB 0x00000004a9800000| Complete 
| 340|0x00000004aa000000, 0x00000004aa800000, 0x00000004aa800000|100%|HC|  |TAMS 0x00000004aa000000| PB 0x00000004aa000000| Complete 
| 341|0x00000004aa800000, 0x00000004ab000000, 0x00000004ab000000|100%|HC|  |TAMS 0x00000004aa800000| PB 0x00000004aa800000| Complete 
| 342|0x00000004ab000000, 0x00000004ab800000, 0x00000004ab800000|100%|HC|  |TAMS 0x00000004ab000000| PB 0x00000004ab000000| Complete 
| 343|0x00000004ab800000, 0x00000004ac000000, 0x00000004ac000000|100%|HC|  |TAMS 0x00000004ab800000| PB 0x00000004ab800000| Complete 
| 344|0x00000004ac000000, 0x00000004ac800000, 0x00000004ac800000|100%|HC|  |TAMS 0x00000004ac000000| PB 0x00000004ac000000| Complete 
| 345|0x00000004ac800000, 0x00000004ad000000, 0x00000004ad000000|100%|HC|  |TAMS 0x00000004ac800000| PB 0x00000004ac800000| Complete 
| 346|0x00000004ad000000, 0x00000004ad800000, 0x00000004ad800000|100%|HC|  |TAMS 0x00000004ad000000| PB 0x00000004ad000000| Complete 
| 347|0x00000004ad800000, 0x00000004ae000000, 0x00000004ae000000|100%|HC|  |TAMS 0x00000004ad800000| PB 0x00000004ad800000| Complete 
| 348|0x00000004ae000000, 0x00000004ae800000, 0x00000004ae800000|100%|HC|  |TAMS 0x00000004ae000000| PB 0x00000004ae000000| Complete 
| 349|0x00000004ae800000, 0x00000004af000000, 0x00000004af000000|100%|HC|  |TAMS 0x00000004ae800000| PB 0x00000004ae800000| Complete 
| 350|0x00000004af000000, 0x00000004af800000, 0x00000004af800000|100%|HC|  |TAMS 0x00000004af000000| PB 0x00000004af000000| Complete 
| 351|0x00000004af800000, 0x00000004b0000000, 0x00000004b0000000|100%|HC|  |TAMS 0x00000004af800000| PB 0x00000004af800000| Complete 
| 352|0x00000004b0000000, 0x00000004b0800000, 0x00000004b0800000|100%|HC|  |TAMS 0x00000004b0000000| PB 0x00000004b0000000| Complete 
| 353|0x00000004b0800000, 0x00000004b1000000, 0x00000004b1000000|100%|HC|  |TAMS 0x00000004b0800000| PB 0x00000004b0800000| Complete 
| 354|0x00000004b1000000, 0x00000004b1800000, 0x00000004b1800000|100%|HC|  |TAMS 0x00000004b1000000| PB 0x00000004b1000000| Complete 
| 355|0x00000004b1800000, 0x00000004b2000000, 0x00000004b2000000|100%|HC|  |TAMS 0x00000004b1800000| PB 0x00000004b1800000| Complete 
| 356|0x00000004b2000000, 0x00000004b2800000, 0x00000004b2800000|100%|HC|  |TAMS 0x00000004b2000000| PB 0x00000004b2000000| Complete 
| 357|0x00000004b2800000, 0x00000004b3000000, 0x00000004b3000000|100%|HC|  |TAMS 0x00000004b2800000| PB 0x00000004b2800000| Complete 
| 358|0x00000004b3000000, 0x00000004b3800000, 0x00000004b3800000|100%|HC|  |TAMS 0x00000004b3000000| PB 0x00000004b3000000| Complete 
| 359|0x00000004b3800000, 0x00000004b4000000, 0x00000004b4000000|100%|HC|  |TAMS 0x00000004b3800000| PB 0x00000004b3800000| Complete 
| 360|0x00000004b4000000, 0x00000004b4800000, 0x00000004b4800000|100%|HC|  |TAMS 0x00000004b4000000| PB 0x00000004b4000000| Complete 
| 361|0x00000004b4800000, 0x00000004b5000000, 0x00000004b5000000|100%|HC|  |TAMS 0x00000004b4800000| PB 0x00000004b4800000| Complete 
| 362|0x00000004b5000000, 0x00000004b5800000, 0x00000004b5800000|100%|HC|  |TAMS 0x00000004b5000000| PB 0x00000004b5000000| Complete 
| 363|0x00000004b5800000, 0x00000004b6000000, 0x00000004b6000000|100%|HC|  |TAMS 0x00000004b5800000| PB 0x00000004b5800000| Complete 
| 364|0x00000004b6000000, 0x00000004b6800000, 0x00000004b6800000|100%|HC|  |TAMS 0x00000004b6000000| PB 0x00000004b6000000| Complete 
| 365|0x00000004b6800000, 0x00000004b7000000, 0x00000004b7000000|100%|HC|  |TAMS 0x00000004b6800000| PB 0x00000004b6800000| Complete 
| 366|0x00000004b7000000, 0x00000004b7800000, 0x00000004b7800000|100%|HC|  |TAMS 0x00000004b7000000| PB 0x00000004b7000000| Complete 
| 367|0x00000004b7800000, 0x00000004b8000000, 0x00000004b8000000|100%|HC|  |TAMS 0x00000004b7800000| PB 0x00000004b7800000| Complete 
| 368|0x00000004b8000000, 0x00000004b8800000, 0x00000004b8800000|100%|HC|  |TAMS 0x00000004b8000000| PB 0x00000004b8000000| Complete 
| 369|0x00000004b8800000, 0x00000004b9000000, 0x00000004b9000000|100%|HC|  |TAMS 0x00000004b8800000| PB 0x00000004b8800000| Complete 
| 370|0x00000004b9000000, 0x00000004b9800000, 0x00000004b9800000|100%|HC|  |TAMS 0x00000004b9000000| PB 0x00000004b9000000| Complete 
| 371|0x00000004b9800000, 0x00000004ba000000, 0x00000004ba000000|100%|HC|  |TAMS 0x00000004b9800000| PB 0x00000004b9800000| Complete 
| 372|0x00000004ba000000, 0x00000004ba800000, 0x00000004ba800000|100%|HC|  |TAMS 0x00000004ba000000| PB 0x00000004ba000000| Complete 
| 373|0x00000004ba800000, 0x00000004bb000000, 0x00000004bb000000|100%|HC|  |TAMS 0x00000004ba800000| PB 0x00000004ba800000| Complete 
| 374|0x00000004bb000000, 0x00000004bb800000, 0x00000004bb800000|100%|HC|  |TAMS 0x00000004bb000000| PB 0x00000004bb000000| Complete 
| 375|0x00000004bb800000, 0x00000004bc000000, 0x00000004bc000000|100%|HC|  |TAMS 0x00000004bb800000| PB 0x00000004bb800000| Complete 
| 376|0x00000004bc000000, 0x00000004bc800000, 0x00000004bc800000|100%|HC|  |TAMS 0x00000004bc000000| PB 0x00000004bc000000| Complete 
| 377|0x00000004bc800000, 0x00000004bd000000, 0x00000004bd000000|100%|HC|  |TAMS 0x00000004bc800000| PB 0x00000004bc800000| Complete 
| 378|0x00000004bd000000, 0x00000004bd800000, 0x00000004bd800000|100%|HC|  |TAMS 0x00000004bd000000| PB 0x00000004bd000000| Complete 
| 379|0x00000004bd800000, 0x00000004be000000, 0x00000004be000000|100%|HC|  |TAMS 0x00000004bd800000| PB 0x00000004bd800000| Complete 
| 380|0x00000004be000000, 0x00000004be800000, 0x00000004be800000|100%|HC|  |TAMS 0x00000004be000000| PB 0x00000004be000000| Complete 
| 381|0x00000004be800000, 0x00000004bf000000, 0x00000004bf000000|100%|HC|  |TAMS 0x00000004be800000| PB 0x00000004be800000| Complete 
| 382|0x00000004bf000000, 0x00000004bf800000, 0x00000004bf800000|100%|HC|  |TAMS 0x00000004bf000000| PB 0x00000004bf000000| Complete 
| 383|0x00000004bf800000, 0x00000004c0000000, 0x00000004c0000000|100%|HC|  |TAMS 0x00000004bf800000| PB 0x00000004bf800000| Complete 
| 384|0x00000004c0000000, 0x00000004c0800000, 0x00000004c0800000|100%|HC|  |TAMS 0x00000004c0000000| PB 0x00000004c0000000| Complete 
| 385|0x00000004c0800000, 0x00000004c1000000, 0x00000004c1000000|100%|HC|  |TAMS 0x00000004c0800000| PB 0x00000004c0800000| Complete 
| 386|0x00000004c1000000, 0x00000004c1800000, 0x00000004c1800000|100%|HC|  |TAMS 0x00000004c1000000| PB 0x00000004c1000000| Complete 
| 387|0x00000004c1800000, 0x00000004c2000000, 0x00000004c2000000|100%|HC|  |TAMS 0x00000004c1800000| PB 0x00000004c1800000| Complete 
| 388|0x00000004c2000000, 0x00000004c2800000, 0x00000004c2800000|100%|HC|  |TAMS 0x00000004c2000000| PB 0x00000004c2000000| Complete 
| 389|0x00000004c2800000, 0x00000004c3000000, 0x00000004c3000000|100%|HC|  |TAMS 0x00000004c2800000| PB 0x00000004c2800000| Complete 
| 390|0x00000004c3000000, 0x00000004c3800000, 0x00000004c3800000|100%|HC|  |TAMS 0x00000004c3000000| PB 0x00000004c3000000| Complete 
| 391|0x00000004c3800000, 0x00000004c4000000, 0x00000004c4000000|100%|HC|  |TAMS 0x00000004c3800000| PB 0x00000004c3800000| Complete 
| 392|0x00000004c4000000, 0x00000004c4800000, 0x00000004c4800000|100%|HC|  |TAMS 0x00000004c4000000| PB 0x00000004c4000000| Complete 
| 393|0x00000004c4800000, 0x00000004c5000000, 0x00000004c5000000|100%|HC|  |TAMS 0x00000004c4800000| PB 0x00000004c4800000| Complete 
| 394|0x00000004c5000000, 0x00000004c5800000, 0x00000004c5800000|100%|HC|  |TAMS 0x00000004c5000000| PB 0x00000004c5000000| Complete 
| 395|0x00000004c5800000, 0x00000004c6000000, 0x00000004c6000000|100%|HC|  |TAMS 0x00000004c5800000| PB 0x00000004c5800000| Complete 
| 396|0x00000004c6000000, 0x00000004c6800000, 0x00000004c6800000|100%|HC|  |TAMS 0x00000004c6000000| PB 0x00000004c6000000| Complete 
| 397|0x00000004c6800000, 0x00000004c7000000, 0x00000004c7000000|100%|HC|  |TAMS 0x00000004c6800000| PB 0x00000004c6800000| Complete 
| 398|0x00000004c7000000, 0x00000004c7800000, 0x00000004c7800000|100%|HC|  |TAMS 0x00000004c7000000| PB 0x00000004c7000000| Complete 
| 399|0x00000004c7800000, 0x00000004c8000000, 0x00000004c8000000|100%|HC|  |TAMS 0x00000004c7800000| PB 0x00000004c7800000| Complete 
| 400|0x00000004c8000000, 0x00000004c8800000, 0x00000004c8800000|100%|HC|  |TAMS 0x00000004c8000000| PB 0x00000004c8000000| Complete 
| 401|0x00000004c8800000, 0x00000004c9000000, 0x00000004c9000000|100%|HC|  |TAMS 0x00000004c8800000| PB 0x00000004c8800000| Complete 
| 402|0x00000004c9000000, 0x00000004c9800000, 0x00000004c9800000|100%|HC|  |TAMS 0x00000004c9000000| PB 0x00000004c9000000| Complete 
| 403|0x00000004c9800000, 0x00000004ca000000, 0x00000004ca000000|100%|HC|  |TAMS 0x00000004c9800000| PB 0x00000004c9800000| Complete 
| 404|0x00000004ca000000, 0x00000004ca800000, 0x00000004ca800000|100%|HC|  |TAMS 0x00000004ca000000| PB 0x00000004ca000000| Complete 
| 405|0x00000004ca800000, 0x00000004cb000000, 0x00000004cb000000|100%|HC|  |TAMS 0x00000004ca800000| PB 0x00000004ca800000| Complete 
| 406|0x00000004cb000000, 0x00000004cb800000, 0x00000004cb800000|100%|HC|  |TAMS 0x00000004cb000000| PB 0x00000004cb000000| Complete 
| 407|0x00000004cb800000, 0x00000004cc000000, 0x00000004cc000000|100%|HC|  |TAMS 0x00000004cb800000| PB 0x00000004cb800000| Complete 
| 408|0x00000004cc000000, 0x00000004cc800000, 0x00000004cc800000|100%|HC|  |TAMS 0x00000004cc000000| PB 0x00000004cc000000| Complete 
| 409|0x00000004cc800000, 0x00000004cd000000, 0x00000004cd000000|100%|HC|  |TAMS 0x00000004cc800000| PB 0x00000004cc800000| Complete 
| 410|0x00000004cd000000, 0x00000004cd800000, 0x00000004cd800000|100%|HC|  |TAMS 0x00000004cd000000| PB 0x00000004cd000000| Complete 
| 411|0x00000004cd800000, 0x00000004ce000000, 0x00000004ce000000|100%|HC|  |TAMS 0x00000004cd800000| PB 0x00000004cd800000| Complete 
| 412|0x00000004ce000000, 0x00000004ce800000, 0x00000004ce800000|100%|HC|  |TAMS 0x00000004ce000000| PB 0x00000004ce000000| Complete 
| 413|0x00000004ce800000, 0x00000004cf000000, 0x00000004cf000000|100%|HC|  |TAMS 0x00000004ce800000| PB 0x00000004ce800000| Complete 
| 414|0x00000004cf000000, 0x00000004cf800000, 0x00000004cf800000|100%|HC|  |TAMS 0x00000004cf000000| PB 0x00000004cf000000| Complete 
| 415|0x00000004cf800000, 0x00000004d0000000, 0x00000004d0000000|100%|HC|  |TAMS 0x00000004cf800000| PB 0x00000004cf800000| Complete 
| 416|0x00000004d0000000, 0x00000004d0800000, 0x00000004d0800000|100%|HC|  |TAMS 0x00000004d0000000| PB 0x00000004d0000000| Complete 
| 417|0x00000004d0800000, 0x00000004d1000000, 0x00000004d1000000|100%|HC|  |TAMS 0x00000004d0800000| PB 0x00000004d0800000| Complete 
| 418|0x00000004d1000000, 0x00000004d1800000, 0x00000004d1800000|100%|HC|  |TAMS 0x00000004d1000000| PB 0x00000004d1000000| Complete 
| 419|0x00000004d1800000, 0x00000004d2000000, 0x00000004d2000000|100%|HC|  |TAMS 0x00000004d1800000| PB 0x00000004d1800000| Complete 
| 420|0x00000004d2000000, 0x00000004d2800000, 0x00000004d2800000|100%|HC|  |TAMS 0x00000004d2000000| PB 0x00000004d2000000| Complete 
| 421|0x00000004d2800000, 0x00000004d3000000, 0x00000004d3000000|100%|HC|  |TAMS 0x00000004d2800000| PB 0x00000004d2800000| Complete 
| 422|0x00000004d3000000, 0x00000004d3800000, 0x00000004d3800000|100%|HC|  |TAMS 0x00000004d3000000| PB 0x00000004d3000000| Complete 
| 423|0x00000004d3800000, 0x00000004d4000000, 0x00000004d4000000|100%|HC|  |TAMS 0x00000004d3800000| PB 0x00000004d3800000| Complete 
| 424|0x00000004d4000000, 0x00000004d4800000, 0x00000004d4800000|100%|HC|  |TAMS 0x00000004d4000000| PB 0x00000004d4000000| Complete 
| 425|0x00000004d4800000, 0x00000004d5000000, 0x00000004d5000000|100%|HC|  |TAMS 0x00000004d4800000| PB 0x00000004d4800000| Complete 
| 426|0x00000004d5000000, 0x00000004d5800000, 0x00000004d5800000|100%|HC|  |TAMS 0x00000004d5000000| PB 0x00000004d5000000| Complete 
| 427|0x00000004d5800000, 0x00000004d6000000, 0x00000004d6000000|100%|HC|  |TAMS 0x00000004d5800000| PB 0x00000004d5800000| Complete 
| 428|0x00000004d6000000, 0x00000004d6800000, 0x00000004d6800000|100%|HC|  |TAMS 0x00000004d6000000| PB 0x00000004d6000000| Complete 
| 429|0x00000004d6800000, 0x00000004d7000000, 0x00000004d7000000|100%|HC|  |TAMS 0x00000004d6800000| PB 0x00000004d6800000| Complete 
| 430|0x00000004d7000000, 0x00000004d7800000, 0x00000004d7800000|100%|HC|  |TAMS 0x00000004d7000000| PB 0x00000004d7000000| Complete 
| 431|0x00000004d7800000, 0x00000004d8000000, 0x00000004d8000000|100%|HC|  |TAMS 0x00000004d7800000| PB 0x00000004d7800000| Complete 
| 432|0x00000004d8000000, 0x00000004d8800000, 0x00000004d8800000|100%|HC|  |TAMS 0x00000004d8000000| PB 0x00000004d8000000| Complete 
| 433|0x00000004d8800000, 0x00000004d9000000, 0x00000004d9000000|100%|HC|  |TAMS 0x00000004d8800000| PB 0x00000004d8800000| Complete 
| 434|0x00000004d9000000, 0x00000004d9800000, 0x00000004d9800000|100%|HC|  |TAMS 0x00000004d9000000| PB 0x00000004d9000000| Complete 
| 435|0x00000004d9800000, 0x00000004da000000, 0x00000004da000000|100%|HC|  |TAMS 0x00000004d9800000| PB 0x00000004d9800000| Complete 
| 436|0x00000004da000000, 0x00000004da800000, 0x00000004da800000|100%|HC|  |TAMS 0x00000004da000000| PB 0x00000004da000000| Complete 
| 437|0x00000004da800000, 0x00000004db000000, 0x00000004db000000|100%|HC|  |TAMS 0x00000004da800000| PB 0x00000004da800000| Complete 
| 438|0x00000004db000000, 0x00000004db800000, 0x00000004db800000|100%|HC|  |TAMS 0x00000004db000000| PB 0x00000004db000000| Complete 
| 439|0x00000004db800000, 0x00000004dc000000, 0x00000004dc000000|100%|HC|  |TAMS 0x00000004db800000| PB 0x00000004db800000| Complete 
| 440|0x00000004dc000000, 0x00000004dc800000, 0x00000004dc800000|100%|HC|  |TAMS 0x00000004dc000000| PB 0x00000004dc000000| Complete 
| 441|0x00000004dc800000, 0x00000004dd000000, 0x00000004dd000000|100%|HC|  |TAMS 0x00000004dc800000| PB 0x00000004dc800000| Complete 
| 442|0x00000004dd000000, 0x00000004dd800000, 0x00000004dd800000|100%|HC|  |TAMS 0x00000004dd000000| PB 0x00000004dd000000| Complete 
| 443|0x00000004dd800000, 0x00000004de000000, 0x00000004de000000|100%|HC|  |TAMS 0x00000004dd800000| PB 0x00000004dd800000| Complete 
| 444|0x00000004de000000, 0x00000004de800000, 0x00000004de800000|100%|HC|  |TAMS 0x00000004de000000| PB 0x00000004de000000| Complete 
| 445|0x00000004de800000, 0x00000004df000000, 0x00000004df000000|100%|HC|  |TAMS 0x00000004de800000| PB 0x00000004de800000| Complete 
| 446|0x00000004df000000, 0x00000004df800000, 0x00000004df800000|100%|HC|  |TAMS 0x00000004df000000| PB 0x00000004df000000| Complete 
| 447|0x00000004df800000, 0x00000004e0000000, 0x00000004e0000000|100%|HC|  |TAMS 0x00000004df800000| PB 0x00000004df800000| Complete 
| 448|0x00000004e0000000, 0x00000004e0800000, 0x00000004e0800000|100%|HC|  |TAMS 0x00000004e0000000| PB 0x00000004e0000000| Complete 
| 449|0x00000004e0800000, 0x00000004e1000000, 0x00000004e1000000|100%|HC|  |TAMS 0x00000004e0800000| PB 0x00000004e0800000| Complete 
| 450|0x00000004e1000000, 0x00000004e1800000, 0x00000004e1800000|100%|HC|  |TAMS 0x00000004e1000000| PB 0x00000004e1000000| Complete 
| 451|0x00000004e1800000, 0x00000004e2000000, 0x00000004e2000000|100%|HC|  |TAMS 0x00000004e1800000| PB 0x00000004e1800000| Complete 
| 452|0x00000004e2000000, 0x00000004e2800000, 0x00000004e2800000|100%|HC|  |TAMS 0x00000004e2000000| PB 0x00000004e2000000| Complete 
| 453|0x00000004e2800000, 0x00000004e3000000, 0x00000004e3000000|100%|HC|  |TAMS 0x00000004e2800000| PB 0x00000004e2800000| Complete 
| 454|0x00000004e3000000, 0x00000004e3800000, 0x00000004e3800000|100%|HC|  |TAMS 0x00000004e3000000| PB 0x00000004e3000000| Complete 
| 455|0x00000004e3800000, 0x00000004e4000000, 0x00000004e4000000|100%|HC|  |TAMS 0x00000004e3800000| PB 0x00000004e3800000| Complete 
| 456|0x00000004e4000000, 0x00000004e4800000, 0x00000004e4800000|100%|HC|  |TAMS 0x00000004e4000000| PB 0x00000004e4000000| Complete 
| 457|0x00000004e4800000, 0x00000004e5000000, 0x00000004e5000000|100%|HC|  |TAMS 0x00000004e4800000| PB 0x00000004e4800000| Complete 
| 458|0x00000004e5000000, 0x00000004e5800000, 0x00000004e5800000|100%|HC|  |TAMS 0x00000004e5000000| PB 0x00000004e5000000| Complete 
| 459|0x00000004e5800000, 0x00000004e6000000, 0x00000004e6000000|100%|HC|  |TAMS 0x00000004e5800000| PB 0x00000004e5800000| Complete 
| 460|0x00000004e6000000, 0x00000004e6800000, 0x00000004e6800000|100%|HC|  |TAMS 0x00000004e6000000| PB 0x00000004e6000000| Complete 
| 461|0x00000004e6800000, 0x00000004e7000000, 0x00000004e7000000|100%|HC|  |TAMS 0x00000004e6800000| PB 0x00000004e6800000| Complete 
| 462|0x00000004e7000000, 0x00000004e7800000, 0x00000004e7800000|100%|HC|  |TAMS 0x00000004e7000000| PB 0x00000004e7000000| Complete 
| 463|0x00000004e7800000, 0x00000004e8000000, 0x00000004e8000000|100%|HC|  |TAMS 0x00000004e7800000| PB 0x00000004e7800000| Complete 
| 464|0x00000004e8000000, 0x00000004e8800000, 0x00000004e8800000|100%|HC|  |TAMS 0x00000004e8000000| PB 0x00000004e8000000| Complete 
| 465|0x00000004e8800000, 0x00000004e9000000, 0x00000004e9000000|100%|HC|  |TAMS 0x00000004e8800000| PB 0x00000004e8800000| Complete 
| 466|0x00000004e9000000, 0x00000004e9800000, 0x00000004e9800000|100%|HC|  |TAMS 0x00000004e9000000| PB 0x00000004e9000000| Complete 
| 467|0x00000004e9800000, 0x00000004ea000000, 0x00000004ea000000|100%|HC|  |TAMS 0x00000004e9800000| PB 0x00000004e9800000| Complete 
| 468|0x00000004ea000000, 0x00000004ea800000, 0x00000004ea800000|100%|HC|  |TAMS 0x00000004ea000000| PB 0x00000004ea000000| Complete 
| 469|0x00000004ea800000, 0x00000004eb000000, 0x00000004eb000000|100%|HC|  |TAMS 0x00000004ea800000| PB 0x00000004ea800000| Complete 
| 470|0x00000004eb000000, 0x00000004eb800000, 0x00000004eb800000|100%|HC|  |TAMS 0x00000004eb000000| PB 0x00000004eb000000| Complete 
| 471|0x00000004eb800000, 0x00000004ec000000, 0x00000004ec000000|100%|HC|  |TAMS 0x00000004eb800000| PB 0x00000004eb800000| Complete 
| 472|0x00000004ec000000, 0x00000004ec800000, 0x00000004ec800000|100%|HC|  |TAMS 0x00000004ec000000| PB 0x00000004ec000000| Complete 
| 473|0x00000004ec800000, 0x00000004ed000000, 0x00000004ed000000|100%|HC|  |TAMS 0x00000004ec800000| PB 0x00000004ec800000| Complete 
| 474|0x00000004ed000000, 0x00000004ed800000, 0x00000004ed800000|100%|HC|  |TAMS 0x00000004ed000000| PB 0x00000004ed000000| Complete 
| 475|0x00000004ed800000, 0x00000004ee000000, 0x00000004ee000000|100%|HC|  |TAMS 0x00000004ed800000| PB 0x00000004ed800000| Complete 
| 476|0x00000004ee000000, 0x00000004ee800000, 0x00000004ee800000|100%|HC|  |TAMS 0x00000004ee000000| PB 0x00000004ee000000| Complete 
| 477|0x00000004ee800000, 0x00000004ef000000, 0x00000004ef000000|100%|HC|  |TAMS 0x00000004ee800000| PB 0x00000004ee800000| Complete 
| 478|0x00000004ef000000, 0x00000004ef800000, 0x00000004ef800000|100%|HC|  |TAMS 0x00000004ef000000| PB 0x00000004ef000000| Complete 
| 479|0x00000004ef800000, 0x00000004f0000000, 0x00000004f0000000|100%|HC|  |TAMS 0x00000004ef800000| PB 0x00000004ef800000| Complete 
| 480|0x00000004f0000000, 0x00000004f0800000, 0x00000004f0800000|100%|HC|  |TAMS 0x00000004f0000000| PB 0x00000004f0000000| Complete 
| 481|0x00000004f0800000, 0x00000004f1000000, 0x00000004f1000000|100%|HC|  |TAMS 0x00000004f0800000| PB 0x00000004f0800000| Complete 
| 482|0x00000004f1000000, 0x00000004f1800000, 0x00000004f1800000|100%|HC|  |TAMS 0x00000004f1000000| PB 0x00000004f1000000| Complete 
| 483|0x00000004f1800000, 0x00000004f2000000, 0x00000004f2000000|100%|HC|  |TAMS 0x00000004f1800000| PB 0x00000004f1800000| Complete 
| 484|0x00000004f2000000, 0x00000004f2800000, 0x00000004f2800000|100%|HC|  |TAMS 0x00000004f2000000| PB 0x00000004f2000000| Complete 
| 485|0x00000004f2800000, 0x00000004f3000000, 0x00000004f3000000|100%|HC|  |TAMS 0x00000004f2800000| PB 0x00000004f2800000| Complete 
| 486|0x00000004f3000000, 0x00000004f3800000, 0x00000004f3800000|100%|HC|  |TAMS 0x00000004f3000000| PB 0x00000004f3000000| Complete 
| 487|0x00000004f3800000, 0x00000004f4000000, 0x00000004f4000000|100%|HC|  |TAMS 0x00000004f3800000| PB 0x00000004f3800000| Complete 
| 488|0x00000004f4000000, 0x00000004f4800000, 0x00000004f4800000|100%|HC|  |TAMS 0x00000004f4000000| PB 0x00000004f4000000| Complete 
| 489|0x00000004f4800000, 0x00000004f5000000, 0x00000004f5000000|100%|HC|  |TAMS 0x00000004f4800000| PB 0x00000004f4800000| Complete 
| 490|0x00000004f5000000, 0x00000004f5800000, 0x00000004f5800000|100%|HC|  |TAMS 0x00000004f5000000| PB 0x00000004f5000000| Complete 
| 491|0x00000004f5800000, 0x00000004f6000000, 0x00000004f6000000|100%|HC|  |TAMS 0x00000004f5800000| PB 0x00000004f5800000| Complete 
| 492|0x00000004f6000000, 0x00000004f6800000, 0x00000004f6800000|100%|HC|  |TAMS 0x00000004f6000000| PB 0x00000004f6000000| Complete 
| 493|0x00000004f6800000, 0x00000004f7000000, 0x00000004f7000000|100%|HC|  |TAMS 0x00000004f6800000| PB 0x00000004f6800000| Complete 
| 494|0x00000004f7000000, 0x00000004f7800000, 0x00000004f7800000|100%|HC|  |TAMS 0x00000004f7000000| PB 0x00000004f7000000| Complete 
| 495|0x00000004f7800000, 0x00000004f8000000, 0x00000004f8000000|100%|HC|  |TAMS 0x00000004f7800000| PB 0x00000004f7800000| Complete 
| 496|0x00000004f8000000, 0x00000004f8800000, 0x00000004f8800000|100%|HC|  |TAMS 0x00000004f8000000| PB 0x00000004f8000000| Complete 
| 497|0x00000004f8800000, 0x00000004f9000000, 0x00000004f9000000|100%|HC|  |TAMS 0x00000004f8800000| PB 0x00000004f8800000| Complete 
| 498|0x00000004f9000000, 0x00000004f9800000, 0x00000004f9800000|100%|HC|  |TAMS 0x00000004f9000000| PB 0x00000004f9000000| Complete 
| 499|0x00000004f9800000, 0x00000004fa000000, 0x00000004fa000000|100%|HC|  |TAMS 0x00000004f9800000| PB 0x00000004f9800000| Complete 
| 500|0x00000004fa000000, 0x00000004fa800000, 0x00000004fa800000|100%|HC|  |TAMS 0x00000004fa000000| PB 0x00000004fa000000| Complete 
| 501|0x00000004fa800000, 0x00000004fb000000, 0x00000004fb000000|100%|HC|  |TAMS 0x00000004fa800000| PB 0x00000004fa800000| Complete 
| 502|0x00000004fb000000, 0x00000004fb800000, 0x00000004fb800000|100%|HC|  |TAMS 0x00000004fb000000| PB 0x00000004fb000000| Complete 
| 503|0x00000004fb800000, 0x00000004fc000000, 0x00000004fc000000|100%|HC|  |TAMS 0x00000004fb800000| PB 0x00000004fb800000| Complete 
| 504|0x00000004fc000000, 0x00000004fc800000, 0x00000004fc800000|100%|HC|  |TAMS 0x00000004fc000000| PB 0x00000004fc000000| Complete 
| 505|0x00000004fc800000, 0x00000004fd000000, 0x00000004fd000000|100%|HC|  |TAMS 0x00000004fc800000| PB 0x00000004fc800000| Complete 
| 506|0x00000004fd000000, 0x00000004fd800000, 0x00000004fd800000|100%|HC|  |TAMS 0x00000004fd000000| PB 0x00000004fd000000| Complete 
| 507|0x00000004fd800000, 0x00000004fe000000, 0x00000004fe000000|100%|HC|  |TAMS 0x00000004fd800000| PB 0x00000004fd800000| Complete 
| 508|0x00000004fe000000, 0x00000004fe800000, 0x00000004fe800000|100%|HC|  |TAMS 0x00000004fe000000| PB 0x00000004fe000000| Complete 
| 509|0x00000004fe800000, 0x00000004ff000000, 0x00000004ff000000|100%|HC|  |TAMS 0x00000004fe800000| PB 0x00000004fe800000| Complete 
| 510|0x00000004ff000000, 0x00000004ff800000, 0x00000004ff800000|100%|HC|  |TAMS 0x00000004ff000000| PB 0x00000004ff000000| Complete 
| 511|0x00000004ff800000, 0x0000000500000000, 0x0000000500000000|100%|HC|  |TAMS 0x00000004ff800000| PB 0x00000004ff800000| Complete 
| 512|0x0000000500000000, 0x0000000500800000, 0x0000000500800000|100%|HC|  |TAMS 0x0000000500000000| PB 0x0000000500000000| Complete 
| 513|0x0000000500800000, 0x0000000501000000, 0x0000000501000000|100%|HC|  |TAMS 0x0000000500800000| PB 0x0000000500800000| Complete 
| 514|0x0000000501000000, 0x0000000501800000, 0x0000000501800000|100%|HC|  |TAMS 0x0000000501000000| PB 0x0000000501000000| Complete 
| 515|0x0000000501800000, 0x0000000502000000, 0x0000000502000000|100%|HC|  |TAMS 0x0000000501800000| PB 0x0000000501800000| Complete 
| 516|0x0000000502000000, 0x0000000502800000, 0x0000000502800000|100%|HC|  |TAMS 0x0000000502000000| PB 0x0000000502000000| Complete 
| 517|0x0000000502800000, 0x0000000503000000, 0x0000000503000000|100%|HC|  |TAMS 0x0000000502800000| PB 0x0000000502800000| Complete 
| 518|0x0000000503000000, 0x0000000503800000, 0x0000000503800000|100%|HC|  |TAMS 0x0000000503000000| PB 0x0000000503000000| Complete 
| 519|0x0000000503800000, 0x0000000504000000, 0x0000000504000000|100%|HC|  |TAMS 0x0000000503800000| PB 0x0000000503800000| Complete 
| 520|0x0000000504000000, 0x0000000504800000, 0x0000000504800000|100%|HC|  |TAMS 0x0000000504000000| PB 0x0000000504000000| Complete 
| 521|0x0000000504800000, 0x0000000505000000, 0x0000000505000000|100%|HC|  |TAMS 0x0000000504800000| PB 0x0000000504800000| Complete 
| 522|0x0000000505000000, 0x0000000505800000, 0x0000000505800000|100%|HC|  |TAMS 0x0000000505000000| PB 0x0000000505000000| Complete 
| 523|0x0000000505800000, 0x0000000506000000, 0x0000000506000000|100%|HC|  |TAMS 0x0000000505800000| PB 0x0000000505800000| Complete 
| 524|0x0000000506000000, 0x0000000506800000, 0x0000000506800000|100%|HC|  |TAMS 0x0000000506000000| PB 0x0000000506000000| Complete 
| 525|0x0000000506800000, 0x0000000507000000, 0x0000000507000000|100%|HC|  |TAMS 0x0000000506800000| PB 0x0000000506800000| Complete 
| 526|0x0000000507000000, 0x0000000507800000, 0x0000000507800000|100%|HC|  |TAMS 0x0000000507000000| PB 0x0000000507000000| Complete 
| 527|0x0000000507800000, 0x0000000508000000, 0x0000000508000000|100%|HC|  |TAMS 0x0000000507800000| PB 0x0000000507800000| Complete 
| 528|0x0000000508000000, 0x0000000508800000, 0x0000000508800000|100%|HC|  |TAMS 0x0000000508000000| PB 0x0000000508000000| Complete 
| 529|0x0000000508800000, 0x0000000509000000, 0x0000000509000000|100%|HC|  |TAMS 0x0000000508800000| PB 0x0000000508800000| Complete 
| 530|0x0000000509000000, 0x0000000509800000, 0x0000000509800000|100%|HC|  |TAMS 0x0000000509000000| PB 0x0000000509000000| Complete 
| 531|0x0000000509800000, 0x000000050a000000, 0x000000050a000000|100%|HC|  |TAMS 0x0000000509800000| PB 0x0000000509800000| Complete 
| 532|0x000000050a000000, 0x000000050a800000, 0x000000050a800000|100%|HC|  |TAMS 0x000000050a000000| PB 0x000000050a000000| Complete 
| 533|0x000000050a800000, 0x000000050b000000, 0x000000050b000000|100%|HC|  |TAMS 0x000000050a800000| PB 0x000000050a800000| Complete 
| 534|0x000000050b000000, 0x000000050b800000, 0x000000050b800000|100%|HC|  |TAMS 0x000000050b000000| PB 0x000000050b000000| Complete 
| 535|0x000000050b800000, 0x000000050c000000, 0x000000050c000000|100%|HC|  |TAMS 0x000000050b800000| PB 0x000000050b800000| Complete 
| 536|0x000000050c000000, 0x000000050c800000, 0x000000050c800000|100%|HC|  |TAMS 0x000000050c000000| PB 0x000000050c000000| Complete 
| 537|0x000000050c800000, 0x000000050d000000, 0x000000050d000000|100%|HC|  |TAMS 0x000000050c800000| PB 0x000000050c800000| Complete 
| 538|0x000000050d000000, 0x000000050d800000, 0x000000050d800000|100%|HC|  |TAMS 0x000000050d000000| PB 0x000000050d000000| Complete 
| 539|0x000000050d800000, 0x000000050e000000, 0x000000050e000000|100%|HC|  |TAMS 0x000000050d800000| PB 0x000000050d800000| Complete 
| 540|0x000000050e000000, 0x000000050e800000, 0x000000050e800000|100%|HC|  |TAMS 0x000000050e000000| PB 0x000000050e000000| Complete 
| 541|0x000000050e800000, 0x000000050f000000, 0x000000050f000000|100%|HC|  |TAMS 0x000000050e800000| PB 0x000000050e800000| Complete 
| 542|0x000000050f000000, 0x000000050f800000, 0x000000050f800000|100%|HC|  |TAMS 0x000000050f000000| PB 0x000000050f000000| Complete 
| 543|0x000000050f800000, 0x0000000510000000, 0x0000000510000000|100%|HC|  |TAMS 0x000000050f800000| PB 0x000000050f800000| Complete 
| 544|0x0000000510000000, 0x0000000510800000, 0x0000000510800000|100%|HC|  |TAMS 0x0000000510000000| PB 0x0000000510000000| Complete 
| 545|0x0000000510800000, 0x0000000511000000, 0x0000000511000000|100%|HC|  |TAMS 0x0000000510800000| PB 0x0000000510800000| Complete 
| 546|0x0000000511000000, 0x0000000511800000, 0x0000000511800000|100%|HC|  |TAMS 0x0000000511000000| PB 0x0000000511000000| Complete 
| 547|0x0000000511800000, 0x0000000512000000, 0x0000000512000000|100%|HC|  |TAMS 0x0000000511800000| PB 0x0000000511800000| Complete 
| 548|0x0000000512000000, 0x0000000512800000, 0x0000000512800000|100%|HC|  |TAMS 0x0000000512000000| PB 0x0000000512000000| Complete 
| 549|0x0000000512800000, 0x0000000513000000, 0x0000000513000000|100%|HC|  |TAMS 0x0000000512800000| PB 0x0000000512800000| Complete 
| 550|0x0000000513000000, 0x0000000513800000, 0x0000000513800000|100%|HC|  |TAMS 0x0000000513000000| PB 0x0000000513000000| Complete 
| 551|0x0000000513800000, 0x0000000514000000, 0x0000000514000000|100%|HC|  |TAMS 0x0000000513800000| PB 0x0000000513800000| Complete 
| 552|0x0000000514000000, 0x0000000514800000, 0x0000000514800000|100%|HC|  |TAMS 0x0000000514000000| PB 0x0000000514000000| Complete 
| 553|0x0000000514800000, 0x0000000515000000, 0x0000000515000000|100%|HC|  |TAMS 0x0000000514800000| PB 0x0000000514800000| Complete 
| 554|0x0000000515000000, 0x0000000515800000, 0x0000000515800000|100%|HC|  |TAMS 0x0000000515000000| PB 0x0000000515000000| Complete 
| 555|0x0000000515800000, 0x0000000516000000, 0x0000000516000000|100%|HC|  |TAMS 0x0000000515800000| PB 0x0000000515800000| Complete 
| 556|0x0000000516000000, 0x0000000516800000, 0x0000000516800000|100%|HC|  |TAMS 0x0000000516000000| PB 0x0000000516000000| Complete 
| 557|0x0000000516800000, 0x0000000517000000, 0x0000000517000000|100%|HC|  |TAMS 0x0000000516800000| PB 0x0000000516800000| Complete 
| 558|0x0000000517000000, 0x0000000517800000, 0x0000000517800000|100%|HC|  |TAMS 0x0000000517000000| PB 0x0000000517000000| Complete 
| 559|0x0000000517800000, 0x0000000518000000, 0x0000000518000000|100%|HC|  |TAMS 0x0000000517800000| PB 0x0000000517800000| Complete 
| 560|0x0000000518000000, 0x0000000518800000, 0x0000000518800000|100%|HC|  |TAMS 0x0000000518000000| PB 0x0000000518000000| Complete 
| 561|0x0000000518800000, 0x0000000519000000, 0x0000000519000000|100%|HC|  |TAMS 0x0000000518800000| PB 0x0000000518800000| Complete 
| 562|0x0000000519000000, 0x0000000519800000, 0x0000000519800000|100%|HC|  |TAMS 0x0000000519000000| PB 0x0000000519000000| Complete 
| 563|0x0000000519800000, 0x000000051a000000, 0x000000051a000000|100%|HC|  |TAMS 0x0000000519800000| PB 0x0000000519800000| Complete 
| 564|0x000000051a000000, 0x000000051a800000, 0x000000051a800000|100%|HC|  |TAMS 0x000000051a000000| PB 0x000000051a000000| Complete 
| 565|0x000000051a800000, 0x000000051b000000, 0x000000051b000000|100%|HC|  |TAMS 0x000000051a800000| PB 0x000000051a800000| Complete 
| 566|0x000000051b000000, 0x000000051b800000, 0x000000051b800000|100%|HC|  |TAMS 0x000000051b000000| PB 0x000000051b000000| Complete 
| 567|0x000000051b800000, 0x000000051c000000, 0x000000051c000000|100%|HC|  |TAMS 0x000000051b800000| PB 0x000000051b800000| Complete 
| 568|0x000000051c000000, 0x000000051c800000, 0x000000051c800000|100%|HC|  |TAMS 0x000000051c000000| PB 0x000000051c000000| Complete 
| 569|0x000000051c800000, 0x000000051d000000, 0x000000051d000000|100%|HC|  |TAMS 0x000000051c800000| PB 0x000000051c800000| Complete 
| 570|0x000000051d000000, 0x000000051d800000, 0x000000051d800000|100%|HC|  |TAMS 0x000000051d000000| PB 0x000000051d000000| Complete 
| 571|0x000000051d800000, 0x000000051e000000, 0x000000051e000000|100%|HC|  |TAMS 0x000000051d800000| PB 0x000000051d800000| Complete 
| 572|0x000000051e000000, 0x000000051e800000, 0x000000051e800000|100%|HC|  |TAMS 0x000000051e000000| PB 0x000000051e000000| Complete 
| 573|0x000000051e800000, 0x000000051f000000, 0x000000051f000000|100%|HC|  |TAMS 0x000000051e800000| PB 0x000000051e800000| Complete 
| 574|0x000000051f000000, 0x000000051f800000, 0x000000051f800000|100%|HC|  |TAMS 0x000000051f000000| PB 0x000000051f000000| Complete 
| 575|0x000000051f800000, 0x0000000520000000, 0x0000000520000000|100%|HC|  |TAMS 0x000000051f800000| PB 0x000000051f800000| Complete 
| 576|0x0000000520000000, 0x0000000520800000, 0x0000000520800000|100%|HC|  |TAMS 0x0000000520000000| PB 0x0000000520000000| Complete 
| 577|0x0000000520800000, 0x0000000521000000, 0x0000000521000000|100%|HC|  |TAMS 0x0000000520800000| PB 0x0000000520800000| Complete 
| 578|0x0000000521000000, 0x0000000521800000, 0x0000000521800000|100%|HC|  |TAMS 0x0000000521000000| PB 0x0000000521000000| Complete 
| 579|0x0000000521800000, 0x0000000522000000, 0x0000000522000000|100%|HC|  |TAMS 0x0000000521800000| PB 0x0000000521800000| Complete 
| 580|0x0000000522000000, 0x0000000522800000, 0x0000000522800000|100%|HC|  |TAMS 0x0000000522000000| PB 0x0000000522000000| Complete 
| 581|0x0000000522800000, 0x0000000523000000, 0x0000000523000000|100%|HC|  |TAMS 0x0000000522800000| PB 0x0000000522800000| Complete 
| 582|0x0000000523000000, 0x0000000523800000, 0x0000000523800000|100%|HC|  |TAMS 0x0000000523000000| PB 0x0000000523000000| Complete 
| 583|0x0000000523800000, 0x0000000524000000, 0x0000000524000000|100%|HC|  |TAMS 0x0000000523800000| PB 0x0000000523800000| Complete 
| 584|0x0000000524000000, 0x0000000524800000, 0x0000000524800000|100%|HC|  |TAMS 0x0000000524000000| PB 0x0000000524000000| Complete 
| 585|0x0000000524800000, 0x0000000525000000, 0x0000000525000000|100%|HC|  |TAMS 0x0000000524800000| PB 0x0000000524800000| Complete 
| 586|0x0000000525000000, 0x0000000525800000, 0x0000000525800000|100%|HC|  |TAMS 0x0000000525000000| PB 0x0000000525000000| Complete 
| 587|0x0000000525800000, 0x0000000526000000, 0x0000000526000000|100%|HC|  |TAMS 0x0000000525800000| PB 0x0000000525800000| Complete 
| 588|0x0000000526000000, 0x0000000526800000, 0x0000000526800000|100%|HC|  |TAMS 0x0000000526000000| PB 0x0000000526000000| Complete 
| 589|0x0000000526800000, 0x0000000527000000, 0x0000000527000000|100%|HC|  |TAMS 0x0000000526800000| PB 0x0000000526800000| Complete 
| 590|0x0000000527000000, 0x0000000527800000, 0x0000000527800000|100%|HC|  |TAMS 0x0000000527000000| PB 0x0000000527000000| Complete 
| 591|0x0000000527800000, 0x0000000528000000, 0x0000000528000000|100%|HC|  |TAMS 0x0000000527800000| PB 0x0000000527800000| Complete 
| 592|0x0000000528000000, 0x0000000528800000, 0x0000000528800000|100%|HC|  |TAMS 0x0000000528000000| PB 0x0000000528000000| Complete 
| 593|0x0000000528800000, 0x0000000529000000, 0x0000000529000000|100%|HC|  |TAMS 0x0000000528800000| PB 0x0000000528800000| Complete 
| 594|0x0000000529000000, 0x0000000529800000, 0x0000000529800000|100%|HC|  |TAMS 0x0000000529000000| PB 0x0000000529000000| Complete 
| 595|0x0000000529800000, 0x000000052a000000, 0x000000052a000000|100%|HC|  |TAMS 0x0000000529800000| PB 0x0000000529800000| Complete 
| 596|0x000000052a000000, 0x000000052a800000, 0x000000052a800000|100%|HC|  |TAMS 0x000000052a000000| PB 0x000000052a000000| Complete 
| 597|0x000000052a800000, 0x000000052b000000, 0x000000052b000000|100%|HC|  |TAMS 0x000000052a800000| PB 0x000000052a800000| Complete 
| 598|0x000000052b000000, 0x000000052b800000, 0x000000052b800000|100%|HC|  |TAMS 0x000000052b000000| PB 0x000000052b000000| Complete 
| 599|0x000000052b800000, 0x000000052c000000, 0x000000052c000000|100%|HC|  |TAMS 0x000000052b800000| PB 0x000000052b800000| Complete 
| 600|0x000000052c000000, 0x000000052c800000, 0x000000052c800000|100%|HC|  |TAMS 0x000000052c000000| PB 0x000000052c000000| Complete 
| 601|0x000000052c800000, 0x000000052d000000, 0x000000052d000000|100%|HC|  |TAMS 0x000000052c800000| PB 0x000000052c800000| Complete 
| 602|0x000000052d000000, 0x000000052d800000, 0x000000052d800000|100%|HC|  |TAMS 0x000000052d000000| PB 0x000000052d000000| Complete 
| 603|0x000000052d800000, 0x000000052e000000, 0x000000052e000000|100%|HC|  |TAMS 0x000000052d800000| PB 0x000000052d800000| Complete 
| 604|0x000000052e000000, 0x000000052e800000, 0x000000052e800000|100%|HC|  |TAMS 0x000000052e000000| PB 0x000000052e000000| Complete 
| 605|0x000000052e800000, 0x000000052f000000, 0x000000052f000000|100%|HC|  |TAMS 0x000000052e800000| PB 0x000000052e800000| Complete 
| 606|0x000000052f000000, 0x000000052f800000, 0x000000052f800000|100%|HC|  |TAMS 0x000000052f000000| PB 0x000000052f000000| Complete 
| 607|0x000000052f800000, 0x0000000530000000, 0x0000000530000000|100%|HC|  |TAMS 0x000000052f800000| PB 0x000000052f800000| Complete 
| 608|0x0000000530000000, 0x0000000530800000, 0x0000000530800000|100%|HC|  |TAMS 0x0000000530000000| PB 0x0000000530000000| Complete 
| 609|0x0000000530800000, 0x0000000531000000, 0x0000000531000000|100%|HC|  |TAMS 0x0000000530800000| PB 0x0000000530800000| Complete 
| 610|0x0000000531000000, 0x0000000531800000, 0x0000000531800000|100%|HC|  |TAMS 0x0000000531000000| PB 0x0000000531000000| Complete 
| 611|0x0000000531800000, 0x0000000532000000, 0x0000000532000000|100%|HC|  |TAMS 0x0000000531800000| PB 0x0000000531800000| Complete 
| 612|0x0000000532000000, 0x0000000532800000, 0x0000000532800000|100%|HC|  |TAMS 0x0000000532000000| PB 0x0000000532000000| Complete 
| 613|0x0000000532800000, 0x0000000533000000, 0x0000000533000000|100%|HC|  |TAMS 0x0000000532800000| PB 0x0000000532800000| Complete 
| 614|0x0000000533000000, 0x0000000533800000, 0x0000000533800000|100%|HC|  |TAMS 0x0000000533000000| PB 0x0000000533000000| Complete 
| 615|0x0000000533800000, 0x0000000534000000, 0x0000000534000000|100%|HC|  |TAMS 0x0000000533800000| PB 0x0000000533800000| Complete 
| 616|0x0000000534000000, 0x0000000534800000, 0x0000000534800000|100%|HC|  |TAMS 0x0000000534000000| PB 0x0000000534000000| Complete 
| 617|0x0000000534800000, 0x0000000535000000, 0x0000000535000000|100%|HC|  |TAMS 0x0000000534800000| PB 0x0000000534800000| Complete 
| 618|0x0000000535000000, 0x0000000535800000, 0x0000000535800000|100%|HC|  |TAMS 0x0000000535000000| PB 0x0000000535000000| Complete 
| 619|0x0000000535800000, 0x0000000536000000, 0x0000000536000000|100%|HC|  |TAMS 0x0000000535800000| PB 0x0000000535800000| Complete 
| 620|0x0000000536000000, 0x0000000536800000, 0x0000000536800000|100%|HC|  |TAMS 0x0000000536000000| PB 0x0000000536000000| Complete 
| 621|0x0000000536800000, 0x0000000537000000, 0x0000000537000000|100%|HC|  |TAMS 0x0000000536800000| PB 0x0000000536800000| Complete 
| 622|0x0000000537000000, 0x0000000537800000, 0x0000000537800000|100%|HC|  |TAMS 0x0000000537000000| PB 0x0000000537000000| Complete 
| 623|0x0000000537800000, 0x0000000538000000, 0x0000000538000000|100%|HC|  |TAMS 0x0000000537800000| PB 0x0000000537800000| Complete 
| 624|0x0000000538000000, 0x0000000538800000, 0x0000000538800000|100%|HC|  |TAMS 0x0000000538000000| PB 0x0000000538000000| Complete 
| 625|0x0000000538800000, 0x0000000539000000, 0x0000000539000000|100%|HC|  |TAMS 0x0000000538800000| PB 0x0000000538800000| Complete 
| 626|0x0000000539000000, 0x0000000539800000, 0x0000000539800000|100%|HC|  |TAMS 0x0000000539000000| PB 0x0000000539000000| Complete 
| 627|0x0000000539800000, 0x000000053a000000, 0x000000053a000000|100%|HC|  |TAMS 0x0000000539800000| PB 0x0000000539800000| Complete 
| 628|0x000000053a000000, 0x000000053a800000, 0x000000053a800000|100%|HC|  |TAMS 0x000000053a000000| PB 0x000000053a000000| Complete 
| 629|0x000000053a800000, 0x000000053b000000, 0x000000053b000000|100%|HC|  |TAMS 0x000000053a800000| PB 0x000000053a800000| Complete 
| 630|0x000000053b000000, 0x000000053b800000, 0x000000053b800000|100%|HC|  |TAMS 0x000000053b000000| PB 0x000000053b000000| Complete 
| 631|0x000000053b800000, 0x000000053c000000, 0x000000053c000000|100%|HC|  |TAMS 0x000000053b800000| PB 0x000000053b800000| Complete 
| 632|0x000000053c000000, 0x000000053c800000, 0x000000053c800000|100%|HC|  |TAMS 0x000000053c000000| PB 0x000000053c000000| Complete 
| 633|0x000000053c800000, 0x000000053d000000, 0x000000053d000000|100%|HC|  |TAMS 0x000000053c800000| PB 0x000000053c800000| Complete 
| 634|0x000000053d000000, 0x000000053d800000, 0x000000053d800000|100%|HC|  |TAMS 0x000000053d000000| PB 0x000000053d000000| Complete 
| 635|0x000000053d800000, 0x000000053e000000, 0x000000053e000000|100%|HC|  |TAMS 0x000000053d800000| PB 0x000000053d800000| Complete 
| 636|0x000000053e000000, 0x000000053e800000, 0x000000053e800000|100%|HC|  |TAMS 0x000000053e000000| PB 0x000000053e000000| Complete 
| 637|0x000000053e800000, 0x000000053f000000, 0x000000053f000000|100%|HC|  |TAMS 0x000000053e800000| PB 0x000000053e800000| Complete 
| 638|0x000000053f000000, 0x000000053f800000, 0x000000053f800000|100%|HC|  |TAMS 0x000000053f000000| PB 0x000000053f000000| Complete 
| 639|0x000000053f800000, 0x0000000540000000, 0x0000000540000000|100%|HC|  |TAMS 0x000000053f800000| PB 0x000000053f800000| Complete 
| 640|0x0000000540000000, 0x0000000540800000, 0x0000000540800000|100%|HC|  |TAMS 0x0000000540000000| PB 0x0000000540000000| Complete 
| 641|0x0000000540800000, 0x0000000541000000, 0x0000000541000000|100%|HC|  |TAMS 0x0000000540800000| PB 0x0000000540800000| Complete 
| 642|0x0000000541000000, 0x0000000541800000, 0x0000000541800000|100%|HC|  |TAMS 0x0000000541000000| PB 0x0000000541000000| Complete 
| 643|0x0000000541800000, 0x0000000542000000, 0x0000000542000000|100%|HC|  |TAMS 0x0000000541800000| PB 0x0000000541800000| Complete 
| 644|0x0000000542000000, 0x0000000542800000, 0x0000000542800000|100%|HC|  |TAMS 0x0000000542000000| PB 0x0000000542000000| Complete 
| 645|0x0000000542800000, 0x0000000543000000, 0x0000000543000000|100%|HC|  |TAMS 0x0000000542800000| PB 0x0000000542800000| Complete 
| 646|0x0000000543000000, 0x0000000543800000, 0x0000000543800000|100%|HC|  |TAMS 0x0000000543000000| PB 0x0000000543000000| Complete 
| 647|0x0000000543800000, 0x0000000544000000, 0x0000000544000000|100%|HC|  |TAMS 0x0000000543800000| PB 0x0000000543800000| Complete 
| 648|0x0000000544000000, 0x0000000544800000, 0x0000000544800000|100%|HC|  |TAMS 0x0000000544000000| PB 0x0000000544000000| Complete 
| 649|0x0000000544800000, 0x0000000545000000, 0x0000000545000000|100%|HC|  |TAMS 0x0000000544800000| PB 0x0000000544800000| Complete 
| 650|0x0000000545000000, 0x0000000545800000, 0x0000000545800000|100%|HC|  |TAMS 0x0000000545000000| PB 0x0000000545000000| Complete 
| 651|0x0000000545800000, 0x0000000546000000, 0x0000000546000000|100%|HC|  |TAMS 0x0000000545800000| PB 0x0000000545800000| Complete 
| 652|0x0000000546000000, 0x0000000546800000, 0x0000000546800000|100%|HC|  |TAMS 0x0000000546000000| PB 0x0000000546000000| Complete 
| 653|0x0000000546800000, 0x0000000547000000, 0x0000000547000000|100%|HC|  |TAMS 0x0000000546800000| PB 0x0000000546800000| Complete 
| 654|0x0000000547000000, 0x0000000547800000, 0x0000000547800000|100%|HC|  |TAMS 0x0000000547000000| PB 0x0000000547000000| Complete 
| 655|0x0000000547800000, 0x0000000548000000, 0x0000000548000000|100%|HC|  |TAMS 0x0000000547800000| PB 0x0000000547800000| Complete 
| 656|0x0000000548000000, 0x0000000548800000, 0x0000000548800000|100%|HC|  |TAMS 0x0000000548000000| PB 0x0000000548000000| Complete 
| 657|0x0000000548800000, 0x0000000549000000, 0x0000000549000000|100%|HC|  |TAMS 0x0000000548800000| PB 0x0000000548800000| Complete 
| 658|0x0000000549000000, 0x0000000549800000, 0x0000000549800000|100%|HC|  |TAMS 0x0000000549000000| PB 0x0000000549000000| Complete 
| 659|0x0000000549800000, 0x000000054a000000, 0x000000054a000000|100%|HC|  |TAMS 0x0000000549800000| PB 0x0000000549800000| Complete 
| 660|0x000000054a000000, 0x000000054a800000, 0x000000054a800000|100%|HC|  |TAMS 0x000000054a000000| PB 0x000000054a000000| Complete 
| 661|0x000000054a800000, 0x000000054b000000, 0x000000054b000000|100%|HC|  |TAMS 0x000000054a800000| PB 0x000000054a800000| Complete 
| 662|0x000000054b000000, 0x000000054b800000, 0x000000054b800000|100%|HC|  |TAMS 0x000000054b000000| PB 0x000000054b000000| Complete 
| 663|0x000000054b800000, 0x000000054c000000, 0x000000054c000000|100%|HC|  |TAMS 0x000000054b800000| PB 0x000000054b800000| Complete 
| 664|0x000000054c000000, 0x000000054c800000, 0x000000054c800000|100%|HC|  |TAMS 0x000000054c000000| PB 0x000000054c000000| Complete 
| 665|0x000000054c800000, 0x000000054d000000, 0x000000054d000000|100%|HC|  |TAMS 0x000000054c800000| PB 0x000000054c800000| Complete 
| 666|0x000000054d000000, 0x000000054d800000, 0x000000054d800000|100%|HC|  |TAMS 0x000000054d000000| PB 0x000000054d000000| Complete 
| 667|0x000000054d800000, 0x000000054e000000, 0x000000054e000000|100%|HC|  |TAMS 0x000000054d800000| PB 0x000000054d800000| Complete 
| 668|0x000000054e000000, 0x000000054e800000, 0x000000054e800000|100%|HC|  |TAMS 0x000000054e000000| PB 0x000000054e000000| Complete 
| 669|0x000000054e800000, 0x000000054f000000, 0x000000054f000000|100%|HC|  |TAMS 0x000000054e800000| PB 0x000000054e800000| Complete 
| 670|0x000000054f000000, 0x000000054f800000, 0x000000054f800000|100%|HC|  |TAMS 0x000000054f000000| PB 0x000000054f000000| Complete 
| 671|0x000000054f800000, 0x0000000550000000, 0x0000000550000000|100%|HC|  |TAMS 0x000000054f800000| PB 0x000000054f800000| Complete 
| 672|0x0000000550000000, 0x0000000550800000, 0x0000000550800000|100%|HC|  |TAMS 0x0000000550000000| PB 0x0000000550000000| Complete 
| 673|0x0000000550800000, 0x0000000551000000, 0x0000000551000000|100%|HC|  |TAMS 0x0000000550800000| PB 0x0000000550800000| Complete 
| 674|0x0000000551000000, 0x0000000551800000, 0x0000000551800000|100%|HC|  |TAMS 0x0000000551000000| PB 0x0000000551000000| Complete 
| 675|0x0000000551800000, 0x0000000552000000, 0x0000000552000000|100%|HC|  |TAMS 0x0000000551800000| PB 0x0000000551800000| Complete 
| 676|0x0000000552000000, 0x0000000552800000, 0x0000000552800000|100%|HC|  |TAMS 0x0000000552000000| PB 0x0000000552000000| Complete 
| 677|0x0000000552800000, 0x0000000553000000, 0x0000000553000000|100%|HC|  |TAMS 0x0000000552800000| PB 0x0000000552800000| Complete 
| 678|0x0000000553000000, 0x0000000553800000, 0x0000000553800000|100%|HC|  |TAMS 0x0000000553000000| PB 0x0000000553000000| Complete 
| 679|0x0000000553800000, 0x0000000554000000, 0x0000000554000000|100%|HC|  |TAMS 0x0000000553800000| PB 0x0000000553800000| Complete 
| 680|0x0000000554000000, 0x0000000554800000, 0x0000000554800000|100%|HC|  |TAMS 0x0000000554000000| PB 0x0000000554000000| Complete 
| 681|0x0000000554800000, 0x0000000555000000, 0x0000000555000000|100%|HC|  |TAMS 0x0000000554800000| PB 0x0000000554800000| Complete 
| 682|0x0000000555000000, 0x0000000555800000, 0x0000000555800000|100%|HC|  |TAMS 0x0000000555000000| PB 0x0000000555000000| Complete 
| 683|0x0000000555800000, 0x0000000556000000, 0x0000000556000000|100%|HC|  |TAMS 0x0000000555800000| PB 0x0000000555800000| Complete 
| 684|0x0000000556000000, 0x0000000556800000, 0x0000000556800000|100%|HC|  |TAMS 0x0000000556000000| PB 0x0000000556000000| Complete 
| 685|0x0000000556800000, 0x0000000557000000, 0x0000000557000000|100%|HC|  |TAMS 0x0000000556800000| PB 0x0000000556800000| Complete 
| 686|0x0000000557000000, 0x0000000557800000, 0x0000000557800000|100%|HC|  |TAMS 0x0000000557000000| PB 0x0000000557000000| Complete 
| 687|0x0000000557800000, 0x0000000558000000, 0x0000000558000000|100%|HC|  |TAMS 0x0000000557800000| PB 0x0000000557800000| Complete 
| 688|0x0000000558000000, 0x0000000558800000, 0x0000000558800000|100%|HC|  |TAMS 0x0000000558000000| PB 0x0000000558000000| Complete 
| 689|0x0000000558800000, 0x0000000559000000, 0x0000000559000000|100%|HC|  |TAMS 0x0000000558800000| PB 0x0000000558800000| Complete 
| 690|0x0000000559000000, 0x0000000559800000, 0x0000000559800000|100%|HC|  |TAMS 0x0000000559000000| PB 0x0000000559000000| Complete 
| 691|0x0000000559800000, 0x000000055a000000, 0x000000055a000000|100%|HC|  |TAMS 0x0000000559800000| PB 0x0000000559800000| Complete 
| 692|0x000000055a000000, 0x000000055a800000, 0x000000055a800000|100%|HC|  |TAMS 0x000000055a000000| PB 0x000000055a000000| Complete 
| 693|0x000000055a800000, 0x000000055b000000, 0x000000055b000000|100%|HC|  |TAMS 0x000000055a800000| PB 0x000000055a800000| Complete 
| 694|0x000000055b000000, 0x000000055b800000, 0x000000055b800000|100%|HC|  |TAMS 0x000000055b000000| PB 0x000000055b000000| Complete 
| 695|0x000000055b800000, 0x000000055c000000, 0x000000055c000000|100%|HC|  |TAMS 0x000000055b800000| PB 0x000000055b800000| Complete 
| 696|0x000000055c000000, 0x000000055c800000, 0x000000055c800000|100%|HC|  |TAMS 0x000000055c000000| PB 0x000000055c000000| Complete 
| 697|0x000000055c800000, 0x000000055d000000, 0x000000055d000000|100%|HC|  |TAMS 0x000000055c800000| PB 0x000000055c800000| Complete 
| 698|0x000000055d000000, 0x000000055d800000, 0x000000055d800000|100%|HC|  |TAMS 0x000000055d000000| PB 0x000000055d000000| Complete 
| 699|0x000000055d800000, 0x000000055e000000, 0x000000055e000000|100%|HC|  |TAMS 0x000000055d800000| PB 0x000000055d800000| Complete 
| 700|0x000000055e000000, 0x000000055e800000, 0x000000055e800000|100%|HC|  |TAMS 0x000000055e000000| PB 0x000000055e000000| Complete 
| 701|0x000000055e800000, 0x000000055f000000, 0x000000055f000000|100%|HC|  |TAMS 0x000000055e800000| PB 0x000000055e800000| Complete 
| 702|0x000000055f000000, 0x000000055f800000, 0x000000055f800000|100%|HC|  |TAMS 0x000000055f000000| PB 0x000000055f000000| Complete 
| 703|0x000000055f800000, 0x0000000560000000, 0x0000000560000000|100%|HC|  |TAMS 0x000000055f800000| PB 0x000000055f800000| Complete 
| 704|0x0000000560000000, 0x0000000560800000, 0x0000000560800000|100%|HC|  |TAMS 0x0000000560000000| PB 0x0000000560000000| Complete 
| 705|0x0000000560800000, 0x0000000561000000, 0x0000000561000000|100%|HC|  |TAMS 0x0000000560800000| PB 0x0000000560800000| Complete 
| 706|0x0000000561000000, 0x0000000561800000, 0x0000000561800000|100%|HC|  |TAMS 0x0000000561000000| PB 0x0000000561000000| Complete 
| 707|0x0000000561800000, 0x0000000562000000, 0x0000000562000000|100%|HC|  |TAMS 0x0000000561800000| PB 0x0000000561800000| Complete 
| 708|0x0000000562000000, 0x0000000562800000, 0x0000000562800000|100%|HC|  |TAMS 0x0000000562000000| PB 0x0000000562000000| Complete 
| 709|0x0000000562800000, 0x0000000563000000, 0x0000000563000000|100%|HC|  |TAMS 0x0000000562800000| PB 0x0000000562800000| Complete 
| 710|0x0000000563000000, 0x0000000563800000, 0x0000000563800000|100%|HC|  |TAMS 0x0000000563000000| PB 0x0000000563000000| Complete 
| 711|0x0000000563800000, 0x0000000564000000, 0x0000000564000000|100%|HC|  |TAMS 0x0000000563800000| PB 0x0000000563800000| Complete 
| 712|0x0000000564000000, 0x0000000564800000, 0x0000000564800000|100%|HC|  |TAMS 0x0000000564000000| PB 0x0000000564000000| Complete 
| 713|0x0000000564800000, 0x0000000565000000, 0x0000000565000000|100%|HC|  |TAMS 0x0000000564800000| PB 0x0000000564800000| Complete 
| 714|0x0000000565000000, 0x0000000565800000, 0x0000000565800000|100%|HC|  |TAMS 0x0000000565000000| PB 0x0000000565000000| Complete 
| 715|0x0000000565800000, 0x0000000566000000, 0x0000000566000000|100%|HC|  |TAMS 0x0000000565800000| PB 0x0000000565800000| Complete 
| 716|0x0000000566000000, 0x0000000566800000, 0x0000000566800000|100%|HC|  |TAMS 0x0000000566000000| PB 0x0000000566000000| Complete 
| 717|0x0000000566800000, 0x0000000567000000, 0x0000000567000000|100%|HC|  |TAMS 0x0000000566800000| PB 0x0000000566800000| Complete 
| 718|0x0000000567000000, 0x0000000567800000, 0x0000000567800000|100%|HC|  |TAMS 0x0000000567000000| PB 0x0000000567000000| Complete 
| 719|0x0000000567800000, 0x0000000568000000, 0x0000000568000000|100%|HC|  |TAMS 0x0000000567800000| PB 0x0000000567800000| Complete 
| 720|0x0000000568000000, 0x0000000568800000, 0x0000000568800000|100%|HC|  |TAMS 0x0000000568000000| PB 0x0000000568000000| Complete 
| 721|0x0000000568800000, 0x0000000569000000, 0x0000000569000000|100%|HC|  |TAMS 0x0000000568800000| PB 0x0000000568800000| Complete 
| 722|0x0000000569000000, 0x0000000569800000, 0x0000000569800000|100%|HC|  |TAMS 0x0000000569000000| PB 0x0000000569000000| Complete 
| 723|0x0000000569800000, 0x000000056a000000, 0x000000056a000000|100%|HC|  |TAMS 0x0000000569800000| PB 0x0000000569800000| Complete 
| 724|0x000000056a000000, 0x000000056a800000, 0x000000056a800000|100%|HC|  |TAMS 0x000000056a000000| PB 0x000000056a000000| Complete 
| 725|0x000000056a800000, 0x000000056b000000, 0x000000056b000000|100%|HC|  |TAMS 0x000000056a800000| PB 0x000000056a800000| Complete 
| 726|0x000000056b000000, 0x000000056b800000, 0x000000056b800000|100%|HC|  |TAMS 0x000000056b000000| PB 0x000000056b000000| Complete 
| 727|0x000000056b800000, 0x000000056c000000, 0x000000056c000000|100%|HC|  |TAMS 0x000000056b800000| PB 0x000000056b800000| Complete 
| 728|0x000000056c000000, 0x000000056c800000, 0x000000056c800000|100%|HC|  |TAMS 0x000000056c000000| PB 0x000000056c000000| Complete 
| 729|0x000000056c800000, 0x000000056d000000, 0x000000056d000000|100%|HC|  |TAMS 0x000000056c800000| PB 0x000000056c800000| Complete 
| 730|0x000000056d000000, 0x000000056d800000, 0x000000056d800000|100%|HC|  |TAMS 0x000000056d000000| PB 0x000000056d000000| Complete 
| 731|0x000000056d800000, 0x000000056e000000, 0x000000056e000000|100%|HC|  |TAMS 0x000000056d800000| PB 0x000000056d800000| Complete 
| 732|0x000000056e000000, 0x000000056e800000, 0x000000056e800000|100%|HC|  |TAMS 0x000000056e000000| PB 0x000000056e000000| Complete 
| 733|0x000000056e800000, 0x000000056f000000, 0x000000056f000000|100%|HC|  |TAMS 0x000000056e800000| PB 0x000000056e800000| Complete 
| 734|0x000000056f000000, 0x000000056f800000, 0x000000056f800000|100%|HC|  |TAMS 0x000000056f000000| PB 0x000000056f000000| Complete 
| 735|0x000000056f800000, 0x0000000570000000, 0x0000000570000000|100%|HC|  |TAMS 0x000000056f800000| PB 0x000000056f800000| Complete 
| 736|0x0000000570000000, 0x0000000570800000, 0x0000000570800000|100%|HC|  |TAMS 0x0000000570000000| PB 0x0000000570000000| Complete 
| 737|0x0000000570800000, 0x0000000571000000, 0x0000000571000000|100%|HC|  |TAMS 0x0000000570800000| PB 0x0000000570800000| Complete 
| 738|0x0000000571000000, 0x0000000571800000, 0x0000000571800000|100%|HC|  |TAMS 0x0000000571000000| PB 0x0000000571000000| Complete 
| 739|0x0000000571800000, 0x0000000572000000, 0x0000000572000000|100%|HC|  |TAMS 0x0000000571800000| PB 0x0000000571800000| Complete 
| 740|0x0000000572000000, 0x0000000572800000, 0x0000000572800000|100%|HC|  |TAMS 0x0000000572000000| PB 0x0000000572000000| Complete 
| 741|0x0000000572800000, 0x0000000573000000, 0x0000000573000000|100%|HC|  |TAMS 0x0000000572800000| PB 0x0000000572800000| Complete 
| 742|0x0000000573000000, 0x0000000573800000, 0x0000000573800000|100%|HC|  |TAMS 0x0000000573000000| PB 0x0000000573000000| Complete 
| 743|0x0000000573800000, 0x0000000574000000, 0x0000000574000000|100%|HC|  |TAMS 0x0000000573800000| PB 0x0000000573800000| Complete 
| 744|0x0000000574000000, 0x0000000574800000, 0x0000000574800000|100%|HC|  |TAMS 0x0000000574000000| PB 0x0000000574000000| Complete 
| 745|0x0000000574800000, 0x0000000575000000, 0x0000000575000000|100%|HC|  |TAMS 0x0000000574800000| PB 0x0000000574800000| Complete 
| 746|0x0000000575000000, 0x0000000575800000, 0x0000000575800000|100%|HC|  |TAMS 0x0000000575000000| PB 0x0000000575000000| Complete 
| 747|0x0000000575800000, 0x0000000576000000, 0x0000000576000000|100%|HC|  |TAMS 0x0000000575800000| PB 0x0000000575800000| Complete 
| 748|0x0000000576000000, 0x0000000576800000, 0x0000000576800000|100%|HC|  |TAMS 0x0000000576000000| PB 0x0000000576000000| Complete 
| 749|0x0000000576800000, 0x0000000577000000, 0x0000000577000000|100%|HC|  |TAMS 0x0000000576800000| PB 0x0000000576800000| Complete 
| 750|0x0000000577000000, 0x0000000577800000, 0x0000000577800000|100%|HC|  |TAMS 0x0000000577000000| PB 0x0000000577000000| Complete 
| 751|0x0000000577800000, 0x0000000578000000, 0x0000000578000000|100%|HC|  |TAMS 0x0000000577800000| PB 0x0000000577800000| Complete 
| 752|0x0000000578000000, 0x0000000578800000, 0x0000000578800000|100%|HC|  |TAMS 0x0000000578000000| PB 0x0000000578000000| Complete 
| 753|0x0000000578800000, 0x0000000579000000, 0x0000000579000000|100%|HC|  |TAMS 0x0000000578800000| PB 0x0000000578800000| Complete 
| 754|0x0000000579000000, 0x0000000579800000, 0x0000000579800000|100%|HC|  |TAMS 0x0000000579000000| PB 0x0000000579000000| Complete 
| 755|0x0000000579800000, 0x000000057a000000, 0x000000057a000000|100%|HC|  |TAMS 0x0000000579800000| PB 0x0000000579800000| Complete 
| 756|0x000000057a000000, 0x000000057a800000, 0x000000057a800000|100%|HC|  |TAMS 0x000000057a000000| PB 0x000000057a000000| Complete 
| 757|0x000000057a800000, 0x000000057b000000, 0x000000057b000000|100%|HC|  |TAMS 0x000000057a800000| PB 0x000000057a800000| Complete 
| 758|0x000000057b000000, 0x000000057b800000, 0x000000057b800000|100%|HC|  |TAMS 0x000000057b000000| PB 0x000000057b000000| Complete 
| 759|0x000000057b800000, 0x000000057c000000, 0x000000057c000000|100%|HC|  |TAMS 0x000000057b800000| PB 0x000000057b800000| Complete 
| 760|0x000000057c000000, 0x000000057c800000, 0x000000057c800000|100%|HC|  |TAMS 0x000000057c000000| PB 0x000000057c000000| Complete 
| 761|0x000000057c800000, 0x000000057d000000, 0x000000057d000000|100%|HC|  |TAMS 0x000000057c800000| PB 0x000000057c800000| Complete 
| 762|0x000000057d000000, 0x000000057d800000, 0x000000057d800000|100%|HC|  |TAMS 0x000000057d000000| PB 0x000000057d000000| Complete 
| 763|0x000000057d800000, 0x000000057e000000, 0x000000057e000000|100%|HC|  |TAMS 0x000000057d800000| PB 0x000000057d800000| Complete 
| 764|0x000000057e000000, 0x000000057e800000, 0x000000057e800000|100%|HC|  |TAMS 0x000000057e000000| PB 0x000000057e000000| Complete 
| 765|0x000000057e800000, 0x000000057f000000, 0x000000057f000000|100%|HC|  |TAMS 0x000000057e800000| PB 0x000000057e800000| Complete 
| 766|0x000000057f000000, 0x000000057f800000, 0x000000057f800000|100%|HC|  |TAMS 0x000000057f000000| PB 0x000000057f000000| Complete 
| 767|0x000000057f800000, 0x0000000580000000, 0x0000000580000000|100%|HC|  |TAMS 0x000000057f800000| PB 0x000000057f800000| Complete 
| 768|0x0000000580000000, 0x0000000580800000, 0x0000000580800000|100%|HC|  |TAMS 0x0000000580000000| PB 0x0000000580000000| Complete 
| 769|0x0000000580800000, 0x0000000581000000, 0x0000000581000000|100%|HC|  |TAMS 0x0000000580800000| PB 0x0000000580800000| Complete 
| 770|0x0000000581000000, 0x0000000581800000, 0x0000000581800000|100%|HC|  |TAMS 0x0000000581000000| PB 0x0000000581000000| Complete 
| 771|0x0000000581800000, 0x0000000582000000, 0x0000000582000000|100%|HC|  |TAMS 0x0000000581800000| PB 0x0000000581800000| Complete 
| 772|0x0000000582000000, 0x0000000582800000, 0x0000000582800000|100%|HC|  |TAMS 0x0000000582000000| PB 0x0000000582000000| Complete 
| 773|0x0000000582800000, 0x0000000583000000, 0x0000000583000000|100%|HC|  |TAMS 0x0000000582800000| PB 0x0000000582800000| Complete 
| 774|0x0000000583000000, 0x0000000583800000, 0x0000000583800000|100%|HC|  |TAMS 0x0000000583000000| PB 0x0000000583000000| Complete 
| 775|0x0000000583800000, 0x0000000584000000, 0x0000000584000000|100%|HC|  |TAMS 0x0000000583800000| PB 0x0000000583800000| Complete 
| 776|0x0000000584000000, 0x0000000584800000, 0x0000000584800000|100%|HC|  |TAMS 0x0000000584000000| PB 0x0000000584000000| Complete 
| 777|0x0000000584800000, 0x0000000585000000, 0x0000000585000000|100%|HC|  |TAMS 0x0000000584800000| PB 0x0000000584800000| Complete 
| 778|0x0000000585000000, 0x0000000585800000, 0x0000000585800000|100%|HC|  |TAMS 0x0000000585000000| PB 0x0000000585000000| Complete 
| 779|0x0000000585800000, 0x0000000586000000, 0x0000000586000000|100%|HC|  |TAMS 0x0000000585800000| PB 0x0000000585800000| Complete 
| 780|0x0000000586000000, 0x0000000586800000, 0x0000000586800000|100%|HC|  |TAMS 0x0000000586000000| PB 0x0000000586000000| Complete 
| 781|0x0000000586800000, 0x0000000587000000, 0x0000000587000000|100%|HC|  |TAMS 0x0000000586800000| PB 0x0000000586800000| Complete 
| 782|0x0000000587000000, 0x0000000587800000, 0x0000000587800000|100%|HC|  |TAMS 0x0000000587000000| PB 0x0000000587000000| Complete 
| 783|0x0000000587800000, 0x0000000588000000, 0x0000000588000000|100%|HC|  |TAMS 0x0000000587800000| PB 0x0000000587800000| Complete 
| 784|0x0000000588000000, 0x0000000588800000, 0x0000000588800000|100%|HC|  |TAMS 0x0000000588000000| PB 0x0000000588000000| Complete 
| 785|0x0000000588800000, 0x0000000589000000, 0x0000000589000000|100%|HC|  |TAMS 0x0000000588800000| PB 0x0000000588800000| Complete 
| 786|0x0000000589000000, 0x0000000589800000, 0x0000000589800000|100%|HC|  |TAMS 0x0000000589000000| PB 0x0000000589000000| Complete 
| 787|0x0000000589800000, 0x000000058a000000, 0x000000058a000000|100%|HC|  |TAMS 0x0000000589800000| PB 0x0000000589800000| Complete 
| 788|0x000000058a000000, 0x000000058a800000, 0x000000058a800000|100%|HC|  |TAMS 0x000000058a000000| PB 0x000000058a000000| Complete 
| 789|0x000000058a800000, 0x000000058b000000, 0x000000058b000000|100%|HC|  |TAMS 0x000000058a800000| PB 0x000000058a800000| Complete 
| 790|0x000000058b000000, 0x000000058b800000, 0x000000058b800000|100%|HC|  |TAMS 0x000000058b000000| PB 0x000000058b000000| Complete 
| 791|0x000000058b800000, 0x000000058c000000, 0x000000058c000000|100%|HC|  |TAMS 0x000000058b800000| PB 0x000000058b800000| Complete 
| 792|0x000000058c000000, 0x000000058c800000, 0x000000058c800000|100%|HC|  |TAMS 0x000000058c000000| PB 0x000000058c000000| Complete 
| 793|0x000000058c800000, 0x000000058d000000, 0x000000058d000000|100%|HC|  |TAMS 0x000000058c800000| PB 0x000000058c800000| Complete 
| 794|0x000000058d000000, 0x000000058d800000, 0x000000058d800000|100%|HC|  |TAMS 0x000000058d000000| PB 0x000000058d000000| Complete 
| 795|0x000000058d800000, 0x000000058e000000, 0x000000058e000000|100%|HC|  |TAMS 0x000000058d800000| PB 0x000000058d800000| Complete 
| 796|0x000000058e000000, 0x000000058e800000, 0x000000058e800000|100%|HC|  |TAMS 0x000000058e000000| PB 0x000000058e000000| Complete 
| 797|0x000000058e800000, 0x000000058f000000, 0x000000058f000000|100%|HC|  |TAMS 0x000000058e800000| PB 0x000000058e800000| Complete 
| 798|0x000000058f000000, 0x000000058f800000, 0x000000058f800000|100%|HC|  |TAMS 0x000000058f000000| PB 0x000000058f000000| Complete 
| 799|0x000000058f800000, 0x0000000590000000, 0x0000000590000000|100%|HC|  |TAMS 0x000000058f800000| PB 0x000000058f800000| Complete 
| 800|0x0000000590000000, 0x0000000590800000, 0x0000000590800000|100%|HC|  |TAMS 0x0000000590000000| PB 0x0000000590000000| Complete 
| 801|0x0000000590800000, 0x0000000591000000, 0x0000000591000000|100%|HC|  |TAMS 0x0000000590800000| PB 0x0000000590800000| Complete 
| 802|0x0000000591000000, 0x0000000591800000, 0x0000000591800000|100%|HC|  |TAMS 0x0000000591000000| PB 0x0000000591000000| Complete 
| 803|0x0000000591800000, 0x0000000592000000, 0x0000000592000000|100%|HC|  |TAMS 0x0000000591800000| PB 0x0000000591800000| Complete 
| 804|0x0000000592000000, 0x0000000592800000, 0x0000000592800000|100%|HC|  |TAMS 0x0000000592000000| PB 0x0000000592000000| Complete 
| 805|0x0000000592800000, 0x0000000593000000, 0x0000000593000000|100%|HC|  |TAMS 0x0000000592800000| PB 0x0000000592800000| Complete 
| 806|0x0000000593000000, 0x0000000593800000, 0x0000000593800000|100%|HC|  |TAMS 0x0000000593000000| PB 0x0000000593000000| Complete 
| 807|0x0000000593800000, 0x0000000594000000, 0x0000000594000000|100%|HC|  |TAMS 0x0000000593800000| PB 0x0000000593800000| Complete 
| 808|0x0000000594000000, 0x0000000594800000, 0x0000000594800000|100%|HC|  |TAMS 0x0000000594000000| PB 0x0000000594000000| Complete 
| 809|0x0000000594800000, 0x0000000595000000, 0x0000000595000000|100%|HC|  |TAMS 0x0000000594800000| PB 0x0000000594800000| Complete 
| 810|0x0000000595000000, 0x0000000595800000, 0x0000000595800000|100%|HC|  |TAMS 0x0000000595000000| PB 0x0000000595000000| Complete 
| 811|0x0000000595800000, 0x0000000596000000, 0x0000000596000000|100%|HC|  |TAMS 0x0000000595800000| PB 0x0000000595800000| Complete 
| 812|0x0000000596000000, 0x0000000596800000, 0x0000000596800000|100%|HC|  |TAMS 0x0000000596000000| PB 0x0000000596000000| Complete 
| 813|0x0000000596800000, 0x0000000597000000, 0x0000000597000000|100%|HC|  |TAMS 0x0000000596800000| PB 0x0000000596800000| Complete 
| 814|0x0000000597000000, 0x0000000597800000, 0x0000000597800000|100%|HC|  |TAMS 0x0000000597000000| PB 0x0000000597000000| Complete 
| 815|0x0000000597800000, 0x0000000598000000, 0x0000000598000000|100%|HC|  |TAMS 0x0000000597800000| PB 0x0000000597800000| Complete 
| 816|0x0000000598000000, 0x0000000598800000, 0x0000000598800000|100%|HC|  |TAMS 0x0000000598000000| PB 0x0000000598000000| Complete 
| 817|0x0000000598800000, 0x0000000599000000, 0x0000000599000000|100%|HC|  |TAMS 0x0000000598800000| PB 0x0000000598800000| Complete 
| 818|0x0000000599000000, 0x0000000599800000, 0x0000000599800000|100%|HC|  |TAMS 0x0000000599000000| PB 0x0000000599000000| Complete 
| 819|0x0000000599800000, 0x000000059a000000, 0x000000059a000000|100%|HC|  |TAMS 0x0000000599800000| PB 0x0000000599800000| Complete 
| 820|0x000000059a000000, 0x000000059a800000, 0x000000059a800000|100%|HC|  |TAMS 0x000000059a000000| PB 0x000000059a000000| Complete 
| 821|0x000000059a800000, 0x000000059b000000, 0x000000059b000000|100%|HC|  |TAMS 0x000000059a800000| PB 0x000000059a800000| Complete 
| 822|0x000000059b000000, 0x000000059b800000, 0x000000059b800000|100%|HC|  |TAMS 0x000000059b000000| PB 0x000000059b000000| Complete 
| 823|0x000000059b800000, 0x000000059c000000, 0x000000059c000000|100%|HC|  |TAMS 0x000000059b800000| PB 0x000000059b800000| Complete 
| 824|0x000000059c000000, 0x000000059c800000, 0x000000059c800000|100%|HC|  |TAMS 0x000000059c000000| PB 0x000000059c000000| Complete 
| 825|0x000000059c800000, 0x000000059d000000, 0x000000059d000000|100%|HC|  |TAMS 0x000000059c800000| PB 0x000000059c800000| Complete 
| 826|0x000000059d000000, 0x000000059d800000, 0x000000059d800000|100%|HC|  |TAMS 0x000000059d000000| PB 0x000000059d000000| Complete 
| 827|0x000000059d800000, 0x000000059e000000, 0x000000059e000000|100%|HC|  |TAMS 0x000000059d800000| PB 0x000000059d800000| Complete 
| 828|0x000000059e000000, 0x000000059e800000, 0x000000059e800000|100%|HC|  |TAMS 0x000000059e000000| PB 0x000000059e000000| Complete 
| 829|0x000000059e800000, 0x000000059f000000, 0x000000059f000000|100%|HC|  |TAMS 0x000000059e800000| PB 0x000000059e800000| Complete 
| 830|0x000000059f000000, 0x000000059f800000, 0x000000059f800000|100%|HC|  |TAMS 0x000000059f000000| PB 0x000000059f000000| Complete 
| 831|0x000000059f800000, 0x00000005a0000000, 0x00000005a0000000|100%|HC|  |TAMS 0x000000059f800000| PB 0x000000059f800000| Complete 
| 832|0x00000005a0000000, 0x00000005a0800000, 0x00000005a0800000|100%|HC|  |TAMS 0x00000005a0000000| PB 0x00000005a0000000| Complete 
| 833|0x00000005a0800000, 0x00000005a1000000, 0x00000005a1000000|100%|HC|  |TAMS 0x00000005a0800000| PB 0x00000005a0800000| Complete 
| 834|0x00000005a1000000, 0x00000005a1800000, 0x00000005a1800000|100%|HC|  |TAMS 0x00000005a1000000| PB 0x00000005a1000000| Complete 
| 835|0x00000005a1800000, 0x00000005a2000000, 0x00000005a2000000|100%|HC|  |TAMS 0x00000005a1800000| PB 0x00000005a1800000| Complete 
| 836|0x00000005a2000000, 0x00000005a2800000, 0x00000005a2800000|100%|HC|  |TAMS 0x00000005a2000000| PB 0x00000005a2000000| Complete 
| 837|0x00000005a2800000, 0x00000005a3000000, 0x00000005a3000000|100%|HC|  |TAMS 0x00000005a2800000| PB 0x00000005a2800000| Complete 
| 838|0x00000005a3000000, 0x00000005a3800000, 0x00000005a3800000|100%|HC|  |TAMS 0x00000005a3000000| PB 0x00000005a3000000| Complete 
| 839|0x00000005a3800000, 0x00000005a4000000, 0x00000005a4000000|100%|HC|  |TAMS 0x00000005a3800000| PB 0x00000005a3800000| Complete 
| 840|0x00000005a4000000, 0x00000005a4800000, 0x00000005a4800000|100%|HC|  |TAMS 0x00000005a4000000| PB 0x00000005a4000000| Complete 
| 841|0x00000005a4800000, 0x00000005a5000000, 0x00000005a5000000|100%|HC|  |TAMS 0x00000005a4800000| PB 0x00000005a4800000| Complete 
| 842|0x00000005a5000000, 0x00000005a5800000, 0x00000005a5800000|100%|HC|  |TAMS 0x00000005a5000000| PB 0x00000005a5000000| Complete 
| 843|0x00000005a5800000, 0x00000005a6000000, 0x00000005a6000000|100%|HC|  |TAMS 0x00000005a5800000| PB 0x00000005a5800000| Complete 
| 844|0x00000005a6000000, 0x00000005a6800000, 0x00000005a6800000|100%|HC|  |TAMS 0x00000005a6000000| PB 0x00000005a6000000| Complete 
| 845|0x00000005a6800000, 0x00000005a7000000, 0x00000005a7000000|100%|HC|  |TAMS 0x00000005a6800000| PB 0x00000005a6800000| Complete 
| 846|0x00000005a7000000, 0x00000005a7800000, 0x00000005a7800000|100%|HC|  |TAMS 0x00000005a7000000| PB 0x00000005a7000000| Complete 
| 847|0x00000005a7800000, 0x00000005a8000000, 0x00000005a8000000|100%|HC|  |TAMS 0x00000005a7800000| PB 0x00000005a7800000| Complete 
| 848|0x00000005a8000000, 0x00000005a8800000, 0x00000005a8800000|100%|HC|  |TAMS 0x00000005a8000000| PB 0x00000005a8000000| Complete 
| 849|0x00000005a8800000, 0x00000005a9000000, 0x00000005a9000000|100%|HC|  |TAMS 0x00000005a8800000| PB 0x00000005a8800000| Complete 
| 850|0x00000005a9000000, 0x00000005a9800000, 0x00000005a9800000|100%|HC|  |TAMS 0x00000005a9000000| PB 0x00000005a9000000| Complete 
| 851|0x00000005a9800000, 0x00000005aa000000, 0x00000005aa000000|100%|HC|  |TAMS 0x00000005a9800000| PB 0x00000005a9800000| Complete 
| 852|0x00000005aa000000, 0x00000005aa800000, 0x00000005aa800000|100%|HC|  |TAMS 0x00000005aa000000| PB 0x00000005aa000000| Complete 
| 853|0x00000005aa800000, 0x00000005ab000000, 0x00000005ab000000|100%|HC|  |TAMS 0x00000005aa800000| PB 0x00000005aa800000| Complete 
| 854|0x00000005ab000000, 0x00000005ab800000, 0x00000005ab800000|100%|HC|  |TAMS 0x00000005ab000000| PB 0x00000005ab000000| Complete 
| 855|0x00000005ab800000, 0x00000005ac000000, 0x00000005ac000000|100%|HC|  |TAMS 0x00000005ab800000| PB 0x00000005ab800000| Complete 
| 856|0x00000005ac000000, 0x00000005ac800000, 0x00000005ac800000|100%|HC|  |TAMS 0x00000005ac000000| PB 0x00000005ac000000| Complete 
| 857|0x00000005ac800000, 0x00000005ad000000, 0x00000005ad000000|100%|HC|  |TAMS 0x00000005ac800000| PB 0x00000005ac800000| Complete 
| 858|0x00000005ad000000, 0x00000005ad800000, 0x00000005ad800000|100%|HC|  |TAMS 0x00000005ad000000| PB 0x00000005ad000000| Complete 
| 859|0x00000005ad800000, 0x00000005ae000000, 0x00000005ae000000|100%|HC|  |TAMS 0x00000005ad800000| PB 0x00000005ad800000| Complete 
| 860|0x00000005ae000000, 0x00000005ae800000, 0x00000005ae800000|100%|HC|  |TAMS 0x00000005ae000000| PB 0x00000005ae000000| Complete 
| 861|0x00000005ae800000, 0x00000005af000000, 0x00000005af000000|100%|HC|  |TAMS 0x00000005ae800000| PB 0x00000005ae800000| Complete 
| 862|0x00000005af000000, 0x00000005af800000, 0x00000005af800000|100%|HC|  |TAMS 0x00000005af000000| PB 0x00000005af000000| Complete 
| 863|0x00000005af800000, 0x00000005b0000000, 0x00000005b0000000|100%|HC|  |TAMS 0x00000005af800000| PB 0x00000005af800000| Complete 
| 864|0x00000005b0000000, 0x00000005b0800000, 0x00000005b0800000|100%|HC|  |TAMS 0x00000005b0000000| PB 0x00000005b0000000| Complete 
| 865|0x00000005b0800000, 0x00000005b1000000, 0x00000005b1000000|100%|HC|  |TAMS 0x00000005b0800000| PB 0x00000005b0800000| Complete 
| 866|0x00000005b1000000, 0x00000005b1800000, 0x00000005b1800000|100%|HC|  |TAMS 0x00000005b1000000| PB 0x00000005b1000000| Complete 
| 867|0x00000005b1800000, 0x00000005b2000000, 0x00000005b2000000|100%|HC|  |TAMS 0x00000005b1800000| PB 0x00000005b1800000| Complete 
| 868|0x00000005b2000000, 0x00000005b2800000, 0x00000005b2800000|100%|HC|  |TAMS 0x00000005b2000000| PB 0x00000005b2000000| Complete 
| 869|0x00000005b2800000, 0x00000005b3000000, 0x00000005b3000000|100%|HC|  |TAMS 0x00000005b2800000| PB 0x00000005b2800000| Complete 
| 870|0x00000005b3000000, 0x00000005b3800000, 0x00000005b3800000|100%|HC|  |TAMS 0x00000005b3000000| PB 0x00000005b3000000| Complete 
| 871|0x00000005b3800000, 0x00000005b4000000, 0x00000005b4000000|100%|HC|  |TAMS 0x00000005b3800000| PB 0x00000005b3800000| Complete 
| 872|0x00000005b4000000, 0x00000005b4800000, 0x00000005b4800000|100%|HC|  |TAMS 0x00000005b4000000| PB 0x00000005b4000000| Complete 
| 873|0x00000005b4800000, 0x00000005b5000000, 0x00000005b5000000|100%|HC|  |TAMS 0x00000005b4800000| PB 0x00000005b4800000| Complete 
| 874|0x00000005b5000000, 0x00000005b5800000, 0x00000005b5800000|100%|HC|  |TAMS 0x00000005b5000000| PB 0x00000005b5000000| Complete 
| 875|0x00000005b5800000, 0x00000005b6000000, 0x00000005b6000000|100%|HC|  |TAMS 0x00000005b5800000| PB 0x00000005b5800000| Complete 
| 876|0x00000005b6000000, 0x00000005b6800000, 0x00000005b6800000|100%|HC|  |TAMS 0x00000005b6000000| PB 0x00000005b6000000| Complete 
| 877|0x00000005b6800000, 0x00000005b7000000, 0x00000005b7000000|100%|HC|  |TAMS 0x00000005b6800000| PB 0x00000005b6800000| Complete 
| 878|0x00000005b7000000, 0x00000005b7800000, 0x00000005b7800000|100%|HC|  |TAMS 0x00000005b7000000| PB 0x00000005b7000000| Complete 
| 879|0x00000005b7800000, 0x00000005b8000000, 0x00000005b8000000|100%|HC|  |TAMS 0x00000005b7800000| PB 0x00000005b7800000| Complete 
| 880|0x00000005b8000000, 0x00000005b8800000, 0x00000005b8800000|100%|HC|  |TAMS 0x00000005b8000000| PB 0x00000005b8000000| Complete 
| 881|0x00000005b8800000, 0x00000005b9000000, 0x00000005b9000000|100%|HC|  |TAMS 0x00000005b8800000| PB 0x00000005b8800000| Complete 
| 882|0x00000005b9000000, 0x00000005b9800000, 0x00000005b9800000|100%|HC|  |TAMS 0x00000005b9000000| PB 0x00000005b9000000| Complete 
| 883|0x00000005b9800000, 0x00000005ba000000, 0x00000005ba000000|100%|HC|  |TAMS 0x00000005b9800000| PB 0x00000005b9800000| Complete 
| 884|0x00000005ba000000, 0x00000005ba800000, 0x00000005ba800000|100%|HC|  |TAMS 0x00000005ba000000| PB 0x00000005ba000000| Complete 
| 885|0x00000005ba800000, 0x00000005bb000000, 0x00000005bb000000|100%|HC|  |TAMS 0x00000005ba800000| PB 0x00000005ba800000| Complete 
| 886|0x00000005bb000000, 0x00000005bb800000, 0x00000005bb800000|100%|HC|  |TAMS 0x00000005bb000000| PB 0x00000005bb000000| Complete 
| 887|0x00000005bb800000, 0x00000005bc000000, 0x00000005bc000000|100%|HC|  |TAMS 0x00000005bb800000| PB 0x00000005bb800000| Complete 
| 888|0x00000005bc000000, 0x00000005bc800000, 0x00000005bc800000|100%|HC|  |TAMS 0x00000005bc000000| PB 0x00000005bc000000| Complete 
| 889|0x00000005bc800000, 0x00000005bd000000, 0x00000005bd000000|100%|HC|  |TAMS 0x00000005bc800000| PB 0x00000005bc800000| Complete 
| 890|0x00000005bd000000, 0x00000005bd800000, 0x00000005bd800000|100%|HC|  |TAMS 0x00000005bd000000| PB 0x00000005bd000000| Complete 
| 891|0x00000005bd800000, 0x00000005be000000, 0x00000005be000000|100%|HC|  |TAMS 0x00000005bd800000| PB 0x00000005bd800000| Complete 
| 892|0x00000005be000000, 0x00000005be800000, 0x00000005be800000|100%|HC|  |TAMS 0x00000005be000000| PB 0x00000005be000000| Complete 
| 893|0x00000005be800000, 0x00000005bf000000, 0x00000005bf000000|100%|HC|  |TAMS 0x00000005be800000| PB 0x00000005be800000| Complete 
| 894|0x00000005bf000000, 0x00000005bf800000, 0x00000005bf800000|100%|HC|  |TAMS 0x00000005bf000000| PB 0x00000005bf000000| Complete 
| 895|0x00000005bf800000, 0x00000005c0000000, 0x00000005c0000000|100%|HC|  |TAMS 0x00000005bf800000| PB 0x00000005bf800000| Complete 
| 896|0x00000005c0000000, 0x00000005c0800000, 0x00000005c0800000|100%|HC|  |TAMS 0x00000005c0000000| PB 0x00000005c0000000| Complete 
| 897|0x00000005c0800000, 0x00000005c1000000, 0x00000005c1000000|100%|HC|  |TAMS 0x00000005c0800000| PB 0x00000005c0800000| Complete 
| 898|0x00000005c1000000, 0x00000005c1800000, 0x00000005c1800000|100%|HC|  |TAMS 0x00000005c1000000| PB 0x00000005c1000000| Complete 
| 899|0x00000005c1800000, 0x00000005c2000000, 0x00000005c2000000|100%|HC|  |TAMS 0x00000005c1800000| PB 0x00000005c1800000| Complete 
| 900|0x00000005c2000000, 0x00000005c2800000, 0x00000005c2800000|100%|HC|  |TAMS 0x00000005c2000000| PB 0x00000005c2000000| Complete 
| 901|0x00000005c2800000, 0x00000005c3000000, 0x00000005c3000000|100%|HC|  |TAMS 0x00000005c2800000| PB 0x00000005c2800000| Complete 
| 902|0x00000005c3000000, 0x00000005c3800000, 0x00000005c3800000|100%|HC|  |TAMS 0x00000005c3000000| PB 0x00000005c3000000| Complete 
| 903|0x00000005c3800000, 0x00000005c4000000, 0x00000005c4000000|100%|HC|  |TAMS 0x00000005c3800000| PB 0x00000005c3800000| Complete 
| 904|0x00000005c4000000, 0x00000005c4800000, 0x00000005c4800000|100%|HC|  |TAMS 0x00000005c4000000| PB 0x00000005c4000000| Complete 
| 905|0x00000005c4800000, 0x00000005c5000000, 0x00000005c5000000|100%|HC|  |TAMS 0x00000005c4800000| PB 0x00000005c4800000| Complete 
| 906|0x00000005c5000000, 0x00000005c5800000, 0x00000005c5800000|100%|HC|  |TAMS 0x00000005c5000000| PB 0x00000005c5000000| Complete 
| 907|0x00000005c5800000, 0x00000005c6000000, 0x00000005c6000000|100%|HC|  |TAMS 0x00000005c5800000| PB 0x00000005c5800000| Complete 
| 908|0x00000005c6000000, 0x00000005c6800000, 0x00000005c6800000|100%|HC|  |TAMS 0x00000005c6000000| PB 0x00000005c6000000| Complete 
| 909|0x00000005c6800000, 0x00000005c7000000, 0x00000005c7000000|100%|HC|  |TAMS 0x00000005c6800000| PB 0x00000005c6800000| Complete 
| 910|0x00000005c7000000, 0x00000005c7800000, 0x00000005c7800000|100%|HC|  |TAMS 0x00000005c7000000| PB 0x00000005c7000000| Complete 
| 911|0x00000005c7800000, 0x00000005c8000000, 0x00000005c8000000|100%|HC|  |TAMS 0x00000005c7800000| PB 0x00000005c7800000| Complete 
| 912|0x00000005c8000000, 0x00000005c8800000, 0x00000005c8800000|100%|HC|  |TAMS 0x00000005c8000000| PB 0x00000005c8000000| Complete 
| 913|0x00000005c8800000, 0x00000005c9000000, 0x00000005c9000000|100%|HC|  |TAMS 0x00000005c8800000| PB 0x00000005c8800000| Complete 
| 914|0x00000005c9000000, 0x00000005c9800000, 0x00000005c9800000|100%|HC|  |TAMS 0x00000005c9000000| PB 0x00000005c9000000| Complete 
| 915|0x00000005c9800000, 0x00000005ca000000, 0x00000005ca000000|100%|HC|  |TAMS 0x00000005c9800000| PB 0x00000005c9800000| Complete 
| 916|0x00000005ca000000, 0x00000005ca800000, 0x00000005ca800000|100%|HC|  |TAMS 0x00000005ca000000| PB 0x00000005ca000000| Complete 
| 917|0x00000005ca800000, 0x00000005cb000000, 0x00000005cb000000|100%|HC|  |TAMS 0x00000005ca800000| PB 0x00000005ca800000| Complete 
| 918|0x00000005cb000000, 0x00000005cb800000, 0x00000005cb800000|100%|HC|  |TAMS 0x00000005cb000000| PB 0x00000005cb000000| Complete 
| 919|0x00000005cb800000, 0x00000005cc000000, 0x00000005cc000000|100%|HC|  |TAMS 0x00000005cb800000| PB 0x00000005cb800000| Complete 
| 920|0x00000005cc000000, 0x00000005cc800000, 0x00000005cc800000|100%|HC|  |TAMS 0x00000005cc000000| PB 0x00000005cc000000| Complete 
| 921|0x00000005cc800000, 0x00000005cd000000, 0x00000005cd000000|100%|HC|  |TAMS 0x00000005cc800000| PB 0x00000005cc800000| Complete 
| 922|0x00000005cd000000, 0x00000005cd800000, 0x00000005cd800000|100%|HC|  |TAMS 0x00000005cd000000| PB 0x00000005cd000000| Complete 
| 923|0x00000005cd800000, 0x00000005ce000000, 0x00000005ce000000|100%|HC|  |TAMS 0x00000005cd800000| PB 0x00000005cd800000| Complete 
| 924|0x00000005ce000000, 0x00000005ce800000, 0x00000005ce800000|100%|HC|  |TAMS 0x00000005ce000000| PB 0x00000005ce000000| Complete 
| 925|0x00000005ce800000, 0x00000005cf000000, 0x00000005cf000000|100%|HC|  |TAMS 0x00000005ce800000| PB 0x00000005ce800000| Complete 
| 926|0x00000005cf000000, 0x00000005cf800000, 0x00000005cf800000|100%|HC|  |TAMS 0x00000005cf000000| PB 0x00000005cf000000| Complete 
| 927|0x00000005cf800000, 0x00000005d0000000, 0x00000005d0000000|100%|HC|  |TAMS 0x00000005cf800000| PB 0x00000005cf800000| Complete 
| 928|0x00000005d0000000, 0x00000005d0800000, 0x00000005d0800000|100%|HC|  |TAMS 0x00000005d0000000| PB 0x00000005d0000000| Complete 
| 929|0x00000005d0800000, 0x00000005d1000000, 0x00000005d1000000|100%|HC|  |TAMS 0x00000005d0800000| PB 0x00000005d0800000| Complete 
| 930|0x00000005d1000000, 0x00000005d1800000, 0x00000005d1800000|100%|HC|  |TAMS 0x00000005d1000000| PB 0x00000005d1000000| Complete 
| 931|0x00000005d1800000, 0x00000005d2000000, 0x00000005d2000000|100%|HC|  |TAMS 0x00000005d1800000| PB 0x00000005d1800000| Complete 
| 932|0x00000005d2000000, 0x00000005d2800000, 0x00000005d2800000|100%|HC|  |TAMS 0x00000005d2000000| PB 0x00000005d2000000| Complete 
| 933|0x00000005d2800000, 0x00000005d2800000, 0x00000005d3000000|  0%| F|  |TAMS 0x00000005d2800000| PB 0x00000005d2800000| Untracked 
| 934|0x00000005d3000000, 0x00000005d3000000, 0x00000005d3800000|  0%| F|  |TAMS 0x00000005d3000000| PB 0x00000005d3000000| Untracked 
| 935|0x00000005d3800000, 0x00000005d3800000, 0x00000005d4000000|  0%| F|  |TAMS 0x00000005d3800000| PB 0x00000005d3800000| Untracked 
| 936|0x00000005d4000000, 0x00000005d4000000, 0x00000005d4800000|  0%| F|  |TAMS 0x00000005d4000000| PB 0x00000005d4000000| Untracked 
| 937|0x00000005d4800000, 0x00000005d4800000, 0x00000005d5000000|  0%| F|  |TAMS 0x00000005d4800000| PB 0x00000005d4800000| Untracked 
| 938|0x00000005d5000000, 0x00000005d5000000, 0x00000005d5800000|  0%| F|  |TAMS 0x00000005d5000000| PB 0x00000005d5000000| Untracked 
| 939|0x00000005d5800000, 0x00000005d5800000, 0x00000005d6000000|  0%| F|  |TAMS 0x00000005d5800000| PB 0x00000005d5800000| Untracked 
| 940|0x00000005d6000000, 0x00000005d6000000, 0x00000005d6800000|  0%| F|  |TAMS 0x00000005d6000000| PB 0x00000005d6000000| Untracked 
| 941|0x00000005d6800000, 0x00000005d6800000, 0x00000005d7000000|  0%| F|  |TAMS 0x00000005d6800000| PB 0x00000005d6800000| Untracked 
| 942|0x00000005d7000000, 0x00000005d7000000, 0x00000005d7800000|  0%| F|  |TAMS 0x00000005d7000000| PB 0x00000005d7000000| Untracked 
| 943|0x00000005d7800000, 0x00000005d7800000, 0x00000005d8000000|  0%| F|  |TAMS 0x00000005d7800000| PB 0x00000005d7800000| Untracked 
| 944|0x00000005d8000000, 0x00000005d8000000, 0x00000005d8800000|  0%| F|  |TAMS 0x00000005d8000000| PB 0x00000005d8000000| Untracked 
| 945|0x00000005d8800000, 0x00000005d8800000, 0x00000005d9000000|  0%| F|  |TAMS 0x00000005d8800000| PB 0x00000005d8800000| Untracked 
| 946|0x00000005d9000000, 0x00000005d9000000, 0x00000005d9800000|  0%| F|  |TAMS 0x00000005d9000000| PB 0x00000005d9000000| Untracked 
| 947|0x00000005d9800000, 0x00000005d9800000, 0x00000005da000000|  0%| F|  |TAMS 0x00000005d9800000| PB 0x00000005d9800000| Untracked 
| 948|0x00000005da000000, 0x00000005da000000, 0x00000005da800000|  0%| F|  |TAMS 0x00000005da000000| PB 0x00000005da000000| Untracked 
| 949|0x00000005da800000, 0x00000005da800000, 0x00000005db000000|  0%| F|  |TAMS 0x00000005da800000| PB 0x00000005da800000| Untracked 
| 950|0x00000005db000000, 0x00000005db000000, 0x00000005db800000|  0%| F|  |TAMS 0x00000005db000000| PB 0x00000005db000000| Untracked 
| 951|0x00000005db800000, 0x00000005db800000, 0x00000005dc000000|  0%| F|  |TAMS 0x00000005db800000| PB 0x00000005db800000| Untracked 
| 952|0x00000005dc000000, 0x00000005dc000000, 0x00000005dc800000|  0%| F|  |TAMS 0x00000005dc000000| PB 0x00000005dc000000| Untracked 
| 953|0x00000005dc800000, 0x00000005dc800000, 0x00000005dd000000|  0%| F|  |TAMS 0x00000005dc800000| PB 0x00000005dc800000| Untracked 
| 954|0x00000005dd000000, 0x00000005dd000000, 0x00000005dd800000|  0%| F|  |TAMS 0x00000005dd000000| PB 0x00000005dd000000| Untracked 
| 955|0x00000005dd800000, 0x00000005dd800000, 0x00000005de000000|  0%| F|  |TAMS 0x00000005dd800000| PB 0x00000005dd800000| Untracked 
| 956|0x00000005de000000, 0x00000005de000000, 0x00000005de800000|  0%| F|  |TAMS 0x00000005de000000| PB 0x00000005de000000| Untracked 
| 957|0x00000005de800000, 0x00000005de800000, 0x00000005df000000|  0%| F|  |TAMS 0x00000005de800000| PB 0x00000005de800000| Untracked 
| 958|0x00000005df000000, 0x00000005df000000, 0x00000005df800000|  0%| F|  |TAMS 0x00000005df000000| PB 0x00000005df000000| Untracked 
| 959|0x00000005df800000, 0x00000005df800000, 0x00000005e0000000|  0%| F|  |TAMS 0x00000005df800000| PB 0x00000005df800000| Untracked 
| 960|0x00000005e0000000, 0x00000005e0000000, 0x00000005e0800000|  0%| F|  |TAMS 0x00000005e0000000| PB 0x00000005e0000000| Untracked 
| 961|0x00000005e0800000, 0x00000005e0800000, 0x00000005e1000000|  0%| F|  |TAMS 0x00000005e0800000| PB 0x00000005e0800000| Untracked 
| 962|0x00000005e1000000, 0x00000005e1000000, 0x00000005e1800000|  0%| F|  |TAMS 0x00000005e1000000| PB 0x00000005e1000000| Untracked 
| 963|0x00000005e1800000, 0x00000005e1800000, 0x00000005e2000000|  0%| F|  |TAMS 0x00000005e1800000| PB 0x00000005e1800000| Untracked 
| 964|0x00000005e2000000, 0x00000005e2000000, 0x00000005e2800000|  0%| F|  |TAMS 0x00000005e2000000| PB 0x00000005e2000000| Untracked 
| 965|0x00000005e2800000, 0x00000005e2800000, 0x00000005e3000000|  0%| F|  |TAMS 0x00000005e2800000| PB 0x00000005e2800000| Untracked 
| 966|0x00000005e3000000, 0x00000005e3000000, 0x00000005e3800000|  0%| F|  |TAMS 0x00000005e3000000| PB 0x00000005e3000000| Untracked 
| 967|0x00000005e3800000, 0x00000005e3800000, 0x00000005e4000000|  0%| F|  |TAMS 0x00000005e3800000| PB 0x00000005e3800000| Untracked 
| 968|0x00000005e4000000, 0x00000005e4000000, 0x00000005e4800000|  0%| F|  |TAMS 0x00000005e4000000| PB 0x00000005e4000000| Untracked 
| 969|0x00000005e4800000, 0x00000005e4800000, 0x00000005e5000000|  0%| F|  |TAMS 0x00000005e4800000| PB 0x00000005e4800000| Untracked 
| 970|0x00000005e5000000, 0x00000005e5000000, 0x00000005e5800000|  0%| F|  |TAMS 0x00000005e5000000| PB 0x00000005e5000000| Untracked 
| 971|0x00000005e5800000, 0x00000005e5800000, 0x00000005e6000000|  0%| F|  |TAMS 0x00000005e5800000| PB 0x00000005e5800000| Untracked 
| 972|0x00000005e6000000, 0x00000005e6000000, 0x00000005e6800000|  0%| F|  |TAMS 0x00000005e6000000| PB 0x00000005e6000000| Untracked 
| 973|0x00000005e6800000, 0x00000005e6800000, 0x00000005e7000000|  0%| F|  |TAMS 0x00000005e6800000| PB 0x00000005e6800000| Untracked 
| 974|0x00000005e7000000, 0x00000005e7000000, 0x00000005e7800000|  0%| F|  |TAMS 0x00000005e7000000| PB 0x00000005e7000000| Untracked 
| 975|0x00000005e7800000, 0x00000005e7800000, 0x00000005e8000000|  0%| F|  |TAMS 0x00000005e7800000| PB 0x00000005e7800000| Untracked 
| 976|0x00000005e8000000, 0x00000005e8000000, 0x00000005e8800000|  0%| F|  |TAMS 0x00000005e8000000| PB 0x00000005e8000000| Untracked 
| 977|0x00000005e8800000, 0x00000005e8800000, 0x00000005e9000000|  0%| F|  |TAMS 0x00000005e8800000| PB 0x00000005e8800000| Untracked 
| 978|0x00000005e9000000, 0x00000005e9000000, 0x00000005e9800000|  0%| F|  |TAMS 0x00000005e9000000| PB 0x00000005e9000000| Untracked 
| 979|0x00000005e9800000, 0x00000005e9800000, 0x00000005ea000000|  0%| F|  |TAMS 0x00000005e9800000| PB 0x00000005e9800000| Untracked 
| 980|0x00000005ea000000, 0x00000005ea000000, 0x00000005ea800000|  0%| F|  |TAMS 0x00000005ea000000| PB 0x00000005ea000000| Untracked 
| 981|0x00000005ea800000, 0x00000005ea800000, 0x00000005eb000000|  0%| F|  |TAMS 0x00000005ea800000| PB 0x00000005ea800000| Untracked 
| 982|0x00000005eb000000, 0x00000005eb000000, 0x00000005eb800000|  0%| F|  |TAMS 0x00000005eb000000| PB 0x00000005eb000000| Untracked 
| 983|0x00000005eb800000, 0x00000005eb800000, 0x00000005ec000000|  0%| F|  |TAMS 0x00000005eb800000| PB 0x00000005eb800000| Untracked 
| 984|0x00000005ec000000, 0x00000005ec000000, 0x00000005ec800000|  0%| F|  |TAMS 0x00000005ec000000| PB 0x00000005ec000000| Untracked 
| 985|0x00000005ec800000, 0x00000005ec800000, 0x00000005ed000000|  0%| F|  |TAMS 0x00000005ec800000| PB 0x00000005ec800000| Untracked 
| 986|0x00000005ed000000, 0x00000005ed000000, 0x00000005ed800000|  0%| F|  |TAMS 0x00000005ed000000| PB 0x00000005ed000000| Untracked 
| 987|0x00000005ed800000, 0x00000005ed800000, 0x00000005ee000000|  0%| F|  |TAMS 0x00000005ed800000| PB 0x00000005ed800000| Untracked 
| 988|0x00000005ee000000, 0x00000005ee000000, 0x00000005ee800000|  0%| F|  |TAMS 0x00000005ee000000| PB 0x00000005ee000000| Untracked 
| 989|0x00000005ee800000, 0x00000005ee800000, 0x00000005ef000000|  0%| F|  |TAMS 0x00000005ee800000| PB 0x00000005ee800000| Untracked 
| 990|0x00000005ef000000, 0x00000005ef000000, 0x00000005ef800000|  0%| F|  |TAMS 0x00000005ef000000| PB 0x00000005ef000000| Untracked 
| 991|0x00000005ef800000, 0x00000005ef800000, 0x00000005f0000000|  0%| F|  |TAMS 0x00000005ef800000| PB 0x00000005ef800000| Untracked 
| 992|0x00000005f0000000, 0x00000005f0000000, 0x00000005f0800000|  0%| F|  |TAMS 0x00000005f0000000| PB 0x00000005f0000000| Untracked 
| 993|0x00000005f0800000, 0x00000005f0800000, 0x00000005f1000000|  0%| F|  |TAMS 0x00000005f0800000| PB 0x00000005f0800000| Untracked 
| 994|0x00000005f1000000, 0x00000005f1000000, 0x00000005f1800000|  0%| F|  |TAMS 0x00000005f1000000| PB 0x00000005f1000000| Untracked 
| 995|0x00000005f1800000, 0x00000005f1800000, 0x00000005f2000000|  0%| F|  |TAMS 0x00000005f1800000| PB 0x00000005f1800000| Untracked 
| 996|0x00000005f2000000, 0x00000005f2000000, 0x00000005f2800000|  0%| F|  |TAMS 0x00000005f2000000| PB 0x00000005f2000000| Untracked 
| 997|0x00000005f2800000, 0x00000005f2800000, 0x00000005f3000000|  0%| F|  |TAMS 0x00000005f2800000| PB 0x00000005f2800000| Untracked 
| 998|0x00000005f3000000, 0x00000005f3000000, 0x00000005f3800000|  0%| F|  |TAMS 0x00000005f3000000| PB 0x00000005f3000000| Untracked 
| 999|0x00000005f3800000, 0x00000005f3800000, 0x00000005f4000000|  0%| F|  |TAMS 0x00000005f3800000| PB 0x00000005f3800000| Untracked 
|1000|0x00000005f4000000, 0x00000005f4000000, 0x00000005f4800000|  0%| F|  |TAMS 0x00000005f4000000| PB 0x00000005f4000000| Untracked 
|1001|0x00000005f4800000, 0x00000005f4800000, 0x00000005f5000000|  0%| F|  |TAMS 0x00000005f4800000| PB 0x00000005f4800000| Untracked 
|1002|0x00000005f5000000, 0x00000005f5000000, 0x00000005f5800000|  0%| F|  |TAMS 0x00000005f5000000| PB 0x00000005f5000000| Untracked 
|1003|0x00000005f5800000, 0x00000005f5800000, 0x00000005f6000000|  0%| F|  |TAMS 0x00000005f5800000| PB 0x00000005f5800000| Untracked 
|1004|0x00000005f6000000, 0x00000005f6000000, 0x00000005f6800000|  0%| F|  |TAMS 0x00000005f6000000| PB 0x00000005f6000000| Untracked 
|1005|0x00000005f6800000, 0x00000005f6800000, 0x00000005f7000000|  0%| F|  |TAMS 0x00000005f6800000| PB 0x00000005f6800000| Untracked 
|1006|0x00000005f7000000, 0x00000005f7000000, 0x00000005f7800000|  0%| F|  |TAMS 0x00000005f7000000| PB 0x00000005f7000000| Untracked 
|1007|0x00000005f7800000, 0x00000005f7800000, 0x00000005f8000000|  0%| F|  |TAMS 0x00000005f7800000| PB 0x00000005f7800000| Untracked 
|1008|0x00000005f8000000, 0x00000005f8000000, 0x00000005f8800000|  0%| F|  |TAMS 0x00000005f8000000| PB 0x00000005f8000000| Untracked 
|1009|0x00000005f8800000, 0x00000005f8800000, 0x00000005f9000000|  0%| F|  |TAMS 0x00000005f8800000| PB 0x00000005f8800000| Untracked 
|1010|0x00000005f9000000, 0x00000005f9000000, 0x00000005f9800000|  0%| F|  |TAMS 0x00000005f9000000| PB 0x00000005f9000000| Untracked 
|1011|0x00000005f9800000, 0x00000005f9800000, 0x00000005fa000000|  0%| F|  |TAMS 0x00000005f9800000| PB 0x00000005f9800000| Untracked 
|1012|0x00000005fa000000, 0x00000005fa000000, 0x00000005fa800000|  0%| F|  |TAMS 0x00000005fa000000| PB 0x00000005fa000000| Untracked 
|1013|0x00000005fa800000, 0x00000005fa800000, 0x00000005fb000000|  0%| F|  |TAMS 0x00000005fa800000| PB 0x00000005fa800000| Untracked 
|1014|0x00000005fb000000, 0x00000005fb000000, 0x00000005fb800000|  0%| F|  |TAMS 0x00000005fb000000| PB 0x00000005fb000000| Untracked 
|1015|0x00000005fb800000, 0x00000005fb800000, 0x00000005fc000000|  0%| F|  |TAMS 0x00000005fb800000| PB 0x00000005fb800000| Untracked 
|1016|0x00000005fc000000, 0x00000005fc000000, 0x00000005fc800000|  0%| F|  |TAMS 0x00000005fc000000| PB 0x00000005fc000000| Untracked 
|1017|0x00000005fc800000, 0x00000005fc800000, 0x00000005fd000000|  0%| F|  |TAMS 0x00000005fc800000| PB 0x00000005fc800000| Untracked 
|1018|0x00000005fd000000, 0x00000005fd000000, 0x00000005fd800000|  0%| F|  |TAMS 0x00000005fd000000| PB 0x00000005fd000000| Untracked 
|1019|0x00000005fd800000, 0x00000005fd800000, 0x00000005fe000000|  0%| F|  |TAMS 0x00000005fd800000| PB 0x00000005fd800000| Untracked 
|1020|0x00000005fe000000, 0x00000005fe000000, 0x00000005fe800000|  0%| F|  |TAMS 0x00000005fe000000| PB 0x00000005fe000000| Untracked 
|1021|0x00000005fe800000, 0x00000005fe800000, 0x00000005ff000000|  0%| F|  |TAMS 0x00000005fe800000| PB 0x00000005fe800000| Untracked 
|1022|0x00000005ff000000, 0x00000005ff000000, 0x00000005ff800000|  0%| F|  |TAMS 0x00000005ff000000| PB 0x00000005ff000000| Untracked 
|1023|0x00000005ff800000, 0x00000005ff800000, 0x0000000600000000|  0%| F|  |TAMS 0x00000005ff800000| PB 0x00000005ff800000| Untracked 
|1024|0x0000000600000000, 0x0000000600000000, 0x0000000600800000|  0%| F|  |TAMS 0x0000000600000000| PB 0x0000000600000000| Untracked 
|1025|0x0000000600800000, 0x0000000600800000, 0x0000000601000000|  0%| F|  |TAMS 0x0000000600800000| PB 0x0000000600800000| Untracked 
|1026|0x0000000601000000, 0x0000000601000000, 0x0000000601800000|  0%| F|  |TAMS 0x0000000601000000| PB 0x0000000601000000| Untracked 
|1027|0x0000000601800000, 0x0000000601800000, 0x0000000602000000|  0%| F|  |TAMS 0x0000000601800000| PB 0x0000000601800000| Untracked 
|1028|0x0000000602000000, 0x0000000602000000, 0x0000000602800000|  0%| F|  |TAMS 0x0000000602000000| PB 0x0000000602000000| Untracked 
|1029|0x0000000602800000, 0x0000000602800000, 0x0000000603000000|  0%| F|  |TAMS 0x0000000602800000| PB 0x0000000602800000| Untracked 
|1030|0x0000000603000000, 0x0000000603000000, 0x0000000603800000|  0%| F|  |TAMS 0x0000000603000000| PB 0x0000000603000000| Untracked 
|1031|0x0000000603800000, 0x0000000603800000, 0x0000000604000000|  0%| F|  |TAMS 0x0000000603800000| PB 0x0000000603800000| Untracked 
|1032|0x0000000604000000, 0x0000000604000000, 0x0000000604800000|  0%| F|  |TAMS 0x0000000604000000| PB 0x0000000604000000| Untracked 
|1033|0x0000000604800000, 0x0000000604800000, 0x0000000605000000|  0%| F|  |TAMS 0x0000000604800000| PB 0x0000000604800000| Untracked 
|1034|0x0000000605000000, 0x0000000605000000, 0x0000000605800000|  0%| F|  |TAMS 0x0000000605000000| PB 0x0000000605000000| Untracked 
|1035|0x0000000605800000, 0x0000000605800000, 0x0000000606000000|  0%| F|  |TAMS 0x0000000605800000| PB 0x0000000605800000| Untracked 
|1036|0x0000000606000000, 0x0000000606000000, 0x0000000606800000|  0%| F|  |TAMS 0x0000000606000000| PB 0x0000000606000000| Untracked 
|1037|0x0000000606800000, 0x0000000606800000, 0x0000000607000000|  0%| F|  |TAMS 0x0000000606800000| PB 0x0000000606800000| Untracked 
|1038|0x0000000607000000, 0x0000000607000000, 0x0000000607800000|  0%| F|  |TAMS 0x0000000607000000| PB 0x0000000607000000| Untracked 
|1039|0x0000000607800000, 0x0000000607800000, 0x0000000608000000|  0%| F|  |TAMS 0x0000000607800000| PB 0x0000000607800000| Untracked 
|1040|0x0000000608000000, 0x0000000608000000, 0x0000000608800000|  0%| F|  |TAMS 0x0000000608000000| PB 0x0000000608000000| Untracked 
|1041|0x0000000608800000, 0x0000000608800000, 0x0000000609000000|  0%| F|  |TAMS 0x0000000608800000| PB 0x0000000608800000| Untracked 
|1042|0x0000000609000000, 0x0000000609000000, 0x0000000609800000|  0%| F|  |TAMS 0x0000000609000000| PB 0x0000000609000000| Untracked 
|1043|0x0000000609800000, 0x0000000609800000, 0x000000060a000000|  0%| F|  |TAMS 0x0000000609800000| PB 0x0000000609800000| Untracked 
|1044|0x000000060a000000, 0x000000060a000000, 0x000000060a800000|  0%| F|  |TAMS 0x000000060a000000| PB 0x000000060a000000| Untracked 
|1045|0x000000060a800000, 0x000000060a800000, 0x000000060b000000|  0%| F|  |TAMS 0x000000060a800000| PB 0x000000060a800000| Untracked 
|1046|0x000000060b000000, 0x000000060b000000, 0x000000060b800000|  0%| F|  |TAMS 0x000000060b000000| PB 0x000000060b000000| Untracked 
|1047|0x000000060b800000, 0x000000060b800000, 0x000000060c000000|  0%| F|  |TAMS 0x000000060b800000| PB 0x000000060b800000| Untracked 
|1048|0x000000060c000000, 0x000000060c000000, 0x000000060c800000|  0%| F|  |TAMS 0x000000060c000000| PB 0x000000060c000000| Untracked 
|1049|0x000000060c800000, 0x000000060c800000, 0x000000060d000000|  0%| F|  |TAMS 0x000000060c800000| PB 0x000000060c800000| Untracked 
|1050|0x000000060d000000, 0x000000060d000000, 0x000000060d800000|  0%| F|  |TAMS 0x000000060d000000| PB 0x000000060d000000| Untracked 
|1051|0x000000060d800000, 0x000000060d800000, 0x000000060e000000|  0%| F|  |TAMS 0x000000060d800000| PB 0x000000060d800000| Untracked 
|1052|0x000000060e000000, 0x000000060e000000, 0x000000060e800000|  0%| F|  |TAMS 0x000000060e000000| PB 0x000000060e000000| Untracked 
|1053|0x000000060e800000, 0x000000060e800000, 0x000000060f000000|  0%| F|  |TAMS 0x000000060e800000| PB 0x000000060e800000| Untracked 
|1054|0x000000060f000000, 0x000000060f000000, 0x000000060f800000|  0%| F|  |TAMS 0x000000060f000000| PB 0x000000060f000000| Untracked 
|1055|0x000000060f800000, 0x000000060f800000, 0x0000000610000000|  0%| F|  |TAMS 0x000000060f800000| PB 0x000000060f800000| Untracked 
|1056|0x0000000610000000, 0x0000000610000000, 0x0000000610800000|  0%| F|  |TAMS 0x0000000610000000| PB 0x0000000610000000| Untracked 
|1057|0x0000000610800000, 0x0000000610800000, 0x0000000611000000|  0%| F|  |TAMS 0x0000000610800000| PB 0x0000000610800000| Untracked 
|1058|0x0000000611000000, 0x0000000611000000, 0x0000000611800000|  0%| F|  |TAMS 0x0000000611000000| PB 0x0000000611000000| Untracked 
|1059|0x0000000611800000, 0x0000000611800000, 0x0000000612000000|  0%| F|  |TAMS 0x0000000611800000| PB 0x0000000611800000| Untracked 
|1060|0x0000000612000000, 0x0000000612000000, 0x0000000612800000|  0%| F|  |TAMS 0x0000000612000000| PB 0x0000000612000000| Untracked 
|1061|0x0000000612800000, 0x0000000612800000, 0x0000000613000000|  0%| F|  |TAMS 0x0000000612800000| PB 0x0000000612800000| Untracked 
|1062|0x0000000613000000, 0x0000000613000000, 0x0000000613800000|  0%| F|  |TAMS 0x0000000613000000| PB 0x0000000613000000| Untracked 
|1063|0x0000000613800000, 0x0000000613800000, 0x0000000614000000|  0%| F|  |TAMS 0x0000000613800000| PB 0x0000000613800000| Untracked 
|1064|0x0000000614000000, 0x0000000614000000, 0x0000000614800000|  0%| F|  |TAMS 0x0000000614000000| PB 0x0000000614000000| Untracked 
|1065|0x0000000614800000, 0x0000000614800000, 0x0000000615000000|  0%| F|  |TAMS 0x0000000614800000| PB 0x0000000614800000| Untracked 
|1066|0x0000000615000000, 0x0000000615000000, 0x0000000615800000|  0%| F|  |TAMS 0x0000000615000000| PB 0x0000000615000000| Untracked 
|1067|0x0000000615800000, 0x0000000615800000, 0x0000000616000000|  0%| F|  |TAMS 0x0000000615800000| PB 0x0000000615800000| Untracked 
|1068|0x0000000616000000, 0x0000000616000000, 0x0000000616800000|  0%| F|  |TAMS 0x0000000616000000| PB 0x0000000616000000| Untracked 
|1069|0x0000000616800000, 0x0000000616800000, 0x0000000617000000|  0%| F|  |TAMS 0x0000000616800000| PB 0x0000000616800000| Untracked 
|1070|0x0000000617000000, 0x0000000617000000, 0x0000000617800000|  0%| F|  |TAMS 0x0000000617000000| PB 0x0000000617000000| Untracked 
|1071|0x0000000617800000, 0x0000000617800000, 0x0000000618000000|  0%| F|  |TAMS 0x0000000617800000| PB 0x0000000617800000| Untracked 
|1072|0x0000000618000000, 0x0000000618000000, 0x0000000618800000|  0%| F|  |TAMS 0x0000000618000000| PB 0x0000000618000000| Untracked 
|1073|0x0000000618800000, 0x0000000618800000, 0x0000000619000000|  0%| F|  |TAMS 0x0000000618800000| PB 0x0000000618800000| Untracked 
|1074|0x0000000619000000, 0x0000000619000000, 0x0000000619800000|  0%| F|  |TAMS 0x0000000619000000| PB 0x0000000619000000| Untracked 
|1075|0x0000000619800000, 0x0000000619800000, 0x000000061a000000|  0%| F|  |TAMS 0x0000000619800000| PB 0x0000000619800000| Untracked 
|1076|0x000000061a000000, 0x000000061a000000, 0x000000061a800000|  0%| F|  |TAMS 0x000000061a000000| PB 0x000000061a000000| Untracked 
|1077|0x000000061a800000, 0x000000061a800000, 0x000000061b000000|  0%| F|  |TAMS 0x000000061a800000| PB 0x000000061a800000| Untracked 
|1078|0x000000061b000000, 0x000000061b000000, 0x000000061b800000|  0%| F|  |TAMS 0x000000061b000000| PB 0x000000061b000000| Untracked 
|1079|0x000000061b800000, 0x000000061b800000, 0x000000061c000000|  0%| F|  |TAMS 0x000000061b800000| PB 0x000000061b800000| Untracked 
|1080|0x000000061c000000, 0x000000061c000000, 0x000000061c800000|  0%| F|  |TAMS 0x000000061c000000| PB 0x000000061c000000| Untracked 
|1081|0x000000061c800000, 0x000000061c800000, 0x000000061d000000|  0%| F|  |TAMS 0x000000061c800000| PB 0x000000061c800000| Untracked 
|1082|0x000000061d000000, 0x000000061d000000, 0x000000061d800000|  0%| F|  |TAMS 0x000000061d000000| PB 0x000000061d000000| Untracked 
|1083|0x000000061d800000, 0x000000061d800000, 0x000000061e000000|  0%| F|  |TAMS 0x000000061d800000| PB 0x000000061d800000| Untracked 
|1084|0x000000061e000000, 0x000000061e000000, 0x000000061e800000|  0%| F|  |TAMS 0x000000061e000000| PB 0x000000061e000000| Untracked 
|1085|0x000000061e800000, 0x000000061e800000, 0x000000061f000000|  0%| F|  |TAMS 0x000000061e800000| PB 0x000000061e800000| Untracked 
|1086|0x000000061f000000, 0x000000061f000000, 0x000000061f800000|  0%| F|  |TAMS 0x000000061f000000| PB 0x000000061f000000| Untracked 
|1087|0x000000061f800000, 0x000000061f800000, 0x0000000620000000|  0%| F|  |TAMS 0x000000061f800000| PB 0x000000061f800000| Untracked 
|1088|0x0000000620000000, 0x0000000620000000, 0x0000000620800000|  0%| F|  |TAMS 0x0000000620000000| PB 0x0000000620000000| Untracked 
|1089|0x0000000620800000, 0x0000000620800000, 0x0000000621000000|  0%| F|  |TAMS 0x0000000620800000| PB 0x0000000620800000| Untracked 
|1090|0x0000000621000000, 0x0000000621000000, 0x0000000621800000|  0%| F|  |TAMS 0x0000000621000000| PB 0x0000000621000000| Untracked 
|1091|0x0000000621800000, 0x0000000621800000, 0x0000000622000000|  0%| F|  |TAMS 0x0000000621800000| PB 0x0000000621800000| Untracked 
|1092|0x0000000622000000, 0x0000000622000000, 0x0000000622800000|  0%| F|  |TAMS 0x0000000622000000| PB 0x0000000622000000| Untracked 
|1093|0x0000000622800000, 0x0000000622800000, 0x0000000623000000|  0%| F|  |TAMS 0x0000000622800000| PB 0x0000000622800000| Untracked 
|1094|0x0000000623000000, 0x0000000623000000, 0x0000000623800000|  0%| F|  |TAMS 0x0000000623000000| PB 0x0000000623000000| Untracked 
|1095|0x0000000623800000, 0x0000000623800000, 0x0000000624000000|  0%| F|  |TAMS 0x0000000623800000| PB 0x0000000623800000| Untracked 
|1096|0x0000000624000000, 0x0000000624000000, 0x0000000624800000|  0%| F|  |TAMS 0x0000000624000000| PB 0x0000000624000000| Untracked 
|1097|0x0000000624800000, 0x0000000624800000, 0x0000000625000000|  0%| F|  |TAMS 0x0000000624800000| PB 0x0000000624800000| Untracked 
|1098|0x0000000625000000, 0x0000000625000000, 0x0000000625800000|  0%| F|  |TAMS 0x0000000625000000| PB 0x0000000625000000| Untracked 
|1099|0x0000000625800000, 0x0000000625800000, 0x0000000626000000|  0%| F|  |TAMS 0x0000000625800000| PB 0x0000000625800000| Untracked 
|1100|0x0000000626000000, 0x0000000626000000, 0x0000000626800000|  0%| F|  |TAMS 0x0000000626000000| PB 0x0000000626000000| Untracked 
|1101|0x0000000626800000, 0x0000000626800000, 0x0000000627000000|  0%| F|  |TAMS 0x0000000626800000| PB 0x0000000626800000| Untracked 
|1102|0x0000000627000000, 0x0000000627000000, 0x0000000627800000|  0%| F|  |TAMS 0x0000000627000000| PB 0x0000000627000000| Untracked 
|1103|0x0000000627800000, 0x0000000627800000, 0x0000000628000000|  0%| F|  |TAMS 0x0000000627800000| PB 0x0000000627800000| Untracked 
|1104|0x0000000628000000, 0x0000000628000000, 0x0000000628800000|  0%| F|  |TAMS 0x0000000628000000| PB 0x0000000628000000| Untracked 
|1105|0x0000000628800000, 0x0000000628800000, 0x0000000629000000|  0%| F|  |TAMS 0x0000000628800000| PB 0x0000000628800000| Untracked 
|1106|0x0000000629000000, 0x0000000629000000, 0x0000000629800000|  0%| F|  |TAMS 0x0000000629000000| PB 0x0000000629000000| Untracked 
|1107|0x0000000629800000, 0x0000000629800000, 0x000000062a000000|  0%| F|  |TAMS 0x0000000629800000| PB 0x0000000629800000| Untracked 
|1108|0x000000062a000000, 0x000000062a000000, 0x000000062a800000|  0%| F|  |TAMS 0x000000062a000000| PB 0x000000062a000000| Untracked 
|1109|0x000000062a800000, 0x000000062a800000, 0x000000062b000000|  0%| F|  |TAMS 0x000000062a800000| PB 0x000000062a800000| Untracked 
|1110|0x000000062b000000, 0x000000062b000000, 0x000000062b800000|  0%| F|  |TAMS 0x000000062b000000| PB 0x000000062b000000| Untracked 
|1111|0x000000062b800000, 0x000000062b800000, 0x000000062c000000|  0%| F|  |TAMS 0x000000062b800000| PB 0x000000062b800000| Untracked 
|1112|0x000000062c000000, 0x000000062c000000, 0x000000062c800000|  0%| F|  |TAMS 0x000000062c000000| PB 0x000000062c000000| Untracked 
|1113|0x000000062c800000, 0x000000062c800000, 0x000000062d000000|  0%| F|  |TAMS 0x000000062c800000| PB 0x000000062c800000| Untracked 
|1114|0x000000062d000000, 0x000000062d000000, 0x000000062d800000|  0%| F|  |TAMS 0x000000062d000000| PB 0x000000062d000000| Untracked 
|1115|0x000000062d800000, 0x000000062d800000, 0x000000062e000000|  0%| F|  |TAMS 0x000000062d800000| PB 0x000000062d800000| Untracked 
|1116|0x000000062e000000, 0x000000062e000000, 0x000000062e800000|  0%| F|  |TAMS 0x000000062e000000| PB 0x000000062e000000| Untracked 
|1117|0x000000062e800000, 0x000000062e800000, 0x000000062f000000|  0%| F|  |TAMS 0x000000062e800000| PB 0x000000062e800000| Untracked 
|1118|0x000000062f000000, 0x000000062f000000, 0x000000062f800000|  0%| F|  |TAMS 0x000000062f000000| PB 0x000000062f000000| Untracked 
|1119|0x000000062f800000, 0x000000062f800000, 0x0000000630000000|  0%| F|  |TAMS 0x000000062f800000| PB 0x000000062f800000| Untracked 
|1120|0x0000000630000000, 0x0000000630000000, 0x0000000630800000|  0%| F|  |TAMS 0x0000000630000000| PB 0x0000000630000000| Untracked 
|1121|0x0000000630800000, 0x0000000630800000, 0x0000000631000000|  0%| F|  |TAMS 0x0000000630800000| PB 0x0000000630800000| Untracked 
|1122|0x0000000631000000, 0x0000000631000000, 0x0000000631800000|  0%| F|  |TAMS 0x0000000631000000| PB 0x0000000631000000| Untracked 
|1123|0x0000000631800000, 0x0000000631800000, 0x0000000632000000|  0%| F|  |TAMS 0x0000000631800000| PB 0x0000000631800000| Untracked 
|1124|0x0000000632000000, 0x0000000632000000, 0x0000000632800000|  0%| F|  |TAMS 0x0000000632000000| PB 0x0000000632000000| Untracked 
|1125|0x0000000632800000, 0x0000000632800000, 0x0000000633000000|  0%| F|  |TAMS 0x0000000632800000| PB 0x0000000632800000| Untracked 
|1126|0x0000000633000000, 0x0000000633000000, 0x0000000633800000|  0%| F|  |TAMS 0x0000000633000000| PB 0x0000000633000000| Untracked 
|1127|0x0000000633800000, 0x0000000633800000, 0x0000000634000000|  0%| F|  |TAMS 0x0000000633800000| PB 0x0000000633800000| Untracked 
|1128|0x0000000634000000, 0x0000000634000000, 0x0000000634800000|  0%| F|  |TAMS 0x0000000634000000| PB 0x0000000634000000| Untracked 
|1129|0x0000000634800000, 0x0000000634800000, 0x0000000635000000|  0%| F|  |TAMS 0x0000000634800000| PB 0x0000000634800000| Untracked 
|1130|0x0000000635000000, 0x0000000635000000, 0x0000000635800000|  0%| F|  |TAMS 0x0000000635000000| PB 0x0000000635000000| Untracked 
|1131|0x0000000635800000, 0x0000000635800000, 0x0000000636000000|  0%| F|  |TAMS 0x0000000635800000| PB 0x0000000635800000| Untracked 
|1132|0x0000000636000000, 0x0000000636000000, 0x0000000636800000|  0%| F|  |TAMS 0x0000000636000000| PB 0x0000000636000000| Untracked 
|1133|0x0000000636800000, 0x0000000636800000, 0x0000000637000000|  0%| F|  |TAMS 0x0000000636800000| PB 0x0000000636800000| Untracked 
|1134|0x0000000637000000, 0x0000000637000000, 0x0000000637800000|  0%| F|  |TAMS 0x0000000637000000| PB 0x0000000637000000| Untracked 
|1135|0x0000000637800000, 0x0000000637800000, 0x0000000638000000|  0%| F|  |TAMS 0x0000000637800000| PB 0x0000000637800000| Untracked 
|1136|0x0000000638000000, 0x0000000638000000, 0x0000000638800000|  0%| F|  |TAMS 0x0000000638000000| PB 0x0000000638000000| Untracked 
|1137|0x0000000638800000, 0x0000000638800000, 0x0000000639000000|  0%| F|  |TAMS 0x0000000638800000| PB 0x0000000638800000| Untracked 
|1138|0x0000000639000000, 0x0000000639000000, 0x0000000639800000|  0%| F|  |TAMS 0x0000000639000000| PB 0x0000000639000000| Untracked 
|1139|0x0000000639800000, 0x0000000639800000, 0x000000063a000000|  0%| F|  |TAMS 0x0000000639800000| PB 0x0000000639800000| Untracked 
|1140|0x000000063a000000, 0x000000063a000000, 0x000000063a800000|  0%| F|  |TAMS 0x000000063a000000| PB 0x000000063a000000| Untracked 
|1141|0x000000063a800000, 0x000000063a800000, 0x000000063b000000|  0%| F|  |TAMS 0x000000063a800000| PB 0x000000063a800000| Untracked 
|1142|0x000000063b000000, 0x000000063b000000, 0x000000063b800000|  0%| F|  |TAMS 0x000000063b000000| PB 0x000000063b000000| Untracked 
|1143|0x000000063b800000, 0x000000063b800000, 0x000000063c000000|  0%| F|  |TAMS 0x000000063b800000| PB 0x000000063b800000| Untracked 
|1144|0x000000063c000000, 0x000000063c000000, 0x000000063c800000|  0%| F|  |TAMS 0x000000063c000000| PB 0x000000063c000000| Untracked 
|1145|0x000000063c800000, 0x000000063c800000, 0x000000063d000000|  0%| F|  |TAMS 0x000000063c800000| PB 0x000000063c800000| Untracked 
|1146|0x000000063d000000, 0x000000063d000000, 0x000000063d800000|  0%| F|  |TAMS 0x000000063d000000| PB 0x000000063d000000| Untracked 
|1147|0x000000063d800000, 0x000000063d800000, 0x000000063e000000|  0%| F|  |TAMS 0x000000063d800000| PB 0x000000063d800000| Untracked 
|1148|0x000000063e000000, 0x000000063e000000, 0x000000063e800000|  0%| F|  |TAMS 0x000000063e000000| PB 0x000000063e000000| Untracked 
|1149|0x000000063e800000, 0x000000063e800000, 0x000000063f000000|  0%| F|  |TAMS 0x000000063e800000| PB 0x000000063e800000| Untracked 
|1150|0x000000063f000000, 0x000000063f000000, 0x000000063f800000|  0%| F|  |TAMS 0x000000063f000000| PB 0x000000063f000000| Untracked 
|1151|0x000000063f800000, 0x000000063f800000, 0x0000000640000000|  0%| F|  |TAMS 0x000000063f800000| PB 0x000000063f800000| Untracked 
|1152|0x0000000640000000, 0x0000000640000000, 0x0000000640800000|  0%| F|  |TAMS 0x0000000640000000| PB 0x0000000640000000| Untracked 
|1153|0x0000000640800000, 0x0000000640800000, 0x0000000641000000|  0%| F|  |TAMS 0x0000000640800000| PB 0x0000000640800000| Untracked 
|1154|0x0000000641000000, 0x0000000641000000, 0x0000000641800000|  0%| F|  |TAMS 0x0000000641000000| PB 0x0000000641000000| Untracked 
|1155|0x0000000641800000, 0x0000000641800000, 0x0000000642000000|  0%| F|  |TAMS 0x0000000641800000| PB 0x0000000641800000| Untracked 
|1156|0x0000000642000000, 0x0000000642000000, 0x0000000642800000|  0%| F|  |TAMS 0x0000000642000000| PB 0x0000000642000000| Untracked 
|1157|0x0000000642800000, 0x0000000642800000, 0x0000000643000000|  0%| F|  |TAMS 0x0000000642800000| PB 0x0000000642800000| Untracked 
|1158|0x0000000643000000, 0x0000000643000000, 0x0000000643800000|  0%| F|  |TAMS 0x0000000643000000| PB 0x0000000643000000| Untracked 
|1159|0x0000000643800000, 0x0000000643800000, 0x0000000644000000|  0%| F|  |TAMS 0x0000000643800000| PB 0x0000000643800000| Untracked 
|1160|0x0000000644000000, 0x0000000644000000, 0x0000000644800000|  0%| F|  |TAMS 0x0000000644000000| PB 0x0000000644000000| Untracked 
|1161|0x0000000644800000, 0x0000000644800000, 0x0000000645000000|  0%| F|  |TAMS 0x0000000644800000| PB 0x0000000644800000| Untracked 
|1162|0x0000000645000000, 0x0000000645000000, 0x0000000645800000|  0%| F|  |TAMS 0x0000000645000000| PB 0x0000000645000000| Untracked 
|1163|0x0000000645800000, 0x0000000645800000, 0x0000000646000000|  0%| F|  |TAMS 0x0000000645800000| PB 0x0000000645800000| Untracked 
|1164|0x0000000646000000, 0x0000000646000000, 0x0000000646800000|  0%| F|  |TAMS 0x0000000646000000| PB 0x0000000646000000| Untracked 
|1165|0x0000000646800000, 0x0000000646800000, 0x0000000647000000|  0%| F|  |TAMS 0x0000000646800000| PB 0x0000000646800000| Untracked 
|1166|0x0000000647000000, 0x0000000647000000, 0x0000000647800000|  0%| F|  |TAMS 0x0000000647000000| PB 0x0000000647000000| Untracked 
|1167|0x0000000647800000, 0x0000000647800000, 0x0000000648000000|  0%| F|  |TAMS 0x0000000647800000| PB 0x0000000647800000| Untracked 
|1168|0x0000000648000000, 0x0000000648000000, 0x0000000648800000|  0%| F|  |TAMS 0x0000000648000000| PB 0x0000000648000000| Untracked 
|1169|0x0000000648800000, 0x0000000648800000, 0x0000000649000000|  0%| F|  |TAMS 0x0000000648800000| PB 0x0000000648800000| Untracked 
|1170|0x0000000649000000, 0x0000000649000000, 0x0000000649800000|  0%| F|  |TAMS 0x0000000649000000| PB 0x0000000649000000| Untracked 
|1171|0x0000000649800000, 0x0000000649800000, 0x000000064a000000|  0%| F|  |TAMS 0x0000000649800000| PB 0x0000000649800000| Untracked 
|1172|0x000000064a000000, 0x000000064a000000, 0x000000064a800000|  0%| F|  |TAMS 0x000000064a000000| PB 0x000000064a000000| Untracked 
|1173|0x000000064a800000, 0x000000064a800000, 0x000000064b000000|  0%| F|  |TAMS 0x000000064a800000| PB 0x000000064a800000| Untracked 
|1174|0x000000064b000000, 0x000000064b000000, 0x000000064b800000|  0%| F|  |TAMS 0x000000064b000000| PB 0x000000064b000000| Untracked 
|1175|0x000000064b800000, 0x000000064b800000, 0x000000064c000000|  0%| F|  |TAMS 0x000000064b800000| PB 0x000000064b800000| Untracked 
|1176|0x000000064c000000, 0x000000064c000000, 0x000000064c800000|  0%| F|  |TAMS 0x000000064c000000| PB 0x000000064c000000| Untracked 
|1177|0x000000064c800000, 0x000000064c800000, 0x000000064d000000|  0%| F|  |TAMS 0x000000064c800000| PB 0x000000064c800000| Untracked 
|1178|0x000000064d000000, 0x000000064d000000, 0x000000064d800000|  0%| F|  |TAMS 0x000000064d000000| PB 0x000000064d000000| Untracked 
|1179|0x000000064d800000, 0x000000064d800000, 0x000000064e000000|  0%| F|  |TAMS 0x000000064d800000| PB 0x000000064d800000| Untracked 
|1180|0x000000064e000000, 0x000000064e000000, 0x000000064e800000|  0%| F|  |TAMS 0x000000064e000000| PB 0x000000064e000000| Untracked 
|1181|0x000000064e800000, 0x000000064e800000, 0x000000064f000000|  0%| F|  |TAMS 0x000000064e800000| PB 0x000000064e800000| Untracked 
|1182|0x000000064f000000, 0x000000064f000000, 0x000000064f800000|  0%| F|  |TAMS 0x000000064f000000| PB 0x000000064f000000| Untracked 
|1183|0x000000064f800000, 0x000000064f800000, 0x0000000650000000|  0%| F|  |TAMS 0x000000064f800000| PB 0x000000064f800000| Untracked 
|1184|0x0000000650000000, 0x0000000650000000, 0x0000000650800000|  0%| F|  |TAMS 0x0000000650000000| PB 0x0000000650000000| Untracked 
|1185|0x0000000650800000, 0x0000000650800000, 0x0000000651000000|  0%| F|  |TAMS 0x0000000650800000| PB 0x0000000650800000| Untracked 
|1186|0x0000000651000000, 0x0000000651000000, 0x0000000651800000|  0%| F|  |TAMS 0x0000000651000000| PB 0x0000000651000000| Untracked 
|1187|0x0000000651800000, 0x0000000651800000, 0x0000000652000000|  0%| F|  |TAMS 0x0000000651800000| PB 0x0000000651800000| Untracked 
|1188|0x0000000652000000, 0x0000000652000000, 0x0000000652800000|  0%| F|  |TAMS 0x0000000652000000| PB 0x0000000652000000| Untracked 
|1189|0x0000000652800000, 0x0000000652800000, 0x0000000653000000|  0%| F|  |TAMS 0x0000000652800000| PB 0x0000000652800000| Untracked 
|1190|0x0000000653000000, 0x0000000653000000, 0x0000000653800000|  0%| F|  |TAMS 0x0000000653000000| PB 0x0000000653000000| Untracked 
|1191|0x0000000653800000, 0x0000000653800000, 0x0000000654000000|  0%| F|  |TAMS 0x0000000653800000| PB 0x0000000653800000| Untracked 
|1192|0x0000000654000000, 0x0000000654000000, 0x0000000654800000|  0%| F|  |TAMS 0x0000000654000000| PB 0x0000000654000000| Untracked 
|1193|0x0000000654800000, 0x0000000654800000, 0x0000000655000000|  0%| F|  |TAMS 0x0000000654800000| PB 0x0000000654800000| Untracked 
|1194|0x0000000655000000, 0x0000000655000000, 0x0000000655800000|  0%| F|  |TAMS 0x0000000655000000| PB 0x0000000655000000| Untracked 
|1195|0x0000000655800000, 0x0000000655800000, 0x0000000656000000|  0%| F|  |TAMS 0x0000000655800000| PB 0x0000000655800000| Untracked 
|1196|0x0000000656000000, 0x0000000656000000, 0x0000000656800000|  0%| F|  |TAMS 0x0000000656000000| PB 0x0000000656000000| Untracked 
|1197|0x0000000656800000, 0x0000000656800000, 0x0000000657000000|  0%| F|  |TAMS 0x0000000656800000| PB 0x0000000656800000| Untracked 
|1198|0x0000000657000000, 0x0000000657000000, 0x0000000657800000|  0%| F|  |TAMS 0x0000000657000000| PB 0x0000000657000000| Untracked 
|1199|0x0000000657800000, 0x0000000657800000, 0x0000000658000000|  0%| F|  |TAMS 0x0000000657800000| PB 0x0000000657800000| Untracked 
|1200|0x0000000658000000, 0x0000000658000000, 0x0000000658800000|  0%| F|  |TAMS 0x0000000658000000| PB 0x0000000658000000| Untracked 
|1201|0x0000000658800000, 0x0000000658800000, 0x0000000659000000|  0%| F|  |TAMS 0x0000000658800000| PB 0x0000000658800000| Untracked 
|1202|0x0000000659000000, 0x0000000659000000, 0x0000000659800000|  0%| F|  |TAMS 0x0000000659000000| PB 0x0000000659000000| Untracked 
|1203|0x0000000659800000, 0x0000000659800000, 0x000000065a000000|  0%| F|  |TAMS 0x0000000659800000| PB 0x0000000659800000| Untracked 
|1204|0x000000065a000000, 0x000000065a000000, 0x000000065a800000|  0%| F|  |TAMS 0x000000065a000000| PB 0x000000065a000000| Untracked 
|1205|0x000000065a800000, 0x000000065a800000, 0x000000065b000000|  0%| F|  |TAMS 0x000000065a800000| PB 0x000000065a800000| Untracked 
|1206|0x000000065b000000, 0x000000065b000000, 0x000000065b800000|  0%| F|  |TAMS 0x000000065b000000| PB 0x000000065b000000| Untracked 
|1207|0x000000065b800000, 0x000000065b800000, 0x000000065c000000|  0%| F|  |TAMS 0x000000065b800000| PB 0x000000065b800000| Untracked 
|1208|0x000000065c000000, 0x000000065c000000, 0x000000065c800000|  0%| F|  |TAMS 0x000000065c000000| PB 0x000000065c000000| Untracked 
|1209|0x000000065c800000, 0x000000065c800000, 0x000000065d000000|  0%| F|  |TAMS 0x000000065c800000| PB 0x000000065c800000| Untracked 
|1210|0x000000065d000000, 0x000000065d000000, 0x000000065d800000|  0%| F|  |TAMS 0x000000065d000000| PB 0x000000065d000000| Untracked 
|1211|0x000000065d800000, 0x000000065d800000, 0x000000065e000000|  0%| F|  |TAMS 0x000000065d800000| PB 0x000000065d800000| Untracked 
|1212|0x000000065e000000, 0x000000065e000000, 0x000000065e800000|  0%| F|  |TAMS 0x000000065e000000| PB 0x000000065e000000| Untracked 
|1213|0x000000065e800000, 0x000000065e800000, 0x000000065f000000|  0%| F|  |TAMS 0x000000065e800000| PB 0x000000065e800000| Untracked 
|1214|0x000000065f000000, 0x000000065f000000, 0x000000065f800000|  0%| F|  |TAMS 0x000000065f000000| PB 0x000000065f000000| Untracked 
|1215|0x000000065f800000, 0x000000065f800000, 0x0000000660000000|  0%| F|  |TAMS 0x000000065f800000| PB 0x000000065f800000| Untracked 
|1216|0x0000000660000000, 0x0000000660000000, 0x0000000660800000|  0%| F|  |TAMS 0x0000000660000000| PB 0x0000000660000000| Untracked 
|1217|0x0000000660800000, 0x0000000660800000, 0x0000000661000000|  0%| F|  |TAMS 0x0000000660800000| PB 0x0000000660800000| Untracked 
|1218|0x0000000661000000, 0x0000000661000000, 0x0000000661800000|  0%| F|  |TAMS 0x0000000661000000| PB 0x0000000661000000| Untracked 
|1219|0x0000000661800000, 0x0000000661800000, 0x0000000662000000|  0%| F|  |TAMS 0x0000000661800000| PB 0x0000000661800000| Untracked 
|1220|0x0000000662000000, 0x0000000662000000, 0x0000000662800000|  0%| F|  |TAMS 0x0000000662000000| PB 0x0000000662000000| Untracked 
|1221|0x0000000662800000, 0x0000000662800000, 0x0000000663000000|  0%| F|  |TAMS 0x0000000662800000| PB 0x0000000662800000| Untracked 
|1222|0x0000000663000000, 0x0000000663000000, 0x0000000663800000|  0%| F|  |TAMS 0x0000000663000000| PB 0x0000000663000000| Untracked 
|1223|0x0000000663800000, 0x0000000663800000, 0x0000000664000000|  0%| F|  |TAMS 0x0000000663800000| PB 0x0000000663800000| Untracked 
|1224|0x0000000664000000, 0x0000000664000000, 0x0000000664800000|  0%| F|  |TAMS 0x0000000664000000| PB 0x0000000664000000| Untracked 
|1225|0x0000000664800000, 0x0000000664800000, 0x0000000665000000|  0%| F|  |TAMS 0x0000000664800000| PB 0x0000000664800000| Untracked 
|1226|0x0000000665000000, 0x0000000665000000, 0x0000000665800000|  0%| F|  |TAMS 0x0000000665000000| PB 0x0000000665000000| Untracked 
|1227|0x0000000665800000, 0x0000000665800000, 0x0000000666000000|  0%| F|  |TAMS 0x0000000665800000| PB 0x0000000665800000| Untracked 
|1228|0x0000000666000000, 0x0000000666000000, 0x0000000666800000|  0%| F|  |TAMS 0x0000000666000000| PB 0x0000000666000000| Untracked 
|1229|0x0000000666800000, 0x0000000666800000, 0x0000000667000000|  0%| F|  |TAMS 0x0000000666800000| PB 0x0000000666800000| Untracked 
|1230|0x0000000667000000, 0x0000000667000000, 0x0000000667800000|  0%| F|  |TAMS 0x0000000667000000| PB 0x0000000667000000| Untracked 
|1231|0x0000000667800000, 0x0000000667800000, 0x0000000668000000|  0%| F|  |TAMS 0x0000000667800000| PB 0x0000000667800000| Untracked 
|1232|0x0000000668000000, 0x0000000668000000, 0x0000000668800000|  0%| F|  |TAMS 0x0000000668000000| PB 0x0000000668000000| Untracked 
|1233|0x0000000668800000, 0x0000000668800000, 0x0000000669000000|  0%| F|  |TAMS 0x0000000668800000| PB 0x0000000668800000| Untracked 
|1234|0x0000000669000000, 0x0000000669000000, 0x0000000669800000|  0%| F|  |TAMS 0x0000000669000000| PB 0x0000000669000000| Untracked 
|1235|0x0000000669800000, 0x0000000669800000, 0x000000066a000000|  0%| F|  |TAMS 0x0000000669800000| PB 0x0000000669800000| Untracked 
|1236|0x000000066a000000, 0x000000066a000000, 0x000000066a800000|  0%| F|  |TAMS 0x000000066a000000| PB 0x000000066a000000| Untracked 
|1237|0x000000066a800000, 0x000000066a800000, 0x000000066b000000|  0%| F|  |TAMS 0x000000066a800000| PB 0x000000066a800000| Untracked 
|1238|0x000000066b000000, 0x000000066b000000, 0x000000066b800000|  0%| F|  |TAMS 0x000000066b000000| PB 0x000000066b000000| Untracked 
|1239|0x000000066b800000, 0x000000066b800000, 0x000000066c000000|  0%| F|  |TAMS 0x000000066b800000| PB 0x000000066b800000| Untracked 
|1240|0x000000066c000000, 0x000000066c000000, 0x000000066c800000|  0%| F|  |TAMS 0x000000066c000000| PB 0x000000066c000000| Untracked 
|1241|0x000000066c800000, 0x000000066c800000, 0x000000066d000000|  0%| F|  |TAMS 0x000000066c800000| PB 0x000000066c800000| Untracked 
|1242|0x000000066d000000, 0x000000066d000000, 0x000000066d800000|  0%| F|  |TAMS 0x000000066d000000| PB 0x000000066d000000| Untracked 
|1243|0x000000066d800000, 0x000000066d800000, 0x000000066e000000|  0%| F|  |TAMS 0x000000066d800000| PB 0x000000066d800000| Untracked 
|1244|0x000000066e000000, 0x000000066e000000, 0x000000066e800000|  0%| F|  |TAMS 0x000000066e000000| PB 0x000000066e000000| Untracked 
|1245|0x000000066e800000, 0x000000066e800000, 0x000000066f000000|  0%| F|  |TAMS 0x000000066e800000| PB 0x000000066e800000| Untracked 
|1246|0x000000066f000000, 0x000000066f000000, 0x000000066f800000|  0%| F|  |TAMS 0x000000066f000000| PB 0x000000066f000000| Untracked 
|1247|0x000000066f800000, 0x000000066f800000, 0x0000000670000000|  0%| F|  |TAMS 0x000000066f800000| PB 0x000000066f800000| Untracked 
|1248|0x0000000670000000, 0x0000000670000000, 0x0000000670800000|  0%| F|  |TAMS 0x0000000670000000| PB 0x0000000670000000| Untracked 
|1249|0x0000000670800000, 0x0000000670800000, 0x0000000671000000|  0%| F|  |TAMS 0x0000000670800000| PB 0x0000000670800000| Untracked 
|1250|0x0000000671000000, 0x0000000671000000, 0x0000000671800000|  0%| F|  |TAMS 0x0000000671000000| PB 0x0000000671000000| Untracked 
|1251|0x0000000671800000, 0x0000000671800000, 0x0000000672000000|  0%| F|  |TAMS 0x0000000671800000| PB 0x0000000671800000| Untracked 
|1252|0x0000000672000000, 0x0000000672000000, 0x0000000672800000|  0%| F|  |TAMS 0x0000000672000000| PB 0x0000000672000000| Untracked 
|1253|0x0000000672800000, 0x0000000672800000, 0x0000000673000000|  0%| F|  |TAMS 0x0000000672800000| PB 0x0000000672800000| Untracked 
|1254|0x0000000673000000, 0x0000000673000000, 0x0000000673800000|  0%| F|  |TAMS 0x0000000673000000| PB 0x0000000673000000| Untracked 
|1255|0x0000000673800000, 0x0000000673800000, 0x0000000674000000|  0%| F|  |TAMS 0x0000000673800000| PB 0x0000000673800000| Untracked 
|1256|0x0000000674000000, 0x0000000674000000, 0x0000000674800000|  0%| F|  |TAMS 0x0000000674000000| PB 0x0000000674000000| Untracked 
|1257|0x0000000674800000, 0x0000000674800000, 0x0000000675000000|  0%| F|  |TAMS 0x0000000674800000| PB 0x0000000674800000| Untracked 
|1258|0x0000000675000000, 0x0000000675000000, 0x0000000675800000|  0%| F|  |TAMS 0x0000000675000000| PB 0x0000000675000000| Untracked 
|1259|0x0000000675800000, 0x0000000675800000, 0x0000000676000000|  0%| F|  |TAMS 0x0000000675800000| PB 0x0000000675800000| Untracked 
|1260|0x0000000676000000, 0x0000000676000000, 0x0000000676800000|  0%| F|  |TAMS 0x0000000676000000| PB 0x0000000676000000| Untracked 
|1261|0x0000000676800000, 0x0000000676800000, 0x0000000677000000|  0%| F|  |TAMS 0x0000000676800000| PB 0x0000000676800000| Untracked 
|1262|0x0000000677000000, 0x0000000677000000, 0x0000000677800000|  0%| F|  |TAMS 0x0000000677000000| PB 0x0000000677000000| Untracked 
|1263|0x0000000677800000, 0x0000000677800000, 0x0000000678000000|  0%| F|  |TAMS 0x0000000677800000| PB 0x0000000677800000| Untracked 
|1264|0x0000000678000000, 0x0000000678000000, 0x0000000678800000|  0%| F|  |TAMS 0x0000000678000000| PB 0x0000000678000000| Untracked 
|1265|0x0000000678800000, 0x0000000678800000, 0x0000000679000000|  0%| F|  |TAMS 0x0000000678800000| PB 0x0000000678800000| Untracked 
|1266|0x0000000679000000, 0x0000000679000000, 0x0000000679800000|  0%| F|  |TAMS 0x0000000679000000| PB 0x0000000679000000| Untracked 
|1267|0x0000000679800000, 0x0000000679800000, 0x000000067a000000|  0%| F|  |TAMS 0x0000000679800000| PB 0x0000000679800000| Untracked 
|1268|0x000000067a000000, 0x000000067a000000, 0x000000067a800000|  0%| F|  |TAMS 0x000000067a000000| PB 0x000000067a000000| Untracked 
|1269|0x000000067a800000, 0x000000067a800000, 0x000000067b000000|  0%| F|  |TAMS 0x000000067a800000| PB 0x000000067a800000| Untracked 
|1270|0x000000067b000000, 0x000000067b000000, 0x000000067b800000|  0%| F|  |TAMS 0x000000067b000000| PB 0x000000067b000000| Untracked 
|1271|0x000000067b800000, 0x000000067b800000, 0x000000067c000000|  0%| F|  |TAMS 0x000000067b800000| PB 0x000000067b800000| Untracked 
|1272|0x000000067c000000, 0x000000067c000000, 0x000000067c800000|  0%| F|  |TAMS 0x000000067c000000| PB 0x000000067c000000| Untracked 
|1273|0x000000067c800000, 0x000000067c800000, 0x000000067d000000|  0%| F|  |TAMS 0x000000067c800000| PB 0x000000067c800000| Untracked 
|1274|0x000000067d000000, 0x000000067d000000, 0x000000067d800000|  0%| F|  |TAMS 0x000000067d000000| PB 0x000000067d000000| Untracked 
|1275|0x000000067d800000, 0x000000067d800000, 0x000000067e000000|  0%| F|  |TAMS 0x000000067d800000| PB 0x000000067d800000| Untracked 
|1276|0x000000067e000000, 0x000000067e000000, 0x000000067e800000|  0%| F|  |TAMS 0x000000067e000000| PB 0x000000067e000000| Untracked 
|1277|0x000000067e800000, 0x000000067e800000, 0x000000067f000000|  0%| F|  |TAMS 0x000000067e800000| PB 0x000000067e800000| Untracked 
|1278|0x000000067f000000, 0x000000067f000000, 0x000000067f800000|  0%| F|  |TAMS 0x000000067f000000| PB 0x000000067f000000| Untracked 
|1279|0x000000067f800000, 0x000000067f800000, 0x0000000680000000|  0%| F|  |TAMS 0x000000067f800000| PB 0x000000067f800000| Untracked 
|1280|0x0000000680000000, 0x0000000680000000, 0x0000000680800000|  0%| F|  |TAMS 0x0000000680000000| PB 0x0000000680000000| Untracked 
|1281|0x0000000680800000, 0x0000000680800000, 0x0000000681000000|  0%| F|  |TAMS 0x0000000680800000| PB 0x0000000680800000| Untracked 
|1282|0x0000000681000000, 0x0000000681000000, 0x0000000681800000|  0%| F|  |TAMS 0x0000000681000000| PB 0x0000000681000000| Untracked 
|1283|0x0000000681800000, 0x0000000681800000, 0x0000000682000000|  0%| F|  |TAMS 0x0000000681800000| PB 0x0000000681800000| Untracked 
|1284|0x0000000682000000, 0x0000000682000000, 0x0000000682800000|  0%| F|  |TAMS 0x0000000682000000| PB 0x0000000682000000| Untracked 
|1285|0x0000000682800000, 0x0000000682800000, 0x0000000683000000|  0%| F|  |TAMS 0x0000000682800000| PB 0x0000000682800000| Untracked 
|1286|0x0000000683000000, 0x0000000683000000, 0x0000000683800000|  0%| F|  |TAMS 0x0000000683000000| PB 0x0000000683000000| Untracked 
|1287|0x0000000683800000, 0x0000000683800000, 0x0000000684000000|  0%| F|  |TAMS 0x0000000683800000| PB 0x0000000683800000| Untracked 
|1288|0x0000000684000000, 0x0000000684000000, 0x0000000684800000|  0%| F|  |TAMS 0x0000000684000000| PB 0x0000000684000000| Untracked 
|1289|0x0000000684800000, 0x0000000684800000, 0x0000000685000000|  0%| F|  |TAMS 0x0000000684800000| PB 0x0000000684800000| Untracked 
|1290|0x0000000685000000, 0x0000000685000000, 0x0000000685800000|  0%| F|  |TAMS 0x0000000685000000| PB 0x0000000685000000| Untracked 
|1291|0x0000000685800000, 0x0000000685800000, 0x0000000686000000|  0%| F|  |TAMS 0x0000000685800000| PB 0x0000000685800000| Untracked 
|1292|0x0000000686000000, 0x0000000686000000, 0x0000000686800000|  0%| F|  |TAMS 0x0000000686000000| PB 0x0000000686000000| Untracked 
|1293|0x0000000686800000, 0x0000000686800000, 0x0000000687000000|  0%| F|  |TAMS 0x0000000686800000| PB 0x0000000686800000| Untracked 
|1294|0x0000000687000000, 0x0000000687000000, 0x0000000687800000|  0%| F|  |TAMS 0x0000000687000000| PB 0x0000000687000000| Untracked 
|1295|0x0000000687800000, 0x0000000687800000, 0x0000000688000000|  0%| F|  |TAMS 0x0000000687800000| PB 0x0000000687800000| Untracked 
|1296|0x0000000688000000, 0x0000000688000000, 0x0000000688800000|  0%| F|  |TAMS 0x0000000688000000| PB 0x0000000688000000| Untracked 
|1297|0x0000000688800000, 0x0000000688800000, 0x0000000689000000|  0%| F|  |TAMS 0x0000000688800000| PB 0x0000000688800000| Untracked 
|1298|0x0000000689000000, 0x0000000689000000, 0x0000000689800000|  0%| F|  |TAMS 0x0000000689000000| PB 0x0000000689000000| Untracked 
|1299|0x0000000689800000, 0x0000000689800000, 0x000000068a000000|  0%| F|  |TAMS 0x0000000689800000| PB 0x0000000689800000| Untracked 
|1300|0x000000068a000000, 0x000000068a000000, 0x000000068a800000|  0%| F|  |TAMS 0x000000068a000000| PB 0x000000068a000000| Untracked 
|1301|0x000000068a800000, 0x000000068a800000, 0x000000068b000000|  0%| F|  |TAMS 0x000000068a800000| PB 0x000000068a800000| Untracked 
|1302|0x000000068b000000, 0x000000068b000000, 0x000000068b800000|  0%| F|  |TAMS 0x000000068b000000| PB 0x000000068b000000| Untracked 
|1303|0x000000068b800000, 0x000000068b800000, 0x000000068c000000|  0%| F|  |TAMS 0x000000068b800000| PB 0x000000068b800000| Untracked 
|1304|0x000000068c000000, 0x000000068c000000, 0x000000068c800000|  0%| F|  |TAMS 0x000000068c000000| PB 0x000000068c000000| Untracked 
|1305|0x000000068c800000, 0x000000068c800000, 0x000000068d000000|  0%| F|  |TAMS 0x000000068c800000| PB 0x000000068c800000| Untracked 
|1306|0x000000068d000000, 0x000000068d000000, 0x000000068d800000|  0%| F|  |TAMS 0x000000068d000000| PB 0x000000068d000000| Untracked 
|1307|0x000000068d800000, 0x000000068d800000, 0x000000068e000000|  0%| F|  |TAMS 0x000000068d800000| PB 0x000000068d800000| Untracked 
|1308|0x000000068e000000, 0x000000068e000000, 0x000000068e800000|  0%| F|  |TAMS 0x000000068e000000| PB 0x000000068e000000| Untracked 
|1309|0x000000068e800000, 0x000000068e800000, 0x000000068f000000|  0%| F|  |TAMS 0x000000068e800000| PB 0x000000068e800000| Untracked 
|1310|0x000000068f000000, 0x000000068f000000, 0x000000068f800000|  0%| F|  |TAMS 0x000000068f000000| PB 0x000000068f000000| Untracked 
|1311|0x000000068f800000, 0x000000068f800000, 0x0000000690000000|  0%| F|  |TAMS 0x000000068f800000| PB 0x000000068f800000| Untracked 
|1312|0x0000000690000000, 0x0000000690000000, 0x0000000690800000|  0%| F|  |TAMS 0x0000000690000000| PB 0x0000000690000000| Untracked 
|1313|0x0000000690800000, 0x0000000690800000, 0x0000000691000000|  0%| F|  |TAMS 0x0000000690800000| PB 0x0000000690800000| Untracked 
|1314|0x0000000691000000, 0x0000000691000000, 0x0000000691800000|  0%| F|  |TAMS 0x0000000691000000| PB 0x0000000691000000| Untracked 
|1315|0x0000000691800000, 0x0000000691800000, 0x0000000692000000|  0%| F|  |TAMS 0x0000000691800000| PB 0x0000000691800000| Untracked 
|1316|0x0000000692000000, 0x0000000692000000, 0x0000000692800000|  0%| F|  |TAMS 0x0000000692000000| PB 0x0000000692000000| Untracked 
|1317|0x0000000692800000, 0x0000000692800000, 0x0000000693000000|  0%| F|  |TAMS 0x0000000692800000| PB 0x0000000692800000| Untracked 
|1318|0x0000000693000000, 0x0000000693000000, 0x0000000693800000|  0%| F|  |TAMS 0x0000000693000000| PB 0x0000000693000000| Untracked 
|1319|0x0000000693800000, 0x0000000693800000, 0x0000000694000000|  0%| F|  |TAMS 0x0000000693800000| PB 0x0000000693800000| Untracked 
|1320|0x0000000694000000, 0x0000000694000000, 0x0000000694800000|  0%| F|  |TAMS 0x0000000694000000| PB 0x0000000694000000| Untracked 
|1321|0x0000000694800000, 0x0000000694800000, 0x0000000695000000|  0%| F|  |TAMS 0x0000000694800000| PB 0x0000000694800000| Untracked 
|1322|0x0000000695000000, 0x0000000695000000, 0x0000000695800000|  0%| F|  |TAMS 0x0000000695000000| PB 0x0000000695000000| Untracked 
|1323|0x0000000695800000, 0x0000000695800000, 0x0000000696000000|  0%| F|  |TAMS 0x0000000695800000| PB 0x0000000695800000| Untracked 
|1324|0x0000000696000000, 0x0000000696000000, 0x0000000696800000|  0%| F|  |TAMS 0x0000000696000000| PB 0x0000000696000000| Untracked 
|1325|0x0000000696800000, 0x0000000696800000, 0x0000000697000000|  0%| F|  |TAMS 0x0000000696800000| PB 0x0000000696800000| Untracked 
|1326|0x0000000697000000, 0x0000000697000000, 0x0000000697800000|  0%| F|  |TAMS 0x0000000697000000| PB 0x0000000697000000| Untracked 
|1327|0x0000000697800000, 0x0000000697800000, 0x0000000698000000|  0%| F|  |TAMS 0x0000000697800000| PB 0x0000000697800000| Untracked 
|1328|0x0000000698000000, 0x0000000698000000, 0x0000000698800000|  0%| F|  |TAMS 0x0000000698000000| PB 0x0000000698000000| Untracked 
|1329|0x0000000698800000, 0x0000000698800000, 0x0000000699000000|  0%| F|  |TAMS 0x0000000698800000| PB 0x0000000698800000| Untracked 
|1330|0x0000000699000000, 0x0000000699000000, 0x0000000699800000|  0%| F|  |TAMS 0x0000000699000000| PB 0x0000000699000000| Untracked 
|1331|0x0000000699800000, 0x0000000699800000, 0x000000069a000000|  0%| F|  |TAMS 0x0000000699800000| PB 0x0000000699800000| Untracked 
|1332|0x000000069a000000, 0x000000069a000000, 0x000000069a800000|  0%| F|  |TAMS 0x000000069a000000| PB 0x000000069a000000| Untracked 
|1333|0x000000069a800000, 0x000000069a800000, 0x000000069b000000|  0%| F|  |TAMS 0x000000069a800000| PB 0x000000069a800000| Untracked 
|1334|0x000000069b000000, 0x000000069b000000, 0x000000069b800000|  0%| F|  |TAMS 0x000000069b000000| PB 0x000000069b000000| Untracked 
|1335|0x000000069b800000, 0x000000069b800000, 0x000000069c000000|  0%| F|  |TAMS 0x000000069b800000| PB 0x000000069b800000| Untracked 
|1336|0x000000069c000000, 0x000000069c000000, 0x000000069c800000|  0%| F|  |TAMS 0x000000069c000000| PB 0x000000069c000000| Untracked 
|1337|0x000000069c800000, 0x000000069c800000, 0x000000069d000000|  0%| F|  |TAMS 0x000000069c800000| PB 0x000000069c800000| Untracked 
|1338|0x000000069d000000, 0x000000069d000000, 0x000000069d800000|  0%| F|  |TAMS 0x000000069d000000| PB 0x000000069d000000| Untracked 
|1339|0x000000069d800000, 0x000000069d800000, 0x000000069e000000|  0%| F|  |TAMS 0x000000069d800000| PB 0x000000069d800000| Untracked 
|1340|0x000000069e000000, 0x000000069e000000, 0x000000069e800000|  0%| F|  |TAMS 0x000000069e000000| PB 0x000000069e000000| Untracked 
|1341|0x000000069e800000, 0x000000069e800000, 0x000000069f000000|  0%| F|  |TAMS 0x000000069e800000| PB 0x000000069e800000| Untracked 
|1342|0x000000069f000000, 0x000000069f000000, 0x000000069f800000|  0%| F|  |TAMS 0x000000069f000000| PB 0x000000069f000000| Untracked 
|1343|0x000000069f800000, 0x000000069f800000, 0x00000006a0000000|  0%| F|  |TAMS 0x000000069f800000| PB 0x000000069f800000| Untracked 
|1344|0x00000006a0000000, 0x00000006a0000000, 0x00000006a0800000|  0%| F|  |TAMS 0x00000006a0000000| PB 0x00000006a0000000| Untracked 
|1345|0x00000006a0800000, 0x00000006a0800000, 0x00000006a1000000|  0%| F|  |TAMS 0x00000006a0800000| PB 0x00000006a0800000| Untracked 
|1346|0x00000006a1000000, 0x00000006a1000000, 0x00000006a1800000|  0%| F|  |TAMS 0x00000006a1000000| PB 0x00000006a1000000| Untracked 
|1347|0x00000006a1800000, 0x00000006a1800000, 0x00000006a2000000|  0%| F|  |TAMS 0x00000006a1800000| PB 0x00000006a1800000| Untracked 
|1348|0x00000006a2000000, 0x00000006a2000000, 0x00000006a2800000|  0%| F|  |TAMS 0x00000006a2000000| PB 0x00000006a2000000| Untracked 
|1349|0x00000006a2800000, 0x00000006a2800000, 0x00000006a3000000|  0%| F|  |TAMS 0x00000006a2800000| PB 0x00000006a2800000| Untracked 
|1350|0x00000006a3000000, 0x00000006a3000000, 0x00000006a3800000|  0%| F|  |TAMS 0x00000006a3000000| PB 0x00000006a3000000| Untracked 
|1351|0x00000006a3800000, 0x00000006a3800000, 0x00000006a4000000|  0%| F|  |TAMS 0x00000006a3800000| PB 0x00000006a3800000| Untracked 
|1352|0x00000006a4000000, 0x00000006a4000000, 0x00000006a4800000|  0%| F|  |TAMS 0x00000006a4000000| PB 0x00000006a4000000| Untracked 
|1353|0x00000006a4800000, 0x00000006a4800000, 0x00000006a5000000|  0%| F|  |TAMS 0x00000006a4800000| PB 0x00000006a4800000| Untracked 
|1354|0x00000006a5000000, 0x00000006a5000000, 0x00000006a5800000|  0%| F|  |TAMS 0x00000006a5000000| PB 0x00000006a5000000| Untracked 
|1355|0x00000006a5800000, 0x00000006a5800000, 0x00000006a6000000|  0%| F|  |TAMS 0x00000006a5800000| PB 0x00000006a5800000| Untracked 
|1356|0x00000006a6000000, 0x00000006a6000000, 0x00000006a6800000|  0%| F|  |TAMS 0x00000006a6000000| PB 0x00000006a6000000| Untracked 
|1357|0x00000006a6800000, 0x00000006a6800000, 0x00000006a7000000|  0%| F|  |TAMS 0x00000006a6800000| PB 0x00000006a6800000| Untracked 
|1358|0x00000006a7000000, 0x00000006a7000000, 0x00000006a7800000|  0%| F|  |TAMS 0x00000006a7000000| PB 0x00000006a7000000| Untracked 
|1359|0x00000006a7800000, 0x00000006a7800000, 0x00000006a8000000|  0%| F|  |TAMS 0x00000006a7800000| PB 0x00000006a7800000| Untracked 
|1360|0x00000006a8000000, 0x00000006a8000000, 0x00000006a8800000|  0%| F|  |TAMS 0x00000006a8000000| PB 0x00000006a8000000| Untracked 
|1361|0x00000006a8800000, 0x00000006a8800000, 0x00000006a9000000|  0%| F|  |TAMS 0x00000006a8800000| PB 0x00000006a8800000| Untracked 
|1362|0x00000006a9000000, 0x00000006a9000000, 0x00000006a9800000|  0%| F|  |TAMS 0x00000006a9000000| PB 0x00000006a9000000| Untracked 
|1363|0x00000006a9800000, 0x00000006a9800000, 0x00000006aa000000|  0%| F|  |TAMS 0x00000006a9800000| PB 0x00000006a9800000| Untracked 
|1364|0x00000006aa000000, 0x00000006aa000000, 0x00000006aa800000|  0%| F|  |TAMS 0x00000006aa000000| PB 0x00000006aa000000| Untracked 
|1365|0x00000006aa800000, 0x00000006aa800000, 0x00000006ab000000|  0%| F|  |TAMS 0x00000006aa800000| PB 0x00000006aa800000| Untracked 
|1366|0x00000006ab000000, 0x00000006ab000000, 0x00000006ab800000|  0%| F|  |TAMS 0x00000006ab000000| PB 0x00000006ab000000| Untracked 
|1367|0x00000006ab800000, 0x00000006ab800000, 0x00000006ac000000|  0%| F|  |TAMS 0x00000006ab800000| PB 0x00000006ab800000| Untracked 
|1368|0x00000006ac000000, 0x00000006ac000000, 0x00000006ac800000|  0%| F|  |TAMS 0x00000006ac000000| PB 0x00000006ac000000| Untracked 
|1369|0x00000006ac800000, 0x00000006ac800000, 0x00000006ad000000|  0%| F|  |TAMS 0x00000006ac800000| PB 0x00000006ac800000| Untracked 
|1370|0x00000006ad000000, 0x00000006ad000000, 0x00000006ad800000|  0%| F|  |TAMS 0x00000006ad000000| PB 0x00000006ad000000| Untracked 
|1371|0x00000006ad800000, 0x00000006ad800000, 0x00000006ae000000|  0%| F|  |TAMS 0x00000006ad800000| PB 0x00000006ad800000| Untracked 
|1372|0x00000006ae000000, 0x00000006ae000000, 0x00000006ae800000|  0%| F|  |TAMS 0x00000006ae000000| PB 0x00000006ae000000| Untracked 
|1373|0x00000006ae800000, 0x00000006ae800000, 0x00000006af000000|  0%| F|  |TAMS 0x00000006ae800000| PB 0x00000006ae800000| Untracked 
|1374|0x00000006af000000, 0x00000006af000000, 0x00000006af800000|  0%| F|  |TAMS 0x00000006af000000| PB 0x00000006af000000| Untracked 
|1375|0x00000006af800000, 0x00000006af800000, 0x00000006b0000000|  0%| F|  |TAMS 0x00000006af800000| PB 0x00000006af800000| Untracked 
|1376|0x00000006b0000000, 0x00000006b0000000, 0x00000006b0800000|  0%| F|  |TAMS 0x00000006b0000000| PB 0x00000006b0000000| Untracked 
|1377|0x00000006b0800000, 0x00000006b0800000, 0x00000006b1000000|  0%| F|  |TAMS 0x00000006b0800000| PB 0x00000006b0800000| Untracked 
|1378|0x00000006b1000000, 0x00000006b1000000, 0x00000006b1800000|  0%| F|  |TAMS 0x00000006b1000000| PB 0x00000006b1000000| Untracked 
|1379|0x00000006b1800000, 0x00000006b1800000, 0x00000006b2000000|  0%| F|  |TAMS 0x00000006b1800000| PB 0x00000006b1800000| Untracked 
|1380|0x00000006b2000000, 0x00000006b2000000, 0x00000006b2800000|  0%| F|  |TAMS 0x00000006b2000000| PB 0x00000006b2000000| Untracked 
|1381|0x00000006b2800000, 0x00000006b2800000, 0x00000006b3000000|  0%| F|  |TAMS 0x00000006b2800000| PB 0x00000006b2800000| Untracked 
|1382|0x00000006b3000000, 0x00000006b3000000, 0x00000006b3800000|  0%| F|  |TAMS 0x00000006b3000000| PB 0x00000006b3000000| Untracked 
|1383|0x00000006b3800000, 0x00000006b3800000, 0x00000006b4000000|  0%| F|  |TAMS 0x00000006b3800000| PB 0x00000006b3800000| Untracked 
|1384|0x00000006b4000000, 0x00000006b4000000, 0x00000006b4800000|  0%| F|  |TAMS 0x00000006b4000000| PB 0x00000006b4000000| Untracked 
|1385|0x00000006b4800000, 0x00000006b4800000, 0x00000006b5000000|  0%| F|  |TAMS 0x00000006b4800000| PB 0x00000006b4800000| Untracked 
|1386|0x00000006b5000000, 0x00000006b5000000, 0x00000006b5800000|  0%| F|  |TAMS 0x00000006b5000000| PB 0x00000006b5000000| Untracked 
|1387|0x00000006b5800000, 0x00000006b5800000, 0x00000006b6000000|  0%| F|  |TAMS 0x00000006b5800000| PB 0x00000006b5800000| Untracked 
|1388|0x00000006b6000000, 0x00000006b6000000, 0x00000006b6800000|  0%| F|  |TAMS 0x00000006b6000000| PB 0x00000006b6000000| Untracked 
|1389|0x00000006b6800000, 0x00000006b6800000, 0x00000006b7000000|  0%| F|  |TAMS 0x00000006b6800000| PB 0x00000006b6800000| Untracked 
|1390|0x00000006b7000000, 0x00000006b7000000, 0x00000006b7800000|  0%| F|  |TAMS 0x00000006b7000000| PB 0x00000006b7000000| Untracked 
|1391|0x00000006b7800000, 0x00000006b7800000, 0x00000006b8000000|  0%| F|  |TAMS 0x00000006b7800000| PB 0x00000006b7800000| Untracked 
|1392|0x00000006b8000000, 0x00000006b8000000, 0x00000006b8800000|  0%| F|  |TAMS 0x00000006b8000000| PB 0x00000006b8000000| Untracked 
|1393|0x00000006b8800000, 0x00000006b8800000, 0x00000006b9000000|  0%| F|  |TAMS 0x00000006b8800000| PB 0x00000006b8800000| Untracked 
|1394|0x00000006b9000000, 0x00000006b9000000, 0x00000006b9800000|  0%| F|  |TAMS 0x00000006b9000000| PB 0x00000006b9000000| Untracked 
|1395|0x00000006b9800000, 0x00000006b9800000, 0x00000006ba000000|  0%| F|  |TAMS 0x00000006b9800000| PB 0x00000006b9800000| Untracked 
|1396|0x00000006ba000000, 0x00000006ba000000, 0x00000006ba800000|  0%| F|  |TAMS 0x00000006ba000000| PB 0x00000006ba000000| Untracked 
|1397|0x00000006ba800000, 0x00000006ba800000, 0x00000006bb000000|  0%| F|  |TAMS 0x00000006ba800000| PB 0x00000006ba800000| Untracked 
|1398|0x00000006bb000000, 0x00000006bb000000, 0x00000006bb800000|  0%| F|  |TAMS 0x00000006bb000000| PB 0x00000006bb000000| Untracked 
|1399|0x00000006bb800000, 0x00000006bb800000, 0x00000006bc000000|  0%| F|  |TAMS 0x00000006bb800000| PB 0x00000006bb800000| Untracked 
|1400|0x00000006bc000000, 0x00000006bc000000, 0x00000006bc800000|  0%| F|  |TAMS 0x00000006bc000000| PB 0x00000006bc000000| Untracked 
|1401|0x00000006bc800000, 0x00000006bc800000, 0x00000006bd000000|  0%| F|  |TAMS 0x00000006bc800000| PB 0x00000006bc800000| Untracked 
|1402|0x00000006bd000000, 0x00000006bd000000, 0x00000006bd800000|  0%| F|  |TAMS 0x00000006bd000000| PB 0x00000006bd000000| Untracked 
|1403|0x00000006bd800000, 0x00000006bd800000, 0x00000006be000000|  0%| F|  |TAMS 0x00000006bd800000| PB 0x00000006bd800000| Untracked 
|1404|0x00000006be000000, 0x00000006be000000, 0x00000006be800000|  0%| F|  |TAMS 0x00000006be000000| PB 0x00000006be000000| Untracked 
|1405|0x00000006be800000, 0x00000006be800000, 0x00000006bf000000|  0%| F|  |TAMS 0x00000006be800000| PB 0x00000006be800000| Untracked 
|1406|0x00000006bf000000, 0x00000006bf000000, 0x00000006bf800000|  0%| F|  |TAMS 0x00000006bf000000| PB 0x00000006bf000000| Untracked 
|1407|0x00000006bf800000, 0x00000006bf800000, 0x00000006c0000000|  0%| F|  |TAMS 0x00000006bf800000| PB 0x00000006bf800000| Untracked 
|1408|0x00000006c0000000, 0x00000006c0000000, 0x00000006c0800000|  0%| F|  |TAMS 0x00000006c0000000| PB 0x00000006c0000000| Untracked 
|1409|0x00000006c0800000, 0x00000006c0800000, 0x00000006c1000000|  0%| F|  |TAMS 0x00000006c0800000| PB 0x00000006c0800000| Untracked 
|1410|0x00000006c1000000, 0x00000006c1000000, 0x00000006c1800000|  0%| F|  |TAMS 0x00000006c1000000| PB 0x00000006c1000000| Untracked 
|1411|0x00000006c1800000, 0x00000006c1800000, 0x00000006c2000000|  0%| F|  |TAMS 0x00000006c1800000| PB 0x00000006c1800000| Untracked 
|1412|0x00000006c2000000, 0x00000006c2000000, 0x00000006c2800000|  0%| F|  |TAMS 0x00000006c2000000| PB 0x00000006c2000000| Untracked 
|1413|0x00000006c2800000, 0x00000006c2800000, 0x00000006c3000000|  0%| F|  |TAMS 0x00000006c2800000| PB 0x00000006c2800000| Untracked 
|1414|0x00000006c3000000, 0x00000006c3000000, 0x00000006c3800000|  0%| F|  |TAMS 0x00000006c3000000| PB 0x00000006c3000000| Untracked 
|1415|0x00000006c3800000, 0x00000006c3800000, 0x00000006c4000000|  0%| F|  |TAMS 0x00000006c3800000| PB 0x00000006c3800000| Untracked 
|1416|0x00000006c4000000, 0x00000006c4000000, 0x00000006c4800000|  0%| F|  |TAMS 0x00000006c4000000| PB 0x00000006c4000000| Untracked 
|1417|0x00000006c4800000, 0x00000006c4800000, 0x00000006c5000000|  0%| F|  |TAMS 0x00000006c4800000| PB 0x00000006c4800000| Untracked 
|1418|0x00000006c5000000, 0x00000006c5000000, 0x00000006c5800000|  0%| F|  |TAMS 0x00000006c5000000| PB 0x00000006c5000000| Untracked 
|1419|0x00000006c5800000, 0x00000006c5800000, 0x00000006c6000000|  0%| F|  |TAMS 0x00000006c5800000| PB 0x00000006c5800000| Untracked 
|1420|0x00000006c6000000, 0x00000006c6000000, 0x00000006c6800000|  0%| F|  |TAMS 0x00000006c6000000| PB 0x00000006c6000000| Untracked 
|1421|0x00000006c6800000, 0x00000006c6800000, 0x00000006c7000000|  0%| F|  |TAMS 0x00000006c6800000| PB 0x00000006c6800000| Untracked 
|1422|0x00000006c7000000, 0x00000006c7000000, 0x00000006c7800000|  0%| F|  |TAMS 0x00000006c7000000| PB 0x00000006c7000000| Untracked 
|1423|0x00000006c7800000, 0x00000006c7800000, 0x00000006c8000000|  0%| F|  |TAMS 0x00000006c7800000| PB 0x00000006c7800000| Untracked 
|1424|0x00000006c8000000, 0x00000006c8000000, 0x00000006c8800000|  0%| F|  |TAMS 0x00000006c8000000| PB 0x00000006c8000000| Untracked 
|1425|0x00000006c8800000, 0x00000006c8800000, 0x00000006c9000000|  0%| F|  |TAMS 0x00000006c8800000| PB 0x00000006c8800000| Untracked 
|1426|0x00000006c9000000, 0x00000006c9000000, 0x00000006c9800000|  0%| F|  |TAMS 0x00000006c9000000| PB 0x00000006c9000000| Untracked 
|1427|0x00000006c9800000, 0x00000006c9800000, 0x00000006ca000000|  0%| F|  |TAMS 0x00000006c9800000| PB 0x00000006c9800000| Untracked 
|1428|0x00000006ca000000, 0x00000006ca000000, 0x00000006ca800000|  0%| F|  |TAMS 0x00000006ca000000| PB 0x00000006ca000000| Untracked 
|1429|0x00000006ca800000, 0x00000006ca800000, 0x00000006cb000000|  0%| F|  |TAMS 0x00000006ca800000| PB 0x00000006ca800000| Untracked 
|1430|0x00000006cb000000, 0x00000006cb000000, 0x00000006cb800000|  0%| F|  |TAMS 0x00000006cb000000| PB 0x00000006cb000000| Untracked 
|1431|0x00000006cb800000, 0x00000006cb800000, 0x00000006cc000000|  0%| F|  |TAMS 0x00000006cb800000| PB 0x00000006cb800000| Untracked 
|1432|0x00000006cc000000, 0x00000006cc000000, 0x00000006cc800000|  0%| F|  |TAMS 0x00000006cc000000| PB 0x00000006cc000000| Untracked 
|1433|0x00000006cc800000, 0x00000006cc800000, 0x00000006cd000000|  0%| F|  |TAMS 0x00000006cc800000| PB 0x00000006cc800000| Untracked 
|1434|0x00000006cd000000, 0x00000006cd000000, 0x00000006cd800000|  0%| F|  |TAMS 0x00000006cd000000| PB 0x00000006cd000000| Untracked 
|1435|0x00000006cd800000, 0x00000006cd800000, 0x00000006ce000000|  0%| F|  |TAMS 0x00000006cd800000| PB 0x00000006cd800000| Untracked 
|1436|0x00000006ce000000, 0x00000006ce000000, 0x00000006ce800000|  0%| F|  |TAMS 0x00000006ce000000| PB 0x00000006ce000000| Untracked 
|1437|0x00000006ce800000, 0x00000006ce800000, 0x00000006cf000000|  0%| F|  |TAMS 0x00000006ce800000| PB 0x00000006ce800000| Untracked 
|1438|0x00000006cf000000, 0x00000006cf000000, 0x00000006cf800000|  0%| F|  |TAMS 0x00000006cf000000| PB 0x00000006cf000000| Untracked 
|1439|0x00000006cf800000, 0x00000006cf800000, 0x00000006d0000000|  0%| F|  |TAMS 0x00000006cf800000| PB 0x00000006cf800000| Untracked 
|1440|0x00000006d0000000, 0x00000006d0000000, 0x00000006d0800000|  0%| F|  |TAMS 0x00000006d0000000| PB 0x00000006d0000000| Untracked 
|1441|0x00000006d0800000, 0x00000006d0800000, 0x00000006d1000000|  0%| F|  |TAMS 0x00000006d0800000| PB 0x00000006d0800000| Untracked 
|1442|0x00000006d1000000, 0x00000006d1000000, 0x00000006d1800000|  0%| F|  |TAMS 0x00000006d1000000| PB 0x00000006d1000000| Untracked 
|1443|0x00000006d1800000, 0x00000006d1800000, 0x00000006d2000000|  0%| F|  |TAMS 0x00000006d1800000| PB 0x00000006d1800000| Untracked 
|1444|0x00000006d2000000, 0x00000006d2000000, 0x00000006d2800000|  0%| F|  |TAMS 0x00000006d2000000| PB 0x00000006d2000000| Untracked 
|1445|0x00000006d2800000, 0x00000006d2800000, 0x00000006d3000000|  0%| F|  |TAMS 0x00000006d2800000| PB 0x00000006d2800000| Untracked 
|1446|0x00000006d3000000, 0x00000006d3000000, 0x00000006d3800000|  0%| F|  |TAMS 0x00000006d3000000| PB 0x00000006d3000000| Untracked 
|1447|0x00000006d3800000, 0x00000006d3800000, 0x00000006d4000000|  0%| F|  |TAMS 0x00000006d3800000| PB 0x00000006d3800000| Untracked 
|1448|0x00000006d4000000, 0x00000006d4000000, 0x00000006d4800000|  0%| F|  |TAMS 0x00000006d4000000| PB 0x00000006d4000000| Untracked 
|1449|0x00000006d4800000, 0x00000006d4800000, 0x00000006d5000000|  0%| F|  |TAMS 0x00000006d4800000| PB 0x00000006d4800000| Untracked 
|1450|0x00000006d5000000, 0x00000006d5000000, 0x00000006d5800000|  0%| F|  |TAMS 0x00000006d5000000| PB 0x00000006d5000000| Untracked 
|1451|0x00000006d5800000, 0x00000006d5800000, 0x00000006d6000000|  0%| F|  |TAMS 0x00000006d5800000| PB 0x00000006d5800000| Untracked 
|1452|0x00000006d6000000, 0x00000006d6000000, 0x00000006d6800000|  0%| F|  |TAMS 0x00000006d6000000| PB 0x00000006d6000000| Untracked 
|1453|0x00000006d6800000, 0x00000006d6800000, 0x00000006d7000000|  0%| F|  |TAMS 0x00000006d6800000| PB 0x00000006d6800000| Untracked 
|1454|0x00000006d7000000, 0x00000006d7000000, 0x00000006d7800000|  0%| F|  |TAMS 0x00000006d7000000| PB 0x00000006d7000000| Untracked 
|1455|0x00000006d7800000, 0x00000006d7800000, 0x00000006d8000000|  0%| F|  |TAMS 0x00000006d7800000| PB 0x00000006d7800000| Untracked 
|1456|0x00000006d8000000, 0x00000006d8000000, 0x00000006d8800000|  0%| F|  |TAMS 0x00000006d8000000| PB 0x00000006d8000000| Untracked 
|1457|0x00000006d8800000, 0x00000006d8800000, 0x00000006d9000000|  0%| F|  |TAMS 0x00000006d8800000| PB 0x00000006d8800000| Untracked 
|1458|0x00000006d9000000, 0x00000006d9000000, 0x00000006d9800000|  0%| F|  |TAMS 0x00000006d9000000| PB 0x00000006d9000000| Untracked 
|1459|0x00000006d9800000, 0x00000006d9800000, 0x00000006da000000|  0%| F|  |TAMS 0x00000006d9800000| PB 0x00000006d9800000| Untracked 
|1460|0x00000006da000000, 0x00000006da000000, 0x00000006da800000|  0%| F|  |TAMS 0x00000006da000000| PB 0x00000006da000000| Untracked 
|1461|0x00000006da800000, 0x00000006da800000, 0x00000006db000000|  0%| F|  |TAMS 0x00000006da800000| PB 0x00000006da800000| Untracked 
|1462|0x00000006db000000, 0x00000006db000000, 0x00000006db800000|  0%| F|  |TAMS 0x00000006db000000| PB 0x00000006db000000| Untracked 
|1463|0x00000006db800000, 0x00000006db800000, 0x00000006dc000000|  0%| F|  |TAMS 0x00000006db800000| PB 0x00000006db800000| Untracked 
|1464|0x00000006dc000000, 0x00000006dc000000, 0x00000006dc800000|  0%| F|  |TAMS 0x00000006dc000000| PB 0x00000006dc000000| Untracked 
|1465|0x00000006dc800000, 0x00000006dc800000, 0x00000006dd000000|  0%| F|  |TAMS 0x00000006dc800000| PB 0x00000006dc800000| Untracked 
|1466|0x00000006dd000000, 0x00000006dd000000, 0x00000006dd800000|  0%| F|  |TAMS 0x00000006dd000000| PB 0x00000006dd000000| Untracked 
|1467|0x00000006dd800000, 0x00000006dd800000, 0x00000006de000000|  0%| F|  |TAMS 0x00000006dd800000| PB 0x00000006dd800000| Untracked 
|1468|0x00000006de000000, 0x00000006de000000, 0x00000006de800000|  0%| F|  |TAMS 0x00000006de000000| PB 0x00000006de000000| Untracked 
|1469|0x00000006de800000, 0x00000006de800000, 0x00000006df000000|  0%| F|  |TAMS 0x00000006de800000| PB 0x00000006de800000| Untracked 
|1470|0x00000006df000000, 0x00000006df000000, 0x00000006df800000|  0%| F|  |TAMS 0x00000006df000000| PB 0x00000006df000000| Untracked 
|1471|0x00000006df800000, 0x00000006df800000, 0x00000006e0000000|  0%| F|  |TAMS 0x00000006df800000| PB 0x00000006df800000| Untracked 
|1472|0x00000006e0000000, 0x00000006e0000000, 0x00000006e0800000|  0%| F|  |TAMS 0x00000006e0000000| PB 0x00000006e0000000| Untracked 
|1473|0x00000006e0800000, 0x00000006e0800000, 0x00000006e1000000|  0%| F|  |TAMS 0x00000006e0800000| PB 0x00000006e0800000| Untracked 
|1474|0x00000006e1000000, 0x00000006e1000000, 0x00000006e1800000|  0%| F|  |TAMS 0x00000006e1000000| PB 0x00000006e1000000| Untracked 
|1475|0x00000006e1800000, 0x00000006e1800000, 0x00000006e2000000|  0%| F|  |TAMS 0x00000006e1800000| PB 0x00000006e1800000| Untracked 
|1476|0x00000006e2000000, 0x00000006e2000000, 0x00000006e2800000|  0%| F|  |TAMS 0x00000006e2000000| PB 0x00000006e2000000| Untracked 
|1477|0x00000006e2800000, 0x00000006e2800000, 0x00000006e3000000|  0%| F|  |TAMS 0x00000006e2800000| PB 0x00000006e2800000| Untracked 
|1478|0x00000006e3000000, 0x00000006e3000000, 0x00000006e3800000|  0%| F|  |TAMS 0x00000006e3000000| PB 0x00000006e3000000| Untracked 
|1479|0x00000006e3800000, 0x00000006e3800000, 0x00000006e4000000|  0%| F|  |TAMS 0x00000006e3800000| PB 0x00000006e3800000| Untracked 
|1480|0x00000006e4000000, 0x00000006e4000000, 0x00000006e4800000|  0%| F|  |TAMS 0x00000006e4000000| PB 0x00000006e4000000| Untracked 
|1481|0x00000006e4800000, 0x00000006e4800000, 0x00000006e5000000|  0%| F|  |TAMS 0x00000006e4800000| PB 0x00000006e4800000| Untracked 
|1482|0x00000006e5000000, 0x00000006e5000000, 0x00000006e5800000|  0%| F|  |TAMS 0x00000006e5000000| PB 0x00000006e5000000| Untracked 
|1483|0x00000006e5800000, 0x00000006e5800000, 0x00000006e6000000|  0%| F|  |TAMS 0x00000006e5800000| PB 0x00000006e5800000| Untracked 
|1484|0x00000006e6000000, 0x00000006e6000000, 0x00000006e6800000|  0%| F|  |TAMS 0x00000006e6000000| PB 0x00000006e6000000| Untracked 
|1485|0x00000006e6800000, 0x00000006e6800000, 0x00000006e7000000|  0%| F|  |TAMS 0x00000006e6800000| PB 0x00000006e6800000| Untracked 
|1486|0x00000006e7000000, 0x00000006e7000000, 0x00000006e7800000|  0%| F|  |TAMS 0x00000006e7000000| PB 0x00000006e7000000| Untracked 
|1487|0x00000006e7800000, 0x00000006e7800000, 0x00000006e8000000|  0%| F|  |TAMS 0x00000006e7800000| PB 0x00000006e7800000| Untracked 
|1488|0x00000006e8000000, 0x00000006e8000000, 0x00000006e8800000|  0%| F|  |TAMS 0x00000006e8000000| PB 0x00000006e8000000| Untracked 
|1489|0x00000006e8800000, 0x00000006e8800000, 0x00000006e9000000|  0%| F|  |TAMS 0x00000006e8800000| PB 0x00000006e8800000| Untracked 
|1490|0x00000006e9000000, 0x00000006e9000000, 0x00000006e9800000|  0%| F|  |TAMS 0x00000006e9000000| PB 0x00000006e9000000| Untracked 
|1491|0x00000006e9800000, 0x00000006e9800000, 0x00000006ea000000|  0%| F|  |TAMS 0x00000006e9800000| PB 0x00000006e9800000| Untracked 
|1492|0x00000006ea000000, 0x00000006ea000000, 0x00000006ea800000|  0%| F|  |TAMS 0x00000006ea000000| PB 0x00000006ea000000| Untracked 
|1493|0x00000006ea800000, 0x00000006ea800000, 0x00000006eb000000|  0%| F|  |TAMS 0x00000006ea800000| PB 0x00000006ea800000| Untracked 
|1494|0x00000006eb000000, 0x00000006eb000000, 0x00000006eb800000|  0%| F|  |TAMS 0x00000006eb000000| PB 0x00000006eb000000| Untracked 
|1495|0x00000006eb800000, 0x00000006eb800000, 0x00000006ec000000|  0%| F|  |TAMS 0x00000006eb800000| PB 0x00000006eb800000| Untracked 
|1496|0x00000006ec000000, 0x00000006ec000000, 0x00000006ec800000|  0%| F|  |TAMS 0x00000006ec000000| PB 0x00000006ec000000| Untracked 
|1497|0x00000006ec800000, 0x00000006ec800000, 0x00000006ed000000|  0%| F|  |TAMS 0x00000006ec800000| PB 0x00000006ec800000| Untracked 
|1498|0x00000006ed000000, 0x00000006ed000000, 0x00000006ed800000|  0%| F|  |TAMS 0x00000006ed000000| PB 0x00000006ed000000| Untracked 
|1499|0x00000006ed800000, 0x00000006ed800000, 0x00000006ee000000|  0%| F|  |TAMS 0x00000006ed800000| PB 0x00000006ed800000| Untracked 
|1500|0x00000006ee000000, 0x00000006ee000000, 0x00000006ee800000|  0%| F|  |TAMS 0x00000006ee000000| PB 0x00000006ee000000| Untracked 
|1501|0x00000006ee800000, 0x00000006ee800000, 0x00000006ef000000|  0%| F|  |TAMS 0x00000006ee800000| PB 0x00000006ee800000| Untracked 
|1502|0x00000006ef000000, 0x00000006ef000000, 0x00000006ef800000|  0%| F|  |TAMS 0x00000006ef000000| PB 0x00000006ef000000| Untracked 
|1503|0x00000006ef800000, 0x00000006ef800000, 0x00000006f0000000|  0%| F|  |TAMS 0x00000006ef800000| PB 0x00000006ef800000| Untracked 
|1504|0x00000006f0000000, 0x00000006f0000000, 0x00000006f0800000|  0%| F|  |TAMS 0x00000006f0000000| PB 0x00000006f0000000| Untracked 
|1505|0x00000006f0800000, 0x00000006f0800000, 0x00000006f1000000|  0%| F|  |TAMS 0x00000006f0800000| PB 0x00000006f0800000| Untracked 
|1506|0x00000006f1000000, 0x00000006f1000000, 0x00000006f1800000|  0%| F|  |TAMS 0x00000006f1000000| PB 0x00000006f1000000| Untracked 
|1507|0x00000006f1800000, 0x00000006f1800000, 0x00000006f2000000|  0%| F|  |TAMS 0x00000006f1800000| PB 0x00000006f1800000| Untracked 
|1508|0x00000006f2000000, 0x00000006f2000000, 0x00000006f2800000|  0%| F|  |TAMS 0x00000006f2000000| PB 0x00000006f2000000| Untracked 
|1509|0x00000006f2800000, 0x00000006f2800000, 0x00000006f3000000|  0%| F|  |TAMS 0x00000006f2800000| PB 0x00000006f2800000| Untracked 
|1510|0x00000006f3000000, 0x00000006f3000000, 0x00000006f3800000|  0%| F|  |TAMS 0x00000006f3000000| PB 0x00000006f3000000| Untracked 
|1511|0x00000006f3800000, 0x00000006f3800000, 0x00000006f4000000|  0%| F|  |TAMS 0x00000006f3800000| PB 0x00000006f3800000| Untracked 
|1512|0x00000006f4000000, 0x00000006f4000000, 0x00000006f4800000|  0%| F|  |TAMS 0x00000006f4000000| PB 0x00000006f4000000| Untracked 
|1513|0x00000006f4800000, 0x00000006f4800000, 0x00000006f5000000|  0%| F|  |TAMS 0x00000006f4800000| PB 0x00000006f4800000| Untracked 
|1514|0x00000006f5000000, 0x00000006f5000000, 0x00000006f5800000|  0%| F|  |TAMS 0x00000006f5000000| PB 0x00000006f5000000| Untracked 
|1515|0x00000006f5800000, 0x00000006f5800000, 0x00000006f6000000|  0%| F|  |TAMS 0x00000006f5800000| PB 0x00000006f5800000| Untracked 
|1516|0x00000006f6000000, 0x00000006f6000000, 0x00000006f6800000|  0%| F|  |TAMS 0x00000006f6000000| PB 0x00000006f6000000| Untracked 
|1517|0x00000006f6800000, 0x00000006f6800000, 0x00000006f7000000|  0%| F|  |TAMS 0x00000006f6800000| PB 0x00000006f6800000| Untracked 
|1518|0x00000006f7000000, 0x00000006f7000000, 0x00000006f7800000|  0%| F|  |TAMS 0x00000006f7000000| PB 0x00000006f7000000| Untracked 
|1519|0x00000006f7800000, 0x00000006f7800000, 0x00000006f8000000|  0%| F|  |TAMS 0x00000006f7800000| PB 0x00000006f7800000| Untracked 
|1520|0x00000006f8000000, 0x00000006f8000000, 0x00000006f8800000|  0%| F|  |TAMS 0x00000006f8000000| PB 0x00000006f8000000| Untracked 
|1521|0x00000006f8800000, 0x00000006f8800000, 0x00000006f9000000|  0%| F|  |TAMS 0x00000006f8800000| PB 0x00000006f8800000| Untracked 
|1522|0x00000006f9000000, 0x00000006f9000000, 0x00000006f9800000|  0%| F|  |TAMS 0x00000006f9000000| PB 0x00000006f9000000| Untracked 
|1523|0x00000006f9800000, 0x00000006f9800000, 0x00000006fa000000|  0%| F|  |TAMS 0x00000006f9800000| PB 0x00000006f9800000| Untracked 
|1524|0x00000006fa000000, 0x00000006fa000000, 0x00000006fa800000|  0%| F|  |TAMS 0x00000006fa000000| PB 0x00000006fa000000| Untracked 
|1525|0x00000006fa800000, 0x00000006fa800000, 0x00000006fb000000|  0%| F|  |TAMS 0x00000006fa800000| PB 0x00000006fa800000| Untracked 
|1526|0x00000006fb000000, 0x00000006fb000000, 0x00000006fb800000|  0%| F|  |TAMS 0x00000006fb000000| PB 0x00000006fb000000| Untracked 
|1527|0x00000006fb800000, 0x00000006fb800000, 0x00000006fc000000|  0%| F|  |TAMS 0x00000006fb800000| PB 0x00000006fb800000| Untracked 
|1528|0x00000006fc000000, 0x00000006fc000000, 0x00000006fc800000|  0%| F|  |TAMS 0x00000006fc000000| PB 0x00000006fc000000| Untracked 
|1529|0x00000006fc800000, 0x00000006fc800000, 0x00000006fd000000|  0%| F|  |TAMS 0x00000006fc800000| PB 0x00000006fc800000| Untracked 
|1530|0x00000006fd000000, 0x00000006fd000000, 0x00000006fd800000|  0%| F|  |TAMS 0x00000006fd000000| PB 0x00000006fd000000| Untracked 
|1531|0x00000006fd800000, 0x00000006fd800000, 0x00000006fe000000|  0%| F|  |TAMS 0x00000006fd800000| PB 0x00000006fd800000| Untracked 
|1532|0x00000006fe000000, 0x00000006fe000000, 0x00000006fe800000|  0%| F|  |TAMS 0x00000006fe000000| PB 0x00000006fe000000| Untracked 
|1533|0x00000006fe800000, 0x00000006fe800000, 0x00000006ff000000|  0%| F|  |TAMS 0x00000006fe800000| PB 0x00000006fe800000| Untracked 
|1534|0x00000006ff000000, 0x00000006ff000000, 0x00000006ff800000|  0%| F|  |TAMS 0x00000006ff000000| PB 0x00000006ff000000| Untracked 
|1535|0x00000006ff800000, 0x00000006ff800000, 0x0000000700000000|  0%| F|  |TAMS 0x00000006ff800000| PB 0x00000006ff800000| Untracked 
|1536|0x0000000700000000, 0x0000000700000000, 0x0000000700800000|  0%| F|  |TAMS 0x0000000700000000| PB 0x0000000700000000| Untracked 
|1537|0x0000000700800000, 0x0000000700800000, 0x0000000701000000|  0%| F|  |TAMS 0x0000000700800000| PB 0x0000000700800000| Untracked 
|1538|0x0000000701000000, 0x0000000701000000, 0x0000000701800000|  0%| F|  |TAMS 0x0000000701000000| PB 0x0000000701000000| Untracked 
|1539|0x0000000701800000, 0x0000000701800000, 0x0000000702000000|  0%| F|  |TAMS 0x0000000701800000| PB 0x0000000701800000| Untracked 
|1540|0x0000000702000000, 0x0000000702000000, 0x0000000702800000|  0%| F|  |TAMS 0x0000000702000000| PB 0x0000000702000000| Untracked 
|1541|0x0000000702800000, 0x0000000702bdcef8, 0x0000000703000000| 48%| S|CS|TAMS 0x0000000702800000| PB 0x0000000702800000| Complete 
|2041|0x00000007fc800000, 0x00000007fd000000, 0x00000007fd000000|100%| O|  |TAMS 0x00000007fccaf108| PB 0x00000007fc800000| Updating 
|2042|0x00000007fd000000, 0x00000007fd800000, 0x00000007fd800000|100%| O|  |TAMS 0x00000007fd800000| PB 0x00000007fd000000| Updating 
|2043|0x00000007fd800000, 0x00000007fd800000, 0x00000007fe000000|  0%| F|  |TAMS 0x00000007fd800000| PB 0x00000007fd800000| Untracked 
|2044|0x00000007fe000000, 0x00000007fe800000, 0x00000007fe800000|100%| O|  |TAMS 0x00000007fe800000| PB 0x00000007fe000000| Updating 
|2045|0x00000007fe800000, 0x00000007fe800000, 0x00000007ff000000|  0%| F|  |TAMS 0x00000007fe800000| PB 0x00000007fe800000| Untracked 
|2046|0x00000007ff000000, 0x00000007ff800000, 0x00000007ff800000|100%| O|  |TAMS 0x00000007ff800000| PB 0x00000007ff000000| Updating 
|2047|0x00000007ff800000, 0x0000000800000000, 0x0000000800000000|100%| O|  |TAMS 0x0000000800000000| PB 0x00000007ff800000| Updating 

Card table byte_map: [0x0000016929520000,0x000001692b520000] _byte_map_base: 0x0000016927520000

Marking Bits: (CMBitMap*) 0x000001693b5600a0
 Bits: [0x000001692b520000, 0x000001693b520000)

Polling page: 0x0000016912df0000

Metaspace:

Usage:
  Non-class:     68.15 MB used.
      Class:      7.64 MB used.
       Both:     75.79 MB used.

Virtual space:
  Non-class space:      128.00 MB reserved,      69.00 MB ( 54%) committed,  2 nodes.
      Class space:        1.00 GB reserved,       8.38 MB ( <1%) committed,  1 nodes.
             Both:        1.12 GB reserved,      77.38 MB (  7%) committed. 

Chunk freelists:
   Non-Class:  10.42 MB
       Class:  7.60 MB
        Both:  18.03 MB

MaxMetaspaceSize: unlimited
CompressedClassSpaceSize: 1.00 GB
Initial GC threshold: 21.00 MB
Current GC threshold: 128.88 MB
CDS: on
 - commit_granule_bytes: 65536.
 - commit_granule_words: 8192.
 - virtual_space_node_default_size: 8388608.
 - enlarge_chunks_in_place: 1.
 - use_allocation_guard: 0.


Internal statistics:

num_allocs_failed_limit: 14.
num_arena_births: 1444.
num_arena_deaths: 30.
num_vsnodes_births: 3.
num_vsnodes_deaths: 0.
num_space_committed: 1238.
num_space_uncommitted: 0.
num_chunks_returned_to_freelist: 49.
num_chunks_taken_from_freelist: 5186.
num_chunk_merges: 16.
num_chunk_splits: 3072.
num_chunks_enlarged: 1610.
num_inconsistent_stats: 0.

CodeHeap 'non-profiled nmethods': size=120000Kb used=13160Kb max_used=14635Kb free=106839Kb
 bounds [0x000001691fcc0000, 0x0000016920bd0000, 0x00000169271f0000]
CodeHeap 'profiled nmethods': size=120000Kb used=29395Kb max_used=37922Kb free=90604Kb
 bounds [0x00000169181f0000, 0x000001691a700000, 0x000001691f720000]
CodeHeap 'non-nmethods': size=5760Kb used=1875Kb max_used=2023Kb free=3884Kb
 bounds [0x000001691f720000, 0x000001691f990000, 0x000001691fcc0000]
CodeCache: size=245760Kb, used=44430Kb, max_used=54580Kb, free=201327Kb
 total_blobs=12699, nmethods=11888, adapters=711, full_count=0
Compilation: enabled, stopped_count=0, restarted_count=0

Compilation events (20 events):
Event: 2616.044 Thread 0x000001697f01f840 nmethod 18484 0x000001691846f110 code [0x000001691846f2a0, 0x000001691846f3b8]
Event: 2616.046 Thread 0x000001697f01f840 18485       3       org.eclipse.jdt.core.dom.VariableDeclarationFragment::<init> (6 bytes)
Event: 2616.046 Thread 0x000001697f01f840 nmethod 18485 0x00000169185f4710 code [0x00000169185f48c0, 0x00000169185f49f8]
Event: 2616.046 Thread 0x000001697f01f840 18486       3       org.eclipse.jdt.core.dom.VariableDeclarationFragment::internalExtraDimensions2Property (4 bytes)
Event: 2616.046 Thread 0x000001697f01f840 nmethod 18486 0x00000169185f7290 code [0x00000169185f7420, 0x00000169185f7538]
Event: 2616.046 Thread 0x000001697f01f840 18487       3       org.eclipse.jdt.core.dom.VariableDeclarationFragment::internalNameProperty (4 bytes)
Event: 2616.046 Thread 0x000001697f01f840 nmethod 18487 0x000001691861e710 code [0x000001691861e8a0, 0x000001691861e9b8]
Event: 2616.046 Thread 0x000001697f01f840 18488       3       org.eclipse.jdt.core.dom.BodyDeclaration::<init> (45 bytes)
Event: 2616.048 Thread 0x000001697f01f840 nmethod 18488 0x000001691889c790 code [0x000001691889c9a0, 0x000001691889d100]
Event: 2616.048 Thread 0x000001697f01f840 18489       3       org.eclipse.jdt.core.dom.ASTConverter::setModifiers (11 bytes)
Event: 2616.051 Thread 0x000001697f01f840 nmethod 18489 0x00000169183ae190 code [0x00000169183ae360, 0x00000169183ae760]
Event: 2616.051 Thread 0x000001697f01f840 18490       3       org.eclipse.jdt.core.dom.ASTConverter$$Lambda/0x000001693f7ac408::<init> (10 bytes)
Event: 2616.052 Thread 0x000001697f01f840 nmethod 18490 0x00000169181fbc90 code [0x00000169181fbe40, 0x00000169181fc000]
Event: 2616.052 Thread 0x000001697f01f840 18491       3       org.eclipse.jdt.core.dom.ASTConverter$$Lambda/0x000001693f7ac630::<init> (10 bytes)
Event: 2616.056 Thread 0x000001697f01f840 nmethod 18491 0x000001691833cd90 code [0x000001691833cf40, 0x000001691833d100]
Event: 2616.056 Thread 0x000001697f01f840 18492       3       org.eclipse.jdt.core.dom.ASTConverter$$Lambda/0x000001693f7ac408::getJavaDoc (8 bytes)
Event: 2616.056 Thread 0x000001697f01f840 nmethod 18492 0x00000169184a6e10 code [0x00000169184a6fa0, 0x00000169184a7158]
Event: 2616.056 Thread 0x000001697f01f840 18493       1       org.eclipse.jdt.internal.compiler.ast.ArrayTypeReference::extraDimensions (5 bytes)
Event: 2616.057 Thread 0x000001697f01f840 nmethod 18493 0x00000169203f2010 code [0x00000169203f21a0, 0x00000169203f2268]
Event: 2616.058 Thread 0x000001697f01f840 18494       3       org.eclipse.jdt.internal.core.DeltaProcessor$3::<init> (20 bytes)

GC Heap History (20 events):
Event: 2561.455 GC heap before
{Heap before GC invocations=57 (full 0):
 garbage-first heap   total 221184K, used 187659K [0x0000000400000000, 0x0000000800000000)
  region size 8192K, 11 young (90112K), 2 survivors (16384K)
 Metaspace       used 76998K, committed 78528K, reserved 1179648K
  class space    used 7820K, committed 8576K, reserved 1048576K
}
Event: 2561.475 GC heap after
{Heap after GC invocations=58 (full 0):
 garbage-first heap   total 221184K, used 117211K [0x0000000400000000, 0x0000000800000000)
  region size 8192K, 1 young (8192K), 1 survivors (8192K)
 Metaspace       used 76998K, committed 78528K, reserved 1179648K
  class space    used 7820K, committed 8576K, reserved 1048576K
}
Event: 2565.166 GC heap before
{Heap before GC invocations=58 (full 0):
 garbage-first heap   total 221184K, used 190939K [0x0000000400000000, 0x0000000800000000)
  region size 8192K, 10 young (81920K), 1 survivors (8192K)
 Metaspace       used 77063K, committed 78592K, reserved 1179648K
  class space    used 7820K, committed 8576K, reserved 1048576K
}
Event: 2565.182 GC heap after
{Heap after GC invocations=59 (full 0):
 garbage-first heap   total 221184K, used 120639K [0x0000000400000000, 0x0000000800000000)
  region size 8192K, 2 young (16384K), 2 survivors (16384K)
 Metaspace       used 77063K, committed 78592K, reserved 1179648K
  class space    used 7820K, committed 8576K, reserved 1048576K
}
Event: 2566.987 GC heap before
{Heap before GC invocations=60 (full 0):
 garbage-first heap   total 221184K, used 186175K [0x0000000400000000, 0x0000000800000000)
  region size 8192K, 10 young (81920K), 2 survivors (16384K)
 Metaspace       used 77105K, committed 78656K, reserved 1179648K
  class space    used 7820K, committed 8576K, reserved 1048576K
}
Event: 2567.014 GC heap after
{Heap after GC invocations=61 (full 0):
 garbage-first heap   total 221184K, used 126491K [0x0000000400000000, 0x0000000800000000)
  region size 8192K, 2 young (16384K), 2 survivors (16384K)
 Metaspace       used 77105K, committed 78656K, reserved 1179648K
  class space    used 7820K, committed 8576K, reserved 1048576K
}
Event: 2569.542 GC heap before
{Heap before GC invocations=61 (full 0):
 garbage-first heap   total 221184K, used 192027K [0x0000000400000000, 0x0000000800000000)
  region size 8192K, 10 young (81920K), 2 survivors (16384K)
 Metaspace       used 77157K, committed 78720K, reserved 1179648K
  class space    used 7820K, committed 8576K, reserved 1048576K
}
Event: 2569.579 GC heap after
{Heap after GC invocations=62 (full 0):
 garbage-first heap   total 229376K, used 109092K [0x0000000400000000, 0x0000000800000000)
  region size 8192K, 2 young (16384K), 2 survivors (16384K)
 Metaspace       used 77157K, committed 78720K, reserved 1179648K
  class space    used 7820K, committed 8576K, reserved 1048576K
}
Event: 2576.098 GC heap before
{Heap before GC invocations=62 (full 0):
 garbage-first heap   total 229376K, used 191012K [0x0000000400000000, 0x0000000800000000)
  region size 8192K, 12 young (98304K), 2 survivors (16384K)
 Metaspace       used 77241K, committed 78784K, reserved 1179648K
  class space    used 7821K, committed 8576K, reserved 1048576K
}
Event: 2576.114 GC heap after
{Heap after GC invocations=63 (full 0):
 garbage-first heap   total 229376K, used 108406K [0x0000000400000000, 0x0000000800000000)
  region size 8192K, 1 young (8192K), 1 survivors (8192K)
 Metaspace       used 77241K, committed 78784K, reserved 1179648K
  class space    used 7821K, committed 8576K, reserved 1048576K
}
Event: 2581.116 GC heap before
{Heap before GC invocations=63 (full 0):
 garbage-first heap   total 229376K, used 198518K [0x0000000400000000, 0x0000000800000000)
  region size 8192K, 12 young (98304K), 1 survivors (8192K)
 Metaspace       used 77341K, committed 78912K, reserved 1179648K
  class space    used 7822K, committed 8576K, reserved 1048576K
}
Event: 2581.124 GC heap after
{Heap after GC invocations=64 (full 0):
 garbage-first heap   total 229376K, used 104469K [0x0000000400000000, 0x0000000800000000)
  region size 8192K, 1 young (8192K), 1 survivors (8192K)
 Metaspace       used 77341K, committed 78912K, reserved 1179648K
  class space    used 7822K, committed 8576K, reserved 1048576K
}
Event: 2583.022 GC heap before
{Heap before GC invocations=64 (full 0):
 garbage-first heap   total 229376K, used 194581K [0x0000000400000000, 0x0000000800000000)
  region size 8192K, 12 young (98304K), 1 survivors (8192K)
 Metaspace       used 77454K, committed 79040K, reserved 1179648K
  class space    used 7824K, committed 8576K, reserved 1048576K
}
Event: 2583.026 GC heap after
{Heap after GC invocations=65 (full 0):
 garbage-first heap   total 229376K, used 105917K [0x0000000400000000, 0x0000000800000000)
  region size 8192K, 1 young (8192K), 1 survivors (8192K)
 Metaspace       used 77454K, committed 79040K, reserved 1179648K
  class space    used 7824K, committed 8576K, reserved 1048576K
}
Event: 2585.545 GC heap before
{Heap before GC invocations=65 (full 0):
 garbage-first heap   total 229376K, used 196029K [0x0000000400000000, 0x0000000800000000)
  region size 8192K, 12 young (98304K), 1 survivors (8192K)
 Metaspace       used 77498K, committed 79104K, reserved 1179648K
  class space    used 7824K, committed 8576K, reserved 1048576K
}
Event: 2585.559 GC heap after
{Heap after GC invocations=66 (full 0):
 garbage-first heap   total 229376K, used 119484K [0x0000000400000000, 0x0000000800000000)
  region size 8192K, 2 young (16384K), 2 survivors (16384K)
 Metaspace       used 77498K, committed 79104K, reserved 1179648K
  class space    used 7824K, committed 8576K, reserved 1048576K
}
Event: 2585.745 GC heap before
{Heap before GC invocations=66 (full 0):
 garbage-first heap   total 229376K, used 135868K [0x0000000400000000, 0x0000000800000000)
  region size 8192K, 5 young (40960K), 2 survivors (16384K)
 Metaspace       used 77544K, committed 79168K, reserved 1179648K
  class space    used 7824K, committed 8576K, reserved 1048576K
}
Event: 2585.759 GC heap after
{Heap after GC invocations=67 (full 0):
 garbage-first heap   total 229376K, used 123840K [0x0000000400000000, 0x0000000800000000)
  region size 8192K, 1 young (8192K), 1 survivors (8192K)
 Metaspace       used 77544K, committed 79168K, reserved 1179648K
  class space    used 7824K, committed 8576K, reserved 1048576K
}
Event: 2616.060 GC heap before
{Heap before GC invocations=67 (full 0):
 garbage-first heap   total 12689408K, used 7611328K [0x0000000400000000, 0x0000000800000000)
  region size 8192K, 3 young (24576K), 1 survivors (8192K)
 Metaspace       used 77605K, committed 79232K, reserved 1179648K
  class space    used 7824K, committed 8576K, reserved 1048576K
}
Event: 2616.099 GC heap after
{Heap after GC invocations=68 (full 0):
 garbage-first heap   total 12689408K, used 7603420K [0x0000000400000000, 0x0000000800000000)
  region size 8192K, 1 young (8192K), 1 survivors (8192K)
 Metaspace       used 77605K, committed 79232K, reserved 1179648K
  class space    used 7824K, committed 8576K, reserved 1048576K
}

Dll operation events (20 events):
Event: 0.151 Attempting to load shared library C:\Users\ZHAN\.vscode\extensions\redhat.java-1.56.0-win32-x64\jre\21.0.12.1-win32-x86_64\bin\instrument.dll
Event: 0.151 Loaded shared library C:\Users\ZHAN\.vscode\extensions\redhat.java-1.56.0-win32-x64\jre\21.0.12.1-win32-x86_64\bin\instrument.dll
Event: 0.157 Attempting to load shared library C:\Users\ZHAN\.vscode\extensions\redhat.java-1.56.0-win32-x64\jre\21.0.12.1-win32-x86_64\bin\net.dll
Event: 0.158 Loaded shared library C:\Users\ZHAN\.vscode\extensions\redhat.java-1.56.0-win32-x64\jre\21.0.12.1-win32-x86_64\bin\net.dll
Event: 0.161 Attempting to load shared library C:\Users\ZHAN\.vscode\extensions\redhat.java-1.56.0-win32-x64\jre\21.0.12.1-win32-x86_64\bin\nio.dll
Event: 0.162 Loaded shared library C:\Users\ZHAN\.vscode\extensions\redhat.java-1.56.0-win32-x64\jre\21.0.12.1-win32-x86_64\bin\nio.dll
Event: 0.166 Attempting to load shared library C:\Users\ZHAN\.vscode\extensions\redhat.java-1.56.0-win32-x64\jre\21.0.12.1-win32-x86_64\bin\zip.dll
Event: 0.166 Loaded shared library C:\Users\ZHAN\.vscode\extensions\redhat.java-1.56.0-win32-x64\jre\21.0.12.1-win32-x86_64\bin\zip.dll
Event: 0.189 Attempting to load shared library C:\Users\ZHAN\.vscode\extensions\redhat.java-1.56.0-win32-x64\jre\21.0.12.1-win32-x86_64\bin\jimage.dll
Event: 0.189 Loaded shared library C:\Users\ZHAN\.vscode\extensions\redhat.java-1.56.0-win32-x64\jre\21.0.12.1-win32-x86_64\bin\jimage.dll
Event: 0.286 Attempting to load shared library c:\Users\ZHAN\.vscode\extensions\redhat.java-1.56.0-win32-x64\jre\21.0.12.1-win32-x86_64\bin\verify.dll
Event: 0.287 Loaded shared library c:\Users\ZHAN\.vscode\extensions\redhat.java-1.56.0-win32-x64\jre\21.0.12.1-win32-x86_64\bin\verify.dll
Event: 9.429 Attempting to load shared library C:\Users\ZHAN\AppData\Roaming\Code\User\globalStorage\redhat.java\1.56.0\config_win\org.eclipse.equinox.launcher\org.eclipse.equinox.launcher.win32.win32.x86_64_1.3.100.v20260804-1928\eclipse_11924.dll
Event: 9.668 Loaded shared library C:\Users\ZHAN\AppData\Roaming\Code\User\globalStorage\redhat.java\1.56.0\config_win\org.eclipse.equinox.launcher\org.eclipse.equinox.launcher.win32.win32.x86_64_1.3.100.v20260804-1928\eclipse_11924.dll
Event: 34.480 Attempting to load shared library C:\Users\ZHAN\AppData\Local\Temp\jna-2752475\jna980683214648136409.dll
Event: 34.666 Loaded shared library C:\Users\ZHAN\AppData\Local\Temp\jna-2752475\jna980683214648136409.dll
Event: 43.592 Attempting to load shared library C:\Users\ZHAN\.vscode\extensions\redhat.java-1.56.0-win32-x64\jre\21.0.12.1-win32-x86_64\bin\sunmscapi.dll
Event: 44.382 Loaded shared library C:\Users\ZHAN\.vscode\extensions\redhat.java-1.56.0-win32-x64\jre\21.0.12.1-win32-x86_64\bin\sunmscapi.dll
Event: 44.868 Attempting to load shared library C:\Users\ZHAN\.vscode\extensions\redhat.java-1.56.0-win32-x64\jre\21.0.12.1-win32-x86_64\bin\extnet.dll
Event: 45.017 Loaded shared library C:\Users\ZHAN\.vscode\extensions\redhat.java-1.56.0-win32-x64\jre\21.0.12.1-win32-x86_64\bin\extnet.dll

Deoptimization events (20 events):
Event: 2579.157 Thread 0x0000016907e74e70 DEOPT PACKING pc=0x00000169209019b8 sp=0x00000062d47fe5a0
Event: 2579.157 Thread 0x0000016907e74e70 DEOPT UNPACKING pc=0x000001691f777ba2 sp=0x00000062d47fe508 mode 2
Event: 2579.193 Thread 0x0000016907e74e70 Uncommon trap: trap_request=0xffffff45 fr.pc=0x000001692074ce08 relative=0x00000000000009e8
Event: 2579.193 Thread 0x0000016907e74e70 Uncommon trap: reason=unstable_if action=reinterpret pc=0x000001692074ce08 method=org.eclipse.jdt.internal.core.JavaModelManager.secondaryTypes(Lorg/eclipse/jdt/core/IJavaProject;ZLorg/eclipse/core/runtime/IProgressMonitor;)Ljava/util/Map; @ 113 c2
Event: 2579.193 Thread 0x0000016907e74e70 DEOPT PACKING pc=0x000001692074ce08 sp=0x00000062d47fd750
Event: 2579.193 Thread 0x0000016907e74e70 DEOPT UNPACKING pc=0x000001691f777ba2 sp=0x00000062d47fd728 mode 2
Event: 2579.194 Thread 0x0000016907e74e70 Uncommon trap: trap_request=0xffffff45 fr.pc=0x000001692076d848 relative=0x0000000000005868
Event: 2579.194 Thread 0x0000016907e74e70 Uncommon trap: reason=unstable_if action=reinterpret pc=0x000001692076d848 method=org.eclipse.jdt.internal.core.NameLookup.findSecondaryType(Ljava/lang/String;Ljava/lang/String;Lorg/eclipse/jdt/core/IJavaProject;ZLorg/eclipse/core/runtime/IProgressMonitor
Event: 2579.194 Thread 0x0000016907e74e70 DEOPT PACKING pc=0x000001692076d848 sp=0x00000062d47fd800
Event: 2579.194 Thread 0x0000016907e74e70 DEOPT UNPACKING pc=0x000001691f777ba2 sp=0x00000062d47fd688 mode 2
Event: 2580.644 Thread 0x0000016907e79d30 DEOPT PACKING pc=0x000001691a203d44 sp=0x00000062d70fd180
Event: 2580.644 Thread 0x0000016907e79d30 DEOPT UNPACKING pc=0x000001691f7786e2 sp=0x00000062d70fc7d8 mode 0
Event: 2580.678 Thread 0x0000016907e79d30 DEOPT PACKING pc=0x000001691a203d44 sp=0x00000062d70fd160
Event: 2580.678 Thread 0x0000016907e79d30 DEOPT UNPACKING pc=0x000001691f7786e2 sp=0x00000062d70fc7b8 mode 0
Event: 2580.715 Thread 0x0000016907e79d30 DEOPT PACKING pc=0x000001691a31b1ab sp=0x00000062d70fe050
Event: 2580.715 Thread 0x0000016907e79d30 DEOPT UNPACKING pc=0x000001691f7786e2 sp=0x00000062d70fd4c8 mode 0
Event: 2585.717 Thread 0x0000016907e74e70 Uncommon trap: trap_request=0xffffff6e fr.pc=0x00000169209a66cc relative=0x000000000000178c
Event: 2585.717 Thread 0x0000016907e74e70 Uncommon trap: reason=loop_limit_check action=maybe_recompile pc=0x00000169209a66cc method=org.eclipse.jdt.internal.compiler.lookup.SourceTypeBinding.getExactMethod([C[Lorg/eclipse/jdt/internal/compiler/lookup/TypeBinding;Lorg/eclipse/jdt/internal/compile
Event: 2585.717 Thread 0x0000016907e74e70 DEOPT PACKING pc=0x00000169209a66cc sp=0x00000062d47fd3f0
Event: 2585.717 Thread 0x0000016907e74e70 DEOPT UNPACKING pc=0x000001691f777ba2 sp=0x00000062d47fd390 mode 2

Classes loaded (20 events):
Event: 2526.677 Loading class java/nio/file/attribute/PosixFileAttributes
Event: 2526.677 Loading class java/nio/file/attribute/PosixFileAttributes done
Event: 2527.165 Loading class java/util/AbstractList$RandomAccessSubList
Event: 2527.166 Loading class java/util/AbstractList$SubList
Event: 2527.167 Loading class java/util/AbstractList$SubList done
Event: 2527.168 Loading class java/util/AbstractList$RandomAccessSubList done
Event: 2527.168 Loading class java/util/AbstractList$SubList$1
Event: 2527.169 Loading class java/util/AbstractList$SubList$1 done
Event: 2550.894 Loading class jdk/internal/module/IllegalAccessLogger
Event: 2550.894 Loading class jdk/internal/module/IllegalAccessLogger done
Event: 2553.530 Loading class sun/nio/fs/WindowsFileCopy
Event: 2553.534 Loading class sun/nio/fs/WindowsFileCopy done
Event: 2563.125 Loading class jdk/internal/module/IllegalAccessLogger
Event: 2563.126 Loading class jdk/internal/module/IllegalAccessLogger done
Event: 2571.002 Loading class jdk/internal/module/IllegalAccessLogger
Event: 2571.002 Loading class jdk/internal/module/IllegalAccessLogger done
Event: 2579.157 Loading class java/lang/Throwable$WrappedPrintStream
Event: 2579.158 Loading class java/lang/Throwable$WrappedPrintStream done
Event: 2580.683 Loading class jdk/internal/module/IllegalAccessLogger
Event: 2580.683 Loading class jdk/internal/module/IllegalAccessLogger done

Classes unloaded (15 events):
Event: 40.581 Thread 0x000001693b6e6910 Unloading class 0x000001693f1ad000 'java/lang/invoke/LambdaForm$MH+0x000001693f1ad000'
Event: 40.581 Thread 0x000001693b6e6910 Unloading class 0x000001693f1acc00 'java/lang/invoke/LambdaForm$MH+0x000001693f1acc00'
Event: 40.581 Thread 0x000001693b6e6910 Unloading class 0x000001693f1ac800 'java/lang/invoke/LambdaForm$MH+0x000001693f1ac800'
Event: 40.581 Thread 0x000001693b6e6910 Unloading class 0x000001693f1ac400 'java/lang/invoke/LambdaForm$MH+0x000001693f1ac400'
Event: 40.581 Thread 0x000001693b6e6910 Unloading class 0x000001693f1ac000 'java/lang/invoke/LambdaForm$BMH+0x000001693f1ac000'
Event: 40.581 Thread 0x000001693b6e6910 Unloading class 0x000001693f1abc00 'java/lang/invoke/LambdaForm$DMH+0x000001693f1abc00'
Event: 40.581 Thread 0x000001693b6e6910 Unloading class 0x000001693f1aa800 'java/lang/invoke/LambdaForm$DMH+0x000001693f1aa800'
Event: 2478.685 Thread 0x000001693b6e6910 Unloading class 0x000001693f740400 'java/lang/invoke/LambdaForm$DMH+0x000001693f740400'
Event: 2548.774 Thread 0x000001693b6e6910 Unloading class 0x000001693f772800 'java/lang/invoke/LambdaForm$DMH+0x000001693f772800'
Event: 2548.774 Thread 0x000001693b6e6910 Unloading class 0x000001693f772400 'java/lang/invoke/LambdaForm$DMH+0x000001693f772400'
Event: 2548.774 Thread 0x000001693b6e6910 Unloading class 0x000001693f771800 'java/lang/invoke/LambdaForm$MH+0x000001693f771800'
Event: 2548.774 Thread 0x000001693b6e6910 Unloading class 0x000001693f771000 'java/lang/invoke/LambdaForm$MH+0x000001693f771000'
Event: 2548.774 Thread 0x000001693b6e6910 Unloading class 0x000001693f770800 'java/lang/invoke/LambdaForm$MH+0x000001693f770800'
Event: 2548.774 Thread 0x000001693b6e6910 Unloading class 0x000001693f770000 'java/lang/invoke/LambdaForm$MH+0x000001693f770000'
Event: 2548.774 Thread 0x000001693b6e6910 Unloading class 0x000001693f760400 'java/lang/invoke/LambdaForm$DMH+0x000001693f760400'

Classes redefined (0 events):
No events

Internal exceptions (20 events):
Event: 2525.042 Thread 0x00000169044a9ef0 Exception <a 'java/io/FileNotFoundException'{0x0000000409048de8}> (0x0000000409048de8) 
thrown [s\src\hotspot\share\prims\jni.cpp, line 520]
Event: 2525.388 Thread 0x00000169044a9ef0 Implicit null exception at 0x000001691fee0735 to 0x000001691fee12c0
Event: 2533.113 Thread 0x00000169044a8b40 Implicit null exception at 0x00000169209103fa to 0x0000016920910788
Event: 2533.115 Thread 0x00000169044a8b40 Implicit null exception at 0x000001692099776c to 0x0000016920999230
Event: 2533.116 Thread 0x00000169044a8b40 Implicit null exception at 0x000001692099d69d to 0x000001692099e5bc
Event: 2533.446 Thread 0x00000169044a8b40 Implicit null exception at 0x000001692079208c to 0x0000016920792424
Event: 2533.800 Thread 0x00000169044a8b40 Implicit null exception at 0x0000016920799239 to 0x000001692079cc28
Event: 2548.347 Thread 0x0000016907e74e70 Implicit null exception at 0x00000169207fd756 to 0x00000169207fde0c
Event: 2553.536 Thread 0x00000169044a8b40 Exception <a 'sun/nio/fs/WindowsException'{0x00000007fef1d928}> (0x00000007fef1d928) 
thrown [s\src\hotspot\share\prims\jni.cpp, line 520]
Event: 2553.537 Thread 0x00000169044a8b40 Exception <a 'sun/nio/fs/WindowsException'{0x00000007fef1dcb8}> (0x00000007fef1dcb8) 
thrown [s\src\hotspot\share\prims\jni.cpp, line 520]
Event: 2553.554 Thread 0x00000169044a8b40 Exception <a 'sun/nio/fs/WindowsException'{0x00000007fef1e3f8}> (0x00000007fef1e3f8) 
thrown [s\src\hotspot\share\prims\jni.cpp, line 520]
Event: 2553.554 Thread 0x00000169044a8b40 Exception <a 'sun/nio/fs/WindowsException'{0x00000007fef1e6f0}> (0x00000007fef1e6f0) 
thrown [s\src\hotspot\share\prims\jni.cpp, line 520]
Event: 2553.638 Thread 0x00000169044a8b40 Exception <a 'sun/nio/fs/WindowsException'{0x00000004099b5988}> (0x00000004099b5988) 
thrown [s\src\hotspot\share\prims\jni.cpp, line 520]
Event: 2553.642 Thread 0x00000169044a8b40 Exception <a 'sun/nio/fs/WindowsException'{0x00000004099b68e8}> (0x00000004099b68e8) 
thrown [s\src\hotspot\share\prims\jni.cpp, line 520]
Event: 2560.546 Thread 0x00000169044a8b40 Exception <a 'java/io/FileNotFoundException'{0x00000004071a9d48}> (0x00000004071a9d48) 
thrown [s\src\hotspot\share\prims\jni.cpp, line 520]
Event: 2566.377 Thread 0x00000169044a8b40 Implicit null exception at 0x0000016920742717 to 0x00000169207453ac
Event: 2575.768 Thread 0x00000169044a8b40 Exception <a 'java/io/FileNotFoundException'{0x00000004075a9a58}> (0x00000004075a9a58) 
thrown [s\src\hotspot\share\prims\jni.cpp, line 520]
Event: 2577.236 Thread 0x00000169044a8b40 Exception <a 'java/io/FileNotFoundException'{0x0000000409d9cae0}> (0x0000000409d9cae0) 
thrown [s\src\hotspot\share\prims\jni.cpp, line 520]
Event: 2579.050 Thread 0x00000169044a8b40 Exception <a 'java/io/FileNotFoundException'{0x0000000409da4640}> (0x0000000409da4640) 
thrown [s\src\hotspot\share\prims\jni.cpp, line 520]
Event: 2579.128 Thread 0x00000169044a8b40 Exception <a 'java/lang/ArrayIndexOutOfBoundsException'{0x0000000408e1fbe0}: Index 2048 out of bounds for length 2048> (0x0000000408e1fbe0) 
thrown [s\src\hotspot\share\interpreter\interpreterRuntime.cpp, line 439]

ZGC Phase Switch (0 events):
No events

VM Operations (20 events):
Event: 2578.236 Executing safepoint VM operation: Cleanup done
Event: 2579.237 Executing safepoint VM operation: Cleanup
Event: 2580.423 Executing safepoint VM operation: Cleanup done
Event: 2581.116 Executing safepoint VM operation: G1CollectForAllocation (G1 Evacuation Pause)
Event: 2581.124 Executing safepoint VM operation: G1CollectForAllocation (G1 Evacuation Pause) done
Event: 2583.022 Executing safepoint VM operation: G1CollectForAllocation (G1 Evacuation Pause)
Event: 2583.026 Executing safepoint VM operation: G1CollectForAllocation (G1 Evacuation Pause) done
Event: 2584.040 Executing safepoint VM operation: Cleanup
Event: 2584.660 Executing safepoint VM operation: Cleanup done
Event: 2584.974 Executing non-safepoint VM operation: HandshakeAllThreads (HandshakeForDeflation)
Event: 2585.068 Executing non-safepoint VM operation: HandshakeAllThreads (HandshakeForDeflation) done
Event: 2585.068 Executing non-safepoint VM operation: RendezvousGCThreads
Event: 2585.068 Executing non-safepoint VM operation: RendezvousGCThreads done
Event: 2585.360 Executing safepoint VM operation: G1CollectForAllocation (G1 Evacuation Pause)
Event: 2585.560 Executing safepoint VM operation: G1CollectForAllocation (G1 Evacuation Pause) done
Event: 2585.745 Executing safepoint VM operation: G1TryInitiateConcMark (G1 Humongous Allocation)
Event: 2585.759 Executing safepoint VM operation: G1TryInitiateConcMark (G1 Humongous Allocation) done
Event: 2585.891 Executing safepoint VM operation: G1PauseRemark
Event: 2615.845 Executing safepoint VM operation: G1PauseRemark done
Event: 2616.057 Executing safepoint VM operation: G1CollectForAllocation (G1 Humongous Allocation)

Memory protections (0 events):
No events

Nmethod flushes (20 events):
Event: 2615.710 Thread 0x000001693b6e6910 flushing  nmethod 0x0000016919c2da10
Event: 2615.710 Thread 0x000001693b6e6910 flushing  nmethod 0x0000016919c3df10
Event: 2615.710 Thread 0x000001693b6e6910 flushing  nmethod 0x0000016919c6d190
Event: 2615.710 Thread 0x000001693b6e6910 flushing  nmethod 0x0000016919cb4090
Event: 2615.710 Thread 0x000001693b6e6910 flushing  nmethod 0x0000016919d15690
Event: 2615.710 Thread 0x000001693b6e6910 flushing  nmethod 0x0000016919d15a10
Event: 2615.710 Thread 0x000001693b6e6910 flushing  nmethod 0x0000016919d91110
Event: 2615.712 Thread 0x000001693b6e6910 flushing  nmethod 0x0000016919df1d90
Event: 2615.712 Thread 0x000001693b6e6910 flushing  nmethod 0x0000016919df2990
Event: 2615.712 Thread 0x000001693b6e6910 flushing  nmethod 0x0000016919df3d10
Event: 2615.712 Thread 0x000001693b6e6910 flushing  nmethod 0x0000016919e9bd10
Event: 2615.713 Thread 0x000001693b6e6910 flushing  nmethod 0x0000016919ee1d90
Event: 2615.713 Thread 0x000001693b6e6910 flushing  nmethod 0x000001691a165490
Event: 2615.714 Thread 0x000001693b6e6910 flushing  nmethod 0x000001691a24f890
Event: 2615.715 Thread 0x000001693b6e6910 flushing  nmethod 0x000001691a252510
Event: 2615.715 Thread 0x000001693b6e6910 flushing  nmethod 0x000001691a45d590
Event: 2615.716 Thread 0x000001693b6e6910 flushing  nmethod 0x000001691a462710
Event: 2615.716 Thread 0x000001693b6e6910 flushing  nmethod 0x000001691a63af90
Event: 2615.717 Thread 0x000001693b6e6910 flushing  nmethod 0x000001691a64f790
Event: 2615.717 Thread 0x000001693b6e6910 flushing  nmethod 0x000001691a652210

Events (20 events):
Event: 2553.889 Thread 0x000001693b71e6e0 Thread added: 0x0000016981516ac0
Event: 2554.115 Thread 0x0000016981516ac0 Thread exited: 0x0000016981516ac0
Event: 2554.640 Thread 0x000001693b71e6e0 Thread added: 0x00000169043f86d0
Event: 2560.478 Thread 0x00000169043f86d0 Thread exited: 0x00000169043f86d0
Event: 2560.551 Thread 0x000001697f01f840 Thread added: 0x0000016905428e00
Event: 2560.853 Thread 0x0000016905428e00 Thread exited: 0x0000016905428e00
Event: 2561.716 Thread 0x000001697f01f840 Thread added: 0x0000016905f78be0
Event: 2568.490 Thread 0x0000016905f78be0 Thread exited: 0x0000016905f78be0
Event: 2569.825 Thread 0x000001697f01f840 Thread added: 0x0000016907775df0
Event: 2571.550 Thread 0x0000016907e74150 Thread added: 0x0000016980b29c70
Event: 2577.072 Thread 0x0000016907775df0 Thread exited: 0x0000016907775df0
Event: 2579.124 Thread 0x000001697f01f840 Thread added: 0x0000016905428e00
Event: 2579.157 Thread 0x00000169044a8b40 Thread added: 0x0000016980b267f0
Event: 2579.159 Thread 0x00000169044a8b40 Thread exited: 0x00000169044a8b40
Event: 2581.452 Thread 0x0000016905428e00 Thread exited: 0x0000016905428e00
Event: 2582.947 Thread 0x000001697f01f840 Thread added: 0x0000016905428e00
Event: 2583.382 Thread 0x0000016907e76f40 Thread exited: 0x0000016907e76f40
Event: 2583.927 Thread 0x0000016905428e00 Thread exited: 0x0000016905428e00
Event: 2584.714 Thread 0x000001697f01f840 Thread added: 0x0000016907775df0
Event: 2585.564 Thread 0x0000016907775df0 Thread exited: 0x0000016907775df0


Dynamic libraries:
0x00007ff6f9520000 - 0x00007ff6f952e000 	c:\Users\ZHAN\.vscode\extensions\redhat.java-1.56.0-win32-x64\jre\21.0.12.1-win32-x86_64\bin\java.exe
0x00007fff92120000 - 0x00007fff92386000 	C:\WINDOWS\SYSTEM32\ntdll.dll
0x00007fff911c0000 - 0x00007fff91289000 	C:\WINDOWS\System32\KERNEL32.DLL
0x00007fff8f5c0000 - 0x00007fff8f9bf000 	C:\WINDOWS\System32\KERNELBASE.dll
0x00007fff8fb60000 - 0x00007fff8fcac000 	C:\WINDOWS\System32\ucrtbase.dll
0x00007fff79be0000 - 0x00007fff79bfe000 	c:\Users\ZHAN\.vscode\extensions\redhat.java-1.56.0-win32-x64\jre\21.0.12.1-win32-x86_64\bin\VCRUNTIME140.dll
0x00007fff79bc0000 - 0x00007fff79bd8000 	c:\Users\ZHAN\.vscode\extensions\redhat.java-1.56.0-win32-x64\jre\21.0.12.1-win32-x86_64\bin\jli.dll
0x00007fff91a80000 - 0x00007fff91c46000 	C:\WINDOWS\System32\USER32.dll
0x00007fff73680000 - 0x00007fff73911000 	C:\WINDOWS\WinSxS\amd64_microsoft.windows.common-controls_6595b64144ccf1df_6.0.26100.8972_none_3e0da176e32f9d4b\COMCTL32.dll
0x00007fff8f390000 - 0x00007fff8f3b7000 	C:\WINDOWS\System32\win32u.dll
0x00007fff90a00000 - 0x00007fff90aa9000 	C:\WINDOWS\System32\msvcrt.dll
0x00007fff91120000 - 0x00007fff9114b000 	C:\WINDOWS\System32\GDI32.dll
0x00007fff8fcb0000 - 0x00007fff8fdd9000 	C:\WINDOWS\System32\gdi32full.dll
0x00007fff8f480000 - 0x00007fff8f523000 	C:\WINDOWS\System32\msvcp_win.dll
0x00007fff913c0000 - 0x00007fff913f2000 	C:\WINDOWS\System32\IMM32.DLL
0x00007fff79aa0000 - 0x00007fff79aac000 	c:\Users\ZHAN\.vscode\extensions\redhat.java-1.56.0-win32-x64\jre\21.0.12.1-win32-x86_64\bin\vcruntime140_1.dll
0x00007fff50500000 - 0x00007fff5058d000 	c:\Users\ZHAN\.vscode\extensions\redhat.java-1.56.0-win32-x64\jre\21.0.12.1-win32-x86_64\bin\msvcp140.dll
0x00007ffecf5e0000 - 0x00007ffed0382000 	c:\Users\ZHAN\.vscode\extensions\redhat.java-1.56.0-win32-x64\jre\21.0.12.1-win32-x86_64\bin\server\jvm.dll
0x00007fff90b60000 - 0x00007fff90c1c000 	C:\WINDOWS\System32\ADVAPI32.dll
0x00007fff90ab0000 - 0x00007fff90b5a000 	C:\WINDOWS\System32\sechost.dll
0x00007fff90dd0000 - 0x00007fff90ee8000 	C:\WINDOWS\System32\RPCRT4.dll
0x00007fff90c60000 - 0x00007fff90ce2000 	C:\WINDOWS\System32\WS2_32.dll
0x00007fff8f1f0000 - 0x00007fff8f24e000 	C:\WINDOWS\SYSTEM32\POWRPROF.dll
0x00007fff75fc0000 - 0x00007fff75ff6000 	C:\WINDOWS\SYSTEM32\WINMM.dll
0x00007fff7de50000 - 0x00007fff7de5b000 	C:\WINDOWS\SYSTEM32\VERSION.dll
0x00007fff8f1d0000 - 0x00007fff8f1e5000 	C:\WINDOWS\SYSTEM32\UMPDC.dll
0x00007fff8e0f0000 - 0x00007fff8e10b000 	C:\WINDOWS\SYSTEM32\kernel.appcore.dll
0x00007fff73970000 - 0x00007fff7397a000 	c:\Users\ZHAN\.vscode\extensions\redhat.java-1.56.0-win32-x64\jre\21.0.12.1-win32-x86_64\bin\jimage.dll
0x00007fff8c980000 - 0x00007fff8cbc2000 	C:\WINDOWS\SYSTEM32\DBGHELP.DLL
0x00007fff91500000 - 0x00007fff91885000 	C:\WINDOWS\System32\combase.dll
0x00007fff90cf0000 - 0x00007fff90dc9000 	C:\WINDOWS\System32\OLEAUT32.dll
0x00007fff6a470000 - 0x00007fff6a4ab000 	C:\WINDOWS\SYSTEM32\dbgcore.DLL
0x00007fff8fde0000 - 0x00007fff8fe8c000 	C:\WINDOWS\System32\bcryptPrimitives.dll
0x00007fff73520000 - 0x00007fff7352f000 	c:\Users\ZHAN\.vscode\extensions\redhat.java-1.56.0-win32-x64\jre\21.0.12.1-win32-x86_64\bin\instrument.dll
0x00007fff71920000 - 0x00007fff71940000 	c:\Users\ZHAN\.vscode\extensions\redhat.java-1.56.0-win32-x64\jre\21.0.12.1-win32-x86_64\bin\java.dll
0x00007fff90100000 - 0x00007fff90888000 	C:\WINDOWS\System32\SHELL32.dll
0x00007fff8cf00000 - 0x00007fff8d79b000 	C:\WINDOWS\SYSTEM32\windows.storage.dll
0x00007fff8ffb0000 - 0x00007fff900a9000 	C:\WINDOWS\System32\SHCORE.dll
0x00007fff91150000 - 0x00007fff911b6000 	C:\WINDOWS\System32\shlwapi.dll
0x00007fff8f2b0000 - 0x00007fff8f2d9000 	C:\WINDOWS\SYSTEM32\profapi.dll
0x00007fff71900000 - 0x00007fff71918000 	c:\Users\ZHAN\.vscode\extensions\redhat.java-1.56.0-win32-x64\jre\21.0.12.1-win32-x86_64\bin\zip.dll
0x00007fff79c80000 - 0x00007fff79c90000 	C:\Users\ZHAN\.vscode\extensions\redhat.java-1.56.0-win32-x64\jre\21.0.12.1-win32-x86_64\bin\net.dll
0x00007fff85140000 - 0x00007fff85268000 	C:\WINDOWS\SYSTEM32\WINHTTP.dll
0x00007fff8e680000 - 0x00007fff8e6ec000 	C:\WINDOWS\system32\mswsock.dll
0x00007fff79c60000 - 0x00007fff79c76000 	C:\Users\ZHAN\.vscode\extensions\redhat.java-1.56.0-win32-x64\jre\21.0.12.1-win32-x86_64\bin\nio.dll
0x00007fff718f0000 - 0x00007fff71900000 	c:\Users\ZHAN\.vscode\extensions\redhat.java-1.56.0-win32-x64\jre\21.0.12.1-win32-x86_64\bin\verify.dll
0x00007fff65870000 - 0x00007fff658b5000 	C:\Users\ZHAN\AppData\Roaming\Code\User\globalStorage\redhat.java\1.56.0\config_win\org.eclipse.equinox.launcher\org.eclipse.equinox.launcher.win32.win32.x86_64_1.3.100.v20260804-1928\eclipse_11924.dll
0x00007fff90f80000 - 0x00007fff91119000 	C:\WINDOWS\System32\ole32.dll
0x00007fff8e960000 - 0x00007fff8e97b000 	C:\WINDOWS\SYSTEM32\CRYPTSP.dll
0x00007fff8e050000 - 0x00007fff8e089000 	C:\WINDOWS\system32\rsaenh.dll
0x00007fff8e720000 - 0x00007fff8e752000 	C:\WINDOWS\SYSTEM32\USERENV.dll
0x00007fff8f280000 - 0x00007fff8f2aa000 	C:\WINDOWS\SYSTEM32\bcrypt.dll
0x00007fff8e980000 - 0x00007fff8e98c000 	C:\WINDOWS\SYSTEM32\CRYPTBASE.dll
0x00007fff8db80000 - 0x00007fff8dbb3000 	C:\WINDOWS\SYSTEM32\IPHLPAPI.DLL
0x00007fff909f0000 - 0x00007fff909fa000 	C:\WINDOWS\System32\NSI.dll
0x00007fff5c450000 - 0x00007fff5c499000 	C:\Users\ZHAN\AppData\Local\Temp\jna-2752475\jna980683214648136409.dll
0x00007fff91290000 - 0x00007fff91298000 	C:\WINDOWS\System32\PSAPI.DLL
0x00007fff86950000 - 0x00007fff8696d000 	C:\WINDOWS\SYSTEM32\dhcpcsvc6.DLL
0x00007fff868f0000 - 0x00007fff86915000 	C:\WINDOWS\SYSTEM32\dhcpcsvc.DLL
0x00007fff85cd0000 - 0x00007fff85cde000 	C:\Users\ZHAN\.vscode\extensions\redhat.java-1.56.0-win32-x64\jre\21.0.12.1-win32-x86_64\bin\sunmscapi.dll
0x00007fff8f9d0000 - 0x00007fff8fb4e000 	C:\WINDOWS\System32\CRYPT32.dll
0x00007fff8eb80000 - 0x00007fff8ebb0000 	C:\WINDOWS\SYSTEM32\ncrypt.dll
0x00007fff8eb30000 - 0x00007fff8eb6f000 	C:\WINDOWS\SYSTEM32\NTASN1.dll
0x00007fff8dc50000 - 0x00007fff8dda8000 	C:\WINDOWS\SYSTEM32\DNSAPI.dll
0x00007fff8e470000 - 0x00007fff8e47d000 	C:\WINDOWS\SYSTEM32\DSPARSE.dll
0x00007fff84e60000 - 0x00007fff84e6b000 	C:\Windows\System32\rasadhlp.dll
0x00007fff88670000 - 0x00007fff886f6000 	C:\WINDOWS\System32\fwpuclnt.dll
0x00007fff85cc0000 - 0x00007fff85cc9000 	C:\Users\ZHAN\.vscode\extensions\redhat.java-1.56.0-win32-x64\jre\21.0.12.1-win32-x86_64\bin\extnet.dll

JVMTI agents:
c:\Users\ZHAN\.vscode\extensions\redhat.java-1.56.0-win32-x64\lombok\lombok-1.18.39-4050.jar path:c:\Users\ZHAN\.vscode\extensions\redhat.java-1.56.0-win32-x64\jre\21.0.12.1-win32-x86_64\bin\instrument.dll, loaded, initialized, instrumentlib options:none

dbghelp: loaded successfully - version: 4.0.5 - missing functions: none
symbol engine: initialized successfully - sym options: 0x614 - pdb path: .;c:\Users\ZHAN\.vscode\extensions\redhat.java-1.56.0-win32-x64\jre\21.0.12.1-win32-x86_64\bin;C:\WINDOWS\SYSTEM32;C:\WINDOWS\WinSxS\amd64_microsoft.windows.common-controls_6595b64144ccf1df_6.0.26100.8972_none_3e0da176e32f9d4b;c:\Users\ZHAN\.vscode\extensions\redhat.java-1.56.0-win32-x64\jre\21.0.12.1-win32-x86_64\bin\server;C:\Users\ZHAN\AppData\Roaming\Code\User\globalStorage\redhat.java\1.56.0\config_win\org.eclipse.equinox.launcher\org.eclipse.equinox.launcher.win32.win32.x86_64_1.3.100.v20260804-1928;C:\Users\ZHAN\AppData\Local\Temp\jna-2752475

VM Arguments:
jvm_args: --add-modules=ALL-SYSTEM --add-opens=java.base/java.util=ALL-UNNAMED --add-opens=java.base/java.lang=ALL-UNNAMED --add-opens=java.base/sun.nio.fs=ALL-UNNAMED -Declipse.application=org.eclipse.jdt.ls.core.id1 -Dosgi.bundles.defaultStartLevel=4 -Declipse.product=org.eclipse.jdt.ls.core.product -Djava.import.generatesMetadataFilesAtProjectRoot=false -Dm2e.project.cache.size=50 -DDetectVMInstallationsJob.disabled=true -Dfile.encoding=utf8 -Xlog:disable -Xmx16G -XX:+UseG1GC -XX:+UseStringDeduplication -javaagent:c:\Users\ZHAN\.vscode\extensions\redhat.java-1.56.0-win32-x64\lombok\lombok-1.18.39-4050.jar -XX:+HeapDumpOnOutOfMemoryError -XX:HeapDumpPath=c:\Users\ZHAN\AppData\Roaming\Code\User\workspaceStorage\6ade11563f4fe5361217eb6860d671e4\redhat.java -Daether.dependencyCollector.impl=bf 
java_command: c:\Users\ZHAN\.vscode\extensions\redhat.java-1.56.0-win32-x64\server\plugins\org.eclipse.equinox.launcher_1.8.0.v20260804-1928.jar -configuration c:\Users\ZHAN\AppData\Roaming\Code\User\globalStorage\redhat.java\1.56.0\config_win -data c:\Users\ZHAN\AppData\Roaming\Code\User\workspaceStorage\6ade11563f4fe5361217eb6860d671e4\redhat.java\jdt_ws --pipe=\\.\pipe\lsp-2e19a5f0c223d41e0b021aa1f500d6da-sock
java_class_path (initial): c:\Users\ZHAN\.vscode\extensions\redhat.java-1.56.0-win32-x64\server\plugins\org.eclipse.equinox.launcher_1.8.0.v20260804-1928.jar
Launcher Type: SUN_STANDARD

[Global flags]
     intx CICompilerCount                          = 4                                         {product} {ergonomic}
     uint ConcGCThreads                            = 2                                         {product} {ergonomic}
     uint G1ConcRefinementThreads                  = 8                                         {product} {ergonomic}
   size_t G1HeapRegionSize                         = 8388608                                   {product} {ergonomic}
    uintx GCDrainStackTargetSize                   = 64                                        {product} {ergonomic}
     bool HeapDumpOnOutOfMemoryError               = true                                   {manageable} {command line}
    ccstr HeapDumpPath                             = c:\Users\ZHAN\AppData\Roaming\Code\User\workspaceStorage\6ade11563f4fe5361217eb6860d671e4\redhat.java         {manageable} {command line}
   size_t InitialHeapSize                          = 134217728                                 {product} {ergonomic}
   size_t MarkStackSize                            = 4194304                                   {product} {ergonomic}
   size_t MaxHeapSize                              = 17179869184                               {product} {command line}
   size_t MaxNewSize                               = 10301210624                               {product} {ergonomic}
   size_t MinHeapDeltaBytes                        = 8388608                                   {product} {ergonomic}
   size_t MinHeapSize                              = 8388608                                   {product} {ergonomic}
    uintx NonNMethodCodeHeapSize                   = 5839372                                {pd product} {ergonomic}
    uintx NonProfiledCodeHeapSize                  = 122909434                              {pd product} {ergonomic}
    uintx ProfiledCodeHeapSize                     = 122909434                              {pd product} {ergonomic}
    uintx ReservedCodeCacheSize                    = 251658240                              {pd product} {ergonomic}
     bool SegmentedCodeCache                       = true                                      {product} {ergonomic}
   size_t SoftMaxHeapSize                          = 17179869184                            {manageable} {ergonomic}
     bool UseCompressedOops                        = true                           {product lp64_product} {ergonomic}
     bool UseG1GC                                  = true                                      {product} {command line}
     bool UseLargePagesIndividualAllocation        = false                                  {pd product} {ergonomic}
     bool UseStringDeduplication                   = true                                      {product} {command line}

Logging:
Log output configuration:
 #0: stdout all=off uptime,level,tags foldmultilines=false
 #1: stderr all=off uptime,level,tags foldmultilines=false

Release file:
JAVA_VERSION="21.0.12.1" 
MODULES="java.base java.compiler java.datatransfer java.xml java.prefs java.desktop java.instrument java.logging java.management java.security.sasl java.naming java.rmi java.management.rmi java.net.http java.scripting java.security.jgss java.transaction.xa java.sql java.sql.rowset java.xml.crypto java.se java.smartcardio jdk.accessibility jdk.internal.jvmstat jdk.attach jdk.charsets jdk.internal.opt jdk.zipfs jdk.compiler jdk.crypto.ec jdk.crypto.cryptoki jdk.crypto.mscapi jdk.dynalink jdk.internal.ed jdk.editpad jdk.hotspot.agent jdk.httpserver jdk.internal.le jdk.internal.vm.ci jdk.internal.vm.compiler jdk.internal.vm.compiler.management jdk.jartool jdk.javadoc jdk.jcmd jdk.management jdk.management.agent jdk.jconsole jdk.jdeps jdk.jdwp.agent jdk.jdi jdk.jfr jdk.jshell jdk.jsobject jdk.jstatd jdk.localedata jdk.management.jfr jdk.naming.dns jdk.naming.rmi jdk.net jdk.nio.mapmode jdk.random jdk.sctp jdk.security.auth jdk.security.jgss jdk.unsupported jdk.unsupported.desktop jdk.xml.dom" 

Environment Variables:
JAVA_HOME=C:\Program Files\Java\jdk-25.0.2
PATH=C:\Program Files\Common Files\Oracle\Java\javapath;C:\Program Files\Python313;C:\Program Files\Python313\Scripts;C:\Program Files\Java\jdk-17\bin;C:\Program Files\Python313\Scripts\;C:\Program Files\Python313\;C:\Python27\;C:\Python27\Scripts;C:\WINDOWS\system32;C:\WINDOWS;C:\WINDOWS\System32\Wbem;C:\WINDOWS\System32\WindowsPowerShell\v1.0\;C:\WINDOWS\System32\OpenSSH\;C:\Program Files\Java\jdk-23\bin;C:\Program Files (x86)\Microsoft SQL Server\160\Tools\Binn\;C:\Program Files\Microsoft SQL Server\160\Tools\Binn\;C:\Program Files\Microsoft SQL Server\Client SDK\ODBC\170\Tools\Binn\;C:\Program Files\Microsoft SQL Server\160\DTS\Binn\;C:\Program Files\MySQL\MySQL Server 8.0\bin;C:\Program Files\Java\jdk-24\bin;C:\Program Files\Common Files\Autodesk Shared\;C:\Program Files\cursor\resources\app\bin;C:\apache-tomcat-9.0.113-windows-x64\apache-tomcat-9.0.113\bin;C:\Program Files\Java\jdk-25.0.2\bin;C:\Program Files\Java\jdk-25.0.2\bin;C:\Program Files\nodejs\;C:\Program Files\nodejs;c:\php;C:\Program Files\Maven\apache-maven-3.9.16;C:\Program Files\Git\cmd;C:\Program Files\MySQL\MySQL Shell 8.0\bin\;C:\Users\ZHAN\AppData\Local\Programs\Python\Launcher\;C:\Users\ZHAN\AppData\Local\Microsoft\WindowsApps;C:\Users\ZHAN\AppData\Local\Programs\Microsoft VS Code\bin;C:\Users\ZHAN\AppData\Roaming\npm;D:\PYTHON\bin;C:\Users\ZHAN\AppData\Local\Microsoft\WinGet\Packages\PHP.PHP.8.3_Microsoft.Winget.Source_8wekyb3d8bbwe;C:\Users\ZHAN\AppData\Local\Programs\Antigravity\bin;C:\Users\ZHAN\AppData\Local\Programs\Antigravity IDE\bin;D:\Apps\IntelliJ IDEA 2026.1.3\bin;
USERNAME=ZHAN
OS=Windows_NT
PROCESSOR_IDENTIFIER=Intel64 Family 6 Model 126 Stepping 5, GenuineIntel
TMP=C:\Users\ZHAN\AppData\Local\Temp
TEMP=C:\Users\ZHAN\AppData\Local\Temp




Periodic native trim disabled

---------------  S Y S T E M  ---------------

OS:
 Windows 11 , 64 bit Build 26100 (10.0.26100.9168)
OS uptime: 6 days 19:25 hours

CPU: total 8 (initial active 8) (4 cores per cpu, 2 threads per core) family 6 model 126 stepping 5 microcode 0xa0, cx8, cmov, fxsr, ht, mmx, 3dnowpref, sse, sse2, sse3, ssse3, sse4.1, sse4.2, popcnt, lzcnt, tsc, tscinvbit, avx, avx2, aes, erms, clmul, bmi1, bmi2, adx, avx512f, avx512dq, avx512cd, avx512bw, avx512vl, sha, fma, vzeroupper, avx512_vpopcntdq, avx512_vpclmulqdq, avx512_vaes, avx512_vnni, clflush, clflushopt, avx512_vbmi2, avx512_vbmi, rdtscp, rdpid, fsrm, gfni, avx512_bitalg, f16c, pku, avx512_ifma
Processor Information for the first 8 processors :
  Max Mhz: 1190, Current Mhz: 991, Mhz Limit: 987

Memory: 4k page, system-wide physical 7877M (304M free)
TotalPageFile size 31103M (AvailPageFile size 843M)
current process WorkingSet (physical memory assigned to process): 3281M, peak: 3423M
current process commit charge ("private bytes"): 12986M, peak: 16978M

vm_info: OpenJDK 64-Bit Server VM (21.0.12.1+1-LTS) for windows-amd64 JRE (21.0.12.1+1-LTS), built on 2026-08-18T00:00:00Z by "admin" with MS VC++ 17.12 (VS2022)

END.
