#
# There is insufficient memory for the Java Runtime Environment to continue.
# Native memory allocation (mmap) failed to map 8388608 bytes. Error detail: G1 virtual space
# Possible reasons:
#   The system is out of physical RAM or swap space
#   This process is running with CompressedOops enabled, and the Java Heap may be blocking the growth of the native heap
# Possible solutions:
#   Reduce memory load on the system
#   Increase physical memory or swap space
#   Check if swap backing store is full
#   Decrease Java heap size (-Xmx/-Xms)
#   Decrease number of Java threads
#   Decrease Java thread stack sizes (-Xss)
#   Set larger code cache with -XX:ReservedCodeCacheSize=
#   JVM is running with Zero Based Compressed Oops mode in which the Java heap is
#     placed in the first 32GB address space. The Java Heap base address is the
#     maximum limit for the native heap growth. Please use -XX:HeapBaseMinAddress
#     to set the Java Heap base and to place the Java Heap above 32GB virtual address.
# This output file may be truncated or incomplete.
#
#  Out of Memory Error (os_windows.cpp:3732), pid=4428, tid=2032
#
# JRE version: OpenJDK Runtime Environment Temurin-21.0.12.1+1 (21.0.12.1+1) (build 21.0.12.1+1-LTS)
# Java VM: OpenJDK 64-Bit Server VM Temurin-21.0.12.1+1 (21.0.12.1+1-LTS, mixed mode, sharing, tiered, compressed oops, compressed class ptrs, g1 gc, windows-amd64)
# No core dump will be written. Minidumps are not enabled by default on client versions of Windows
#

---------------  S U M M A R Y ------------

Command Line: --add-modules=ALL-SYSTEM --add-opens=java.base/java.util=ALL-UNNAMED --add-opens=java.base/java.lang=ALL-UNNAMED --add-opens=java.base/sun.nio.fs=ALL-UNNAMED -Declipse.application=org.eclipse.jdt.ls.core.id1 -Dosgi.bundles.defaultStartLevel=4 -Declipse.product=org.eclipse.jdt.ls.core.product -Djava.import.generatesMetadataFilesAtProjectRoot=false -Dm2e.project.cache.size=50 -DDetectVMInstallationsJob.disabled=true -Dfile.encoding=utf8 -Xlog:disable -Xmx16G -XX:+UseG1GC -XX:+UseStringDeduplication -javaagent:c:\Users\ZHAN\.vscode\extensions\redhat.java-1.56.0-win32-x64\lombok\lombok-1.18.39-4050.jar -XX:+HeapDumpOnOutOfMemoryError -XX:HeapDumpPath=c:\Users\ZHAN\AppData\Roaming\Code\User\workspaceStorage\6ade11563f4fe5361217eb6860d671e4\redhat.java -Daether.dependencyCollector.impl=bf c:\Users\ZHAN\.vscode\extensions\redhat.java-1.56.0-win32-x64\server\plugins\org.eclipse.equinox.launcher_1.8.0.v20260804-1928.jar -configuration c:\Users\ZHAN\AppData\Roaming\Code\User\globalStorage\redhat.java\1.56.0\config_win -data c:\Users\ZHAN\AppData\Roaming\Code\User\workspaceStorage\6ade11563f4fe5361217eb6860d671e4\redhat.java\jdt_ws --pipe=\\.\pipe\lsp-8837fb0cd48733fefa85b63257319a04-sock

Host: Intel(R) Core(TM) i5-1035G1 CPU @ 1.00GHz, 8 cores, 7G,  Windows 11 , 64 bit Build 26100 (10.0.26100.9168)
Time: Sun Sep 20 02:00:12 2026 Jordan Standard Time elapsed time: 1431.171612 seconds (0d 0h 23m 51s)

---------------  T H R E A D  ---------------

Current thread (0x0000022770534480):  JavaThread "Java indexing" daemon [_thread_in_vm, id=2032, stack(0x0000008c99e00000,0x0000008c99f00000) (1024K)]

Stack: [0x0000008c99e00000,0x0000008c99f00000]
Native frames: (J=compiled Java code, j=interpreted, Vv=VM code, C=native code)
V  [jvm.dll+0x6d83e9]
V  [jvm.dll+0x8b5736]
V  [jvm.dll+0x8b7cee]
V  [jvm.dll+0x8b83d3]
V  [jvm.dll+0x284596]
V  [jvm.dll+0x6d4d05]
V  [jvm.dll+0x6c898a]
V  [jvm.dll+0x35f2f8]
V  [jvm.dll+0x366f36]
V  [jvm.dll+0x3b7d4f]
V  [jvm.dll+0x3b83e4]
V  [jvm.dll+0x3b7f5b]
V  [jvm.dll+0x33363e]
V  [jvm.dll+0x33176f]
V  [jvm.dll+0x667ac0]
V  [jvm.dll+0x2438e2]
V  [jvm.dll+0x3c7b7f]
V  [jvm.dll+0x1a9ae4]
C  0x000002270bb984f1

The last pc belongs to new_object_array Runtime1 stub (printed below).
Java frames: (J=compiled Java code, j=interpreted, Vv=VM code)
v  ~RuntimeStub::new_object_array Runtime1 stub 0x000002270bb984f1
J 6732 c1 org.eclipse.jdt.internal.compiler.util.HashtableOfObject.<init>(I)V (78 bytes) @ 0x0000022705205ddf [0x0000022705205920+0x00000000000004bf]
J 15597 c1 org.eclipse.jdt.internal.core.index.DiskIndex.readCategoryTable([CZ)Lorg/eclipse/jdt/internal/compiler/util/HashtableOfObject; (743 bytes) @ 0x00000227065847ec [0x0000022706584060+0x000000000000078c]
j  org.eclipse.jdt.internal.core.index.DiskIndex.mergeCategory([CLorg/eclipse/jdt/internal/core/index/DiskIndex;[ILjava/io/OutputStream;)V+31
j  org.eclipse.jdt.internal.core.index.DiskIndex.mergeCategories(Lorg/eclipse/jdt/internal/core/index/DiskIndex;[ILjava/io/OutputStream;)V+109
j  org.eclipse.jdt.internal.core.index.DiskIndex.mergeWith(Lorg/eclipse/jdt/internal/core/index/MemoryIndex;)Lorg/eclipse/jdt/internal/core/index/DiskIndex;+335
j  org.eclipse.jdt.internal.core.index.Index.save()Z+40
j  org.eclipse.jdt.internal.core.search.indexing.IndexManager.saveIndex(Lorg/eclipse/jdt/internal/core/index/Index;)V+39
j  org.eclipse.jdt.internal.core.search.indexing.IndexManager.saveIndexes()V+139
j  org.eclipse.jdt.internal.core.search.indexing.IndexManager.notifyIdle(J)V+16
j  org.eclipse.jdt.internal.core.search.processing.JobManager.indexerLoop()V+110
j  org.eclipse.jdt.internal.core.search.processing.JobManager$$Lambda+0x000002272c38c240.run()V+4
j  java.lang.Thread.runWith(Ljava/lang/Object;Ljava/lang/Runnable;)V+5 java.base@21.0.12.1
j  java.lang.Thread.run()V+19 java.base@21.0.12.1
v  ~StubRoutines::call_stub 0x000002270ba810e7
--------------------------------------------------------------------------------
Decoding CodeBlob, name: new_object_array Runtime1 stub, at  [0x000002270bb98380, 0x000002270bb98690]  784 bytes
[MachCode]
  0x000002270bb98380: 5548 8bec | 4881 ec80 | 0000 0048 | 8944 2478 | 4889 4c24 | 7048 8954 | 2468 4889 | 5c24 6048 
  0x000002270bb983a0: 896c 2450 | 4889 7424 | 4848 897c | 2440 4c89 | 4424 384c | 894c 2430 | 4c89 5424 | 284c 895c 
  0x000002270bb983c0: 2420 4c89 | 6424 184c | 896c 2410 | 4c89 7424 | 084c 893c | 2448 81ec | 1004 0000 | c5fb 1144 
  0x000002270bb983e0: 2428 c5fb | 114c 2430 | c5fb 1154 | 2438 c5fb | 115c 2440 | c5fb 1164 | 2448 c5fb | 116c 2450 
  0x000002270bb98400: c5fb 1174 | 2458 c5fb | 117c 2460 | c57b 1144 | 2468 c57b | 114c 2470 | c57b 1154 | 2478 c57b 
  0x000002270bb98420: 119c 2480 | 0000 00c5 | 7b11 a424 | 8800 0000 | c57b 11ac | 2490 0000 | 00c5 7b11 | b424 9800 
  0x000002270bb98440: 0000 c57b | 11bc 24a0 | 0000 0062 | e1ff 0811 | 4424 1562 | e1ff 0811 | 4c24 1662 | e1ff 0811 
  0x000002270bb98460: 5424 1762 | e1ff 0811 | 5c24 1862 | e1ff 0811 | 6424 1962 | e1ff 0811 | 6c24 1a62 | e1ff 0811 
  0x000002270bb98480: 7424 1b62 | e1ff 0811 | 7c24 1c62 | 61ff 0811 | 4424 1d62 | 61ff 0811 | 4c24 1e62 | 61ff 0811 
  0x000002270bb984a0: 5424 1f62 | 61ff 0811 | 5c24 2062 | 61ff 0811 | 6424 2162 | 61ff 0811 | 6c24 2262 | 61ff 0811 
  0x000002270bb984c0: 7424 2362 | 61ff 0811 | 7c24 2448 | 8bd2 4c8b | c349 8bcf | c5f8 7749 | 89af b003 | 0000 4989 
  0x000002270bb984e0: a7a0 0300 | 0048 b860 | 9a78 cffe | 7f00 00ff | d049 c787 | a003 0000 | 0000 0000 | 49c7 87b0 
  0x000002270bb98500: 0300 0000 | 0000 0049 | c787 a803 | 0000 0000 | 0000 c5f8 | 7749 837f | 0800 0f84 | 1400 0000 
  0x000002270bb98520: 498b 4708 | 49c7 87f8 | 0300 0000 | 0000 00e9 | 4cdb ffff | 498b 87f8 | 0300 0049 | c787 f803 
  0x000002270bb98540: 0000 0000 | 0000 c5fb | 1044 2428 | c5fb 104c | 2430 c5fb | 1054 2438 | c5fb 105c | 2440 c5fb 
  0x000002270bb98560: 1064 2448 | c5fb 106c | 2450 c5fb | 1074 2458 | c5fb 107c | 2460 c57b | 1044 2468 | c57b 104c 
  0x000002270bb98580: 2470 c57b | 1054 2478 | c57b 109c | 2480 0000 | 00c5 7b10 | a424 8800 | 0000 c57b | 10ac 2490 
  0x000002270bb985a0: 0000 00c5 | 7b10 b424 | 9800 0000 | c57b 10bc | 24a0 0000 | 0062 e1ff | 0810 4424 | 1562 e1ff 
  0x000002270bb985c0: 0810 4c24 | 1662 e1ff | 0810 5424 | 1762 e1ff | 0810 5c24 | 1862 e1ff | 0810 6424 | 1962 e1ff 
  0x000002270bb985e0: 0810 6c24 | 1a62 e1ff | 0810 7424 | 1b62 e1ff | 0810 7c24 | 1c62 61ff | 0810 4424 | 1d62 61ff 
  0x000002270bb98600: 0810 4c24 | 1e62 61ff | 0810 5424 | 1f62 61ff | 0810 5c24 | 2062 61ff | 0810 6424 | 2162 61ff 
  0x000002270bb98620: 0810 6c24 | 2262 61ff | 0810 7424 | 2362 61ff | 0810 7c24 | 2448 81c4 | 1004 0000 | 4c8b 3c24 
  0x000002270bb98640: 4c8b 7424 | 084c 8b6c | 2410 4c8b | 6424 184c | 8b5c 2420 | 4c8b 5424 | 284c 8b4c | 2430 4c8b 
  0x000002270bb98660: 4424 3848 | 8b7c 2440 | 488b 7424 | 4848 8b6c | 2450 488b | 5c24 6048 | 8b54 2468 | 488b 4c24 
  0x000002270bb98680: 7048 81c4 | 8000 0000 | c9c3 660f | 1f44 0000 
[/MachCode]
--------------------------------------------------------------------------------


Compiled method (c1) 1431675 6732       3       org.eclipse.jdt.internal.compiler.util.HashtableOfObject::<init> (78 bytes)
 total in heap  [0x0000022705205710,0x0000022705206088] = 2424
 relocation     [0x0000022705205870,0x0000022705205900] = 144
 constants      [0x0000022705205900,0x0000022705205920] = 32
 main code      [0x0000022705205920,0x0000022705205ea0] = 1408
 stub code      [0x0000022705205ea0,0x0000022705205f08] = 104
 oops           [0x0000022705205f08,0x0000022705205f10] = 8
 metadata       [0x0000022705205f10,0x0000022705205f20] = 16
 scopes data    [0x0000022705205f20,0x0000022705205fa0] = 128
 scopes pcs     [0x0000022705205fa0,0x0000022705206070] = 208
 dependencies   [0x0000022705206070,0x0000022705206078] = 8
 nul chk table  [0x0000022705206078,0x0000022705206088] = 16


[Constant Pool]
             Address          hex4                    hex8      
  0x0000022705205900:   0x3fe00000      0xf4f4f4f43fe00000      
  0x0000022705205904:   0xf4f4f4f4                              
  0x0000022705205908:   0xf4f4f4f4      0xf4f4f4f4f4f4f4f4      
  0x000002270520590c:   0xf4f4f4f4                              
  0x0000022705205910:   0xf4f4f4f4      0xf4f4f4f4f4f4f4f4      
  0x0000022705205914:   0xf4f4f4f4                              
  0x0000022705205918:   0xf4f4f4f4      0xf4f4f4f4f4f4f4f4      
  0x000002270520591c:   0xf4f4f4f4                              

[MachCode]
[Entry Point]
  # {method} {0x000002276e79e020} '<init>' '(I)V' in 'org/eclipse/jdt/internal/compiler/util/HashtableOfObject'
  # this:     rdx:rdx   = 'org/eclipse/jdt/internal/compiler/util/HashtableOfObject'
  # parm0:    r8        = int
  #           [sp+0x50]  (sp of caller)
  0x0000022705205920: ;   {no_reloc}
  0x0000022705205920: 448b 5208 | 49bb 0000 | 002b 2702 | 0000 4d03 | d34c 3bd0 

  0x0000022705205934: ;   {runtime_call ic_miss_stub}
  0x0000022705205934: 0f85 4690 | 8c06 660f | 1f44 0000 
[Verified Entry Point]
  0x0000022705205940: 8984 2400 | 80ff ff55 | 4883 ec40 | 4181 7f20 | 0f00 0000 

  0x0000022705205954: ;   {runtime_call StubRoutines (final stubs)}
  0x0000022705205954: 7405 e885 

  0x0000022705205958: ;   {metadata(method data for {method} {0x000002276e79e020} '<init>' '(I)V' in 'org/eclipse/jdt/internal/compiler/util/HashtableOfObject')}
  0x0000022705205958: 298b 0648 | be78 9985 | 6e27 0200 | 008b becc | 0000 0083 | c702 89be | cc00 0000 | 81e7 fe07 
  0x0000022705205978: 0000 85ff | 0f84 d403 | 0000 488b 

  0x0000022705205984: ;   {metadata(method data for {method} {0x000002276e79e020} '<init>' '(I)V' in 'org/eclipse/jdt/internal/compiler/util/HashtableOfObject')}
  0x0000022705205984: f248 bf78 | 9985 6e27 | 0200 0048 | 8387 1001 

  0x0000022705205994: ;   {metadata(method data for {method} {0x000002272b474aa8} '<init>' '()V' in 'java/lang/Object')}
  0x0000022705205994: 0000 0148 | be90 6700 | 6c27 0200 | 008b becc | 0000 0083 | c702 89be | cc00 0000 | 81e7 feff 
  0x00000227052059b4: 1f00 85ff | 0f84 b903 | 0000 4585 

  0x00000227052059c0: ;   {metadata(method data for {method} {0x000002276e79e020} '<init>' '(I)V' in 'org/eclipse/jdt/internal/compiler/util/HashtableOfObject')}
  0x00000227052059c0: c048 be78 | 9985 6e27 | 0200 0048 | c7c7 3001 | 0000 7c07 | 48c7 c720 | 0100 0048 | 8b1c 3e48 
  0x00000227052059e0: 8d5b 0148 | 891c 3e0f | 8c82 0200 | 0044 8942 | 10c4 c17a 

  0x00000227052059f4: ;   {section_word}
  0x00000227052059f4: 2ac0 c5fa | 5905 02ff | ffff c5fa | 2cf0 81fe | 0000 0080 | 750f 4883 | ec08 c5fa 

  0x0000022705205a10: ;   {runtime_call StubRoutines (initial stubs)}
  0x0000022705205a10: 1104 24e8 | a6b8 8706 | 5e44 3bc6 

  0x0000022705205a1c: ;   {metadata(method data for {method} {0x000002276e79e020} '<init>' '(I)V' in 'org/eclipse/jdt/internal/compiler/util/HashtableOfObject')}
  0x0000022705205a1c: 48bf 7899 | 856e 2702 | 0000 48c7 | c370 0100 | 0075 0748 | c7c3 8001 | 0000 488b | 041f 488d 
  0x0000022705205a3c: 4001 4889 | 041f 0f85 | 0200 0000 | ffc6 83fe 

  0x0000022705205a4c: ;   {metadata(method data for {method} {0x000002276e79e020} '<init>' '(I)V' in 'org/eclipse/jdt/internal/compiler/util/HashtableOfObject')}
  0x0000022705205a4c: 0148 bf78 | 9985 6e27 | 0200 0048 | c7c3 9001 | 0000 7c07 | 48c7 c3a0 | 0100 0048 | 8b04 1f48 
  0x0000022705205a6c: 8d40 0148 | 8904 1f0f | 8c3d 0000 | 0081 fefd 

  0x0000022705205a7c: ;   {metadata(method data for {method} {0x000002276e79e020} '<init>' '(I)V' in 'org/eclipse/jdt/internal/compiler/util/HashtableOfObject')}
  0x0000022705205a7c: ffff 7f48 | bf78 9985 | 6e27 0200 | 0048 c7c3 | c001 0000 | 7f07 48c7 | c3b0 0100 | 0048 8b04 
  0x0000022705205a9c: 1f48 8d40 | 0148 8904 | 1f0f 8f0b | 0000 004c | 8bc6 4c8b | cae9 3600 | 0000 4889 

  0x0000022705205ab8: ;   {metadata(method data for {method} {0x000002276e79e020} '<init>' '(I)V' in 'org/eclipse/jdt/internal/compiler/util/HashtableOfObject')}
  0x0000022705205ab8: 5424 2848 | be78 9985 | 6e27 0200 | 0048 8386 | d001 0000 | 0149 8bd0 | 0f1f 8000 

  0x0000022705205ad4: ;   {static_call}
  0x0000022705205ad4: 0000 00e8 

  0x0000022705205ad8: ; ImmutableOopMap {[40]=Oop }
                      ;*invokestatic calculateNewSize {reexecute=0 rethrow=0 return_oop=0}
                      ; - org.eclipse.jdt.internal.compiler.util.HashtableOfObject::<init>@57 (line 54)
  0x0000022705205ad8: 4465 5a01 

  0x0000022705205adc: ;   {other}
  0x0000022705205adc: 0f1f 8400 | cc03 0000 | 4c8b c04c | 8b4c 2428 

  0x0000022705205aec: ;   {metadata({type array char}[])}
  0x0000022705205aec: 498b d848 | bac0 b00d | 2c27 0200 | 0048 63db | 488b fb48 | 81fb ffff | ff00 0f87 | 8c02 0000 
  0x0000022705205b0c: 48c7 c617 | 0000 0048 | 8d34 9e48 | 83e6 f849 | 8b87 b801 | 0000 488d | 3430 493b | b7c8 0100 
  0x0000022705205b2c: 000f 8765 | 0200 0049 | 89b7 b801 | 0000 482b | f048 c700 | 0100 0000 | 488b ca49 | ba00 0000 
  0x0000022705205b4c: 2b27 0200 | 0049 2bca | 8948 0889 | 580c 4883 | ee10 4885 | f60f 8411 | 0000 0048 | 33db 48c1 
  0x0000022705205b6c: ee03 4889 | 5cf0 0848 | ffce 75f6 | 410f be5f | 4085 db0f | 851d 0200 | 004c 8bd0 | 49c1 ea03 
  0x0000022705205b8c: 4589 5114 | 498b d148 | 33d0 48c1 | ea17 4883 | fa00 0f85 | 1e02 0000 

  0x0000022705205ba4: ;   {metadata('java/lang/Object'[])}
  0x0000022705205ba4: 498b d848 | ba70 1200 | 2b27 0200 | 0048 63db | 488b fb48 | 81fb ffff | ff00 0f87 | 1602 0000 
  0x0000022705205bc4: 48c7 c617 | 0000 0048 | 8d34 9e48 | 83e6 f849 | 8b87 b801 | 0000 488d | 3430 493b | b7c8 0100 
  0x0000022705205be4: 000f 87ef | 0100 0049 | 89b7 b801 | 0000 482b | f048 c700 | 0100 0000 | 488b ca49 | ba00 0000 
  0x0000022705205c04: 2b27 0200 | 0049 2bca | 8948 0889 | 580c 4883 | ee10 4885 | f60f 8411 | 0000 0048 | 33db 48c1 
  0x0000022705205c24: ee03 4889 | 5cf0 0848 | ffce 75f6 | 410f be57 | 4085 d20f | 85a7 0100 | 004c 8bd0 | 49c1 ea03 
  0x0000022705205c44: 4589 5118 | 498b d148 | 33d0 48c1 | ea17 4883 | fa00 0f85 | a801 0000 | 4883 c440 

  0x0000022705205c60: ;   {poll_return}
  0x0000022705205c60: 5d49 3ba7 | 5004 0000 | 0f87 ae01 | 0000 c390 

  0x0000022705205c70: ;   {no_reloc}
  0x0000022705205c70: e9cc 0100 | 0000 0000 | 0000 80ba | 3101 0000 | 040f 85c9 | 0100 0049 | 8b87 b801 | 0000 488d 
  0x0000022705205c90: 7828 493b | bfc8 0100 | 000f 87b1 | 0100 0049 | 89bf b801 | 0000 48c7 | 0001 0000 | 0048 8bca 
  0x0000022705205cb0: 49ba 0000 | 002b 2702 | 0000 492b | ca89 4808 | 4833 c989 | 480c 4833 | c948 8948 | 1048 8948 
  0x0000022705205cd0: 1848 8948 | 2066 6690 

  0x0000022705205cd8: ;   {no_reloc}
  0x0000022705205cd8: e98f 0100 | 0090 9090 | 9090 498b | d04c 8bc6 | 4889 4424 

  0x0000022705205cec: ;   {static_call}
  0x0000022705205cec: 3066 90e8 

  0x0000022705205cf0: ; ImmutableOopMap {[48]=Oop }
                      ;*invokedynamic {reexecute=0 rethrow=0 return_oop=0}
                      ; - org.eclipse.jdt.internal.compiler.util.HashtableOfObject::<init>@13 (line 45)
  0x0000022705205cf0: 8c9b 8c06 

  0x0000022705205cf4: ;   {other}
  0x0000022705205cf4: 0f1f 8400 | e405 0001 

  0x0000022705205cfc: ;   {metadata(method data for {method} {0x000002276e79e020} '<init>' '(I)V' in 'org/eclipse/jdt/internal/compiler/util/HashtableOfObject')}
  0x0000022705205cfc: 49b8 7899 | 856e 2702 | 0000 4d8d | 8050 0100 | 0048 85c0 | 750b 41f6 | 0001 7505 | f049 8308 
  0x0000022705205d1c: 014c 8b44 

  0x0000022705205d20: ;   {metadata(method data for {method} {0x000002276e79e020} '<init>' '(I)V' in 'org/eclipse/jdt/internal/compiler/util/HashtableOfObject')}
  0x0000022705205d20: 2430 48ba | 7899 856e | 2702 0000 | 4883 8260 | 0100 0001 | 4c8b c048 | 8b54 2430 

  0x0000022705205d3c: ;   {optimized virtual_call}
  0x0000022705205d3c: 6666 90e8 

  0x0000022705205d40: ; ImmutableOopMap {[48]=Oop }
                      ;*invokespecial <init> {reexecute=0 rethrow=0 return_oop=0}
                      ; - org.eclipse.jdt.internal.compiler.util.HashtableOfObject::<init>@18 (line 45)
  0x0000022705205d40: 3c91 8c06 

  0x0000022705205d44: ;   {other}
  0x0000022705205d44: 0f1f 8400 | 3406 0002 | 488b 4424 | 30e9 3d01 

  0x0000022705205d54: ;   {metadata({method} {0x000002276e79e020} '<init>' '(I)V' in 'org/eclipse/jdt/internal/compiler/util/HashtableOfObject')}
  0x0000022705205d54: 0000 49ba | 18e0 796e | 2702 0000 | 4c89 5424 | 0848 c704 | 24ff ffff 

  0x0000022705205d6c: ;   {runtime_call counter_overflow Runtime1 stub}
  0x0000022705205d6c: ffe8 8e71 

  0x0000022705205d70: ; ImmutableOopMap {rdx=Oop }
                      ;*synchronization entry
                      ; - org.eclipse.jdt.internal.compiler.util.HashtableOfObject::<init>@-1 (line 43)
  0x0000022705205d70: 9906 e90b 

  0x0000022705205d74: ;   {metadata({method} {0x000002272b474aa8} '<init>' '()V' in 'java/lang/Object')}
  0x0000022705205d74: fcff ff49 | baa0 4a47 | 2b27 0200 | 004c 8954 | 2408 48c7 | 0424 ffff 

  0x0000022705205d8c: ;   {runtime_call counter_overflow Runtime1 stub}
  0x0000022705205d8c: ffff e86d 

  0x0000022705205d90: ; ImmutableOopMap {rdx=Oop }
                      ;*synchronization entry
                      ; - java.lang.Object::<init>@-1
                      ; - org.eclipse.jdt.internal.compiler.util.HashtableOfObject::<init>@1 (line 43)
  0x0000022705205d90: 7199 06e9 | 26fc ffff 

  0x0000022705205d98: ;   {runtime_call new_object_array Runtime1 stub}
  0x0000022705205d98: e8e3 2599 

  0x0000022705205d9c: ; ImmutableOopMap {r9=Oop }
                      ;*anewarray {reexecute=0 rethrow=0 return_oop=0}
                      ; - org.eclipse.jdt.internal.compiler.util.HashtableOfObject::<init>@63 (line 56)
  0x0000022705205d9c: 06e9 d6fd | ffff 418b | 5914 48c1 | e303 4883 | fb00 0f84 | d1fd ffff | 4889 1c24 

  0x0000022705205db8: ;   {runtime_call g1_pre_barrier_slow}
  0x0000022705205db8: e843 7899 | 06e9 c3fd | ffff 4883 | f800 0f84 | d8fd ffff | 4c89 0c24 

  0x0000022705205dd0: ;   {runtime_call g1_post_barrier_slow}
  0x0000022705205dd0: e82b 8099 | 06e9 cafd 

  0x0000022705205dd8: ;   {runtime_call new_object_array Runtime1 stub}
  0x0000022705205dd8: ffff e8a1 

  0x0000022705205ddc: ; ImmutableOopMap {r9=Oop }
                      ;*anewarray {reexecute=0 rethrow=0 return_oop=0}
                      ; - org.eclipse.jdt.internal.compiler.util.HashtableOfObject::<init>@71 (line 57)
  0x0000022705205ddc: 2599 06e9 | 4cfe ffff | 418b 5118 | 48c1 e203 | 4883 fa00 | 0f84 47fe | ffff 4889 

  0x0000022705205df8: ;   {runtime_call g1_pre_barrier_slow}
  0x0000022705205df8: 1424 e801 | 7899 06e9 | 39fe ffff | 4883 f800 | 0f84 4efe | ffff 4c89 

  0x0000022705205e10: ;   {runtime_call g1_post_barrier_slow}
  0x0000022705205e10: 0c24 e8e9 | 7f99 06e9 | 40fe ffff 

  0x0000022705205e1c: ;   {internal_word}
  0x0000022705205e1c: 49ba 615c | 2005 2702 | 0000 4d89 | 9768 0400 

  0x0000022705205e2c: ;   {runtime_call SafepointBlob}
  0x0000022705205e2c: 00e9 4e0b 

  0x0000022705205e30: ;   {metadata(nullptr)}
  0x0000022705205e30: 8d06 48ba | 0000 0000 | 0000 0000 | b800 0f05 

  0x0000022705205e40: ;   {runtime_call load_klass_patching Runtime1 stub}
  0x0000022705205e40: 0ae8 3a5a 

  0x0000022705205e44: ; ImmutableOopMap {}
                      ;*new {reexecute=1 rethrow=0 return_oop=0}
                      ; - (reexecute) org.eclipse.jdt.internal.compiler.util.HashtableOfObject::<init>@8 (line 45)
  0x0000022705205e44: 9906 e925 

  0x0000022705205e48: ;   {runtime_call throw_null_pointer_exception Runtime1 stub}
  0x0000022705205e48: feff ffe8 

  0x0000022705205e4c: ; ImmutableOopMap {}
                      ;*new {reexecute=0 rethrow=0 return_oop=0}
                      ; - org.eclipse.jdt.internal.compiler.util.HashtableOfObject::<init>@8 (line 45)
  0x0000022705205e4c: 500e 9906 

  0x0000022705205e50: ;   {runtime_call fast_new_instance_init_check Runtime1 stub}
  0x0000022705205e50: 488b d2e8 

  0x0000022705205e54: ; ImmutableOopMap {}
                      ;*new {reexecute=0 rethrow=0 return_oop=0}
                      ; - org.eclipse.jdt.internal.compiler.util.HashtableOfObject::<init>@8 (line 45)
  0x0000022705205e54: 281d 9906 | e978 feff | ff48 be00 | 0000 0000 | 0000 00b8 | 000f 050a 

  0x0000022705205e6c: ;   {runtime_call load_appendix_patching Runtime1 stub}
  0x0000022705205e6c: e80f 6799 

  0x0000022705205e70: ; ImmutableOopMap {rax=Oop }
                      ;*invokedynamic {reexecute=1 rethrow=0 return_oop=0}
                      ; - (reexecute) org.eclipse.jdt.internal.compiler.util.HashtableOfObject::<init>@13 (line 45)
  0x0000022705205e70: 06e9 62fe | ffff 498b | 8700 0500 | 0049 c787 | 0005 0000 | 0000 0000 | 49c7 8708 | 0500 0000 
  0x0000022705205e90: 0000 0048 | 83c4 405d 

  0x0000022705205e98: ;   {runtime_call unwind_exception Runtime1 stub}
  0x0000022705205e98: e9e3 fe98 | 06f4 f4f4 
[Stub Code]
  0x0000022705205ea0: ;   {no_reloc}
  0x0000022705205ea0: 0f1f 4400 

  0x0000022705205ea4: ;   {static_stub}
  0x0000022705205ea4: 0048 bb00 | 0000 0000 

  0x0000022705205eac: ;   {runtime_call nmethod}
  0x0000022705205eac: 0000 00e9 | fbff ffff 

  0x0000022705205eb4: ;   {static_stub}
  0x0000022705205eb4: 9048 bb00 | 0000 0000 

  0x0000022705205ebc: ;   {runtime_call nmethod}
  0x0000022705205ebc: 0000 00e9 | fbff ffff 

  0x0000022705205ec4: ;   {static_stub}
  0x0000022705205ec4: 48bb 0000 | 0000 0000 

  0x0000022705205ecc: ;   {runtime_call nmethod}
  0x0000022705205ecc: 0000 e9fb 

  0x0000022705205ed0: ;   {runtime_call handle_exception_from_callee Runtime1 stub}
  0x0000022705205ed0: ffff ffe8 | a833 9906 

  0x0000022705205ed8: ;   {external_word}
  0x0000022705205ed8: 48b9 5063 | fecf fe7f | 0000 4883 

  0x0000022705205ee4: ;   {runtime_call}
  0x0000022705205ee4: e4f0 48b8 | c0c9 c0cf | fe7f 0000 

  0x0000022705205ef0: ;   {section_word}
  0x0000022705205ef0: ffd0 f449 | baf3 5e20 | 0527 0200 

  0x0000022705205efc: ;   {runtime_call DeoptimizationBlob}
  0x0000022705205efc: 0041 52e9 | 1c1f 8d06 | f4f4 f4f4 
[/MachCode]


Compiled method (c1) 1431720 15597  s!   3       org.eclipse.jdt.internal.core.index.DiskIndex::readCategoryTable (743 bytes)
 total in heap  [0x0000022706583a10,0x0000022706589e08] = 25592
 relocation     [0x0000022706583b70,0x0000022706584060] = 1264
 main code      [0x0000022706584060,0x0000022706587db8] = 15704
 stub code      [0x0000022706587db8,0x0000022706587fc8] = 528
 oops           [0x0000022706587fc8,0x0000022706587fd8] = 16
 metadata       [0x0000022706587fd8,0x0000022706588058] = 128
 scopes data    [0x0000022706588058,0x0000022706588e20] = 3528
 scopes pcs     [0x0000022706588e20,0x0000022706589590] = 1904
 dependencies   [0x0000022706589590,0x00000227065895b8] = 40
 handler table  [0x00000227065895b8,0x0000022706589cf0] = 1848
 nul chk table  [0x0000022706589cf0,0x0000022706589e08] = 280

[Constant Pool (empty)]

[MachCode]
[Entry Point]
  # {method} {0x000002276e7966e8} 'readCategoryTable' '([CZ)Lorg/eclipse/jdt/internal/compiler/util/HashtableOfObject;' in 'org/eclipse/jdt/internal/core/index/DiskIndex'
  # this:     rdx:rdx   = 'org/eclipse/jdt/internal/core/index/DiskIndex'
  # parm0:    r8:r8     = '[C'
  # parm1:    r9        = boolean
  #           [sp+0x1f0]  (sp of caller)
  0x0000022706584060: 448b 5208 | 49bb 0000 | 002b 2702 | 0000 4d03 | d34c 3bd0 

  0x0000022706584074: ;   {runtime_call ic_miss_stub}
  0x0000022706584074: 0f85 06a9 | 5405 660f | 1f44 0000 
[Verified Entry Point]
  0x0000022706584080: 8984 2400 | 80ff ff55 | 4881 ece0 | 0100 0090 | 4181 7f20 | 0f00 0000 

  0x0000022706584098: ;   {runtime_call StubRoutines (final stubs)}
  0x0000022706584098: 7405 e841 | 4253 0548 | 8994 2488 | 0000 0044 | 898c 2498 | 0000 0048 | 8db4 24c0 | 0100 0048 
  0x00000227065840b8: 8956 0848 | 8b02 4883 | c801 4889 | 06f0 480f | b132 0f84 | 1200 0000 | 482b c448 | 2507 f0ff 
  0x00000227065840d8: ff48 8906 | 0f85 682b | 0000 49ff | 8750 0500 

  0x00000227065840e8: ;   {metadata(method data for {method} {0x000002276e7966e8} 'readCategoryTable' '([CZ)Lorg/eclipse/jdt/internal/compiler/util/HashtableOfObject;' in 'org/eclipse/jdt/internal/core/index/DiskIndex')}
  0x00000227065840e8: 0048 be00 | 00e7 6f27 | 0200 008b | becc 0000 | 0083 c702 | 89be cc00 | 0000 81e7 | fe07 0000 
  0x0000022706584108: 85ff 0f84 | 4d2b 0000 | 8b72 3c48 | c1e6 0348 | 3b06 488b 

  0x000002270658411c: ;   {metadata(method data for {method} {0x000002276e7966e8} 'readCategoryTable' '([CZ)Lorg/eclipse/jdt/internal/compiler/util/HashtableOfObject;' in 'org/eclipse/jdt/internal/core/index/DiskIndex')}
  0x000002270658411c: fe48 bb00 | 00e7 6f27 | 0200 0048 | 8383 1001 | 0000 0149 | 8bf8 4c8b | c748 8bd6 | 4889 bc24 
  0x000002270658413c: 9000 0000 | 0f1f 8000 

  0x0000022706584144: ;   {optimized virtual_call}
  0x0000022706584144: 0000 00e8 

  0x0000022706584148: ; ImmutableOopMap {[136]=Oop [144]=Oop [456]=Oop }
                      ;*invokevirtual get {reexecute=0 rethrow=0 return_oop=0}
                      ; - org.eclipse.jdt.internal.core.index.DiskIndex::readCategoryTable@5 (line 660)
  0x0000022706584148: bf3d 0000 

  0x000002270658414c: ;   {other}
  0x000002270658414c: 0f1f 8400 | 3c07 0000 | 8984 249c | 0000 003d | 0000 0080 

  0x0000022706584160: ;   {metadata(method data for {method} {0x000002276e7966e8} 'readCategoryTable' '([CZ)Lorg/eclipse/jdt/internal/compiler/util/HashtableOfObject;' in 'org/eclipse/jdt/internal/core/index/DiskIndex')}
  0x0000022706584160: 48ba 0000 | e76f 2702 | 0000 48c7 | c658 0100 | 0074 0748 | c7c6 4801 | 0000 488b | 3c32 488d 
  0x0000022706584180: 7f01 4889 | 3c32 0f84 | 2b18 0000 | 488b 9424 | 8800 0000 | 8b72 4848 | c1e6 0348 

  0x000002270658419c: ;   {metadata(method data for {method} {0x000002276e7966e8} 'readCategoryTable' '([CZ)Lorg/eclipse/jdt/internal/compiler/util/HashtableOfObject;' in 'org/eclipse/jdt/internal/core/index/DiskIndex')}
  0x000002270658419c: 85f6 48bf | 0000 e76f | 2702 0000 | 48c7 c168 | 0100 0075 | 0748 c7c1 | 7801 0000 | 4c8b 040f 
  0x00000227065841bc: 4d8d 4001 | 4c89 040f | 0f85 dd00 

  0x00000227065841c8: ;   {metadata('org/eclipse/jdt/internal/compiler/util/HashtableOfObject')}
  0x00000227065841c8: 0000 48ba | b86a 532c | 2702 0000 | 498b 87b8 | 0100 0048 | 8d78 2049 | 3bbf c801 | 0000 0f87 
  0x00000227065841e8: 972a 0000 | 4989 bfb8 | 0100 0048 | c700 0100 | 0000 488b | ca49 ba00 | 0000 2b27 | 0200 0049 
  0x0000022706584208: 2bca 8948 | 0848 33c9 | 8948 0c48 | 33c9 4889 | 4810 4889 | 4818 4c8b 

  0x0000022706584220: ;   {metadata(method data for {method} {0x000002276e7966e8} 'readCategoryTable' '([CZ)Lorg/eclipse/jdt/internal/compiler/util/HashtableOfObject;' in 'org/eclipse/jdt/internal/core/index/DiskIndex')}
  0x0000022706584220: c048 ba00 | 00e7 6f27 | 0200 0048 | 8382 8801 | 0000 0141 | b803 0000 | 0048 8bd0 | 4889 8424 
  0x0000022706584240: a000 0000 

  0x0000022706584244: ;   {optimized virtual_call}
  0x0000022706584244: 6666 90e8 

  0x0000022706584248: ; ImmutableOopMap {[136]=Oop [144]=Oop [160]=Oop [456]=Oop }
                      ;*invokespecial <init> {reexecute=0 rethrow=0 return_oop=0}
                      ; - org.eclipse.jdt.internal.core.index.DiskIndex::readCategoryTable@31 (line 666)
  0x0000022706584248: f416 c8fe 

  0x000002270658424c: ;   {other}
  0x000002270658424c: 0f1f 8400 | 3c08 0001 | 450f be47 | 4045 85c0 | 488b 9424 | 8800 0000 | 0f85 262a | 0000 488b 
  0x000002270658426c: 8424 a000 | 0000 4c8b | d049 c1ea | 0344 8952 | 484c 8bc2 | 4c33 c049 | c1e8 1749 | 83f8 000f 
  0x000002270658428c: 851f 2a00 

  0x0000022706584290: ;   {metadata(method data for {method} {0x000002276e7966e8} 'readCategoryTable' '([CZ)Lorg/eclipse/jdt/internal/compiler/util/HashtableOfObject;' in 'org/eclipse/jdt/internal/core/index/DiskIndex')}
  0x0000022706584290: 0049 b800 | 00e7 6f27 | 0200 0041 | ff80 9801 | 0000 e95e | 0100 0048 | 3b06 4c8b 

  0x00000227065842ac: ;   {metadata(method data for {method} {0x000002276e7966e8} 'readCategoryTable' '([CZ)Lorg/eclipse/jdt/internal/compiler/util/HashtableOfObject;' in 'org/eclipse/jdt/internal/core/index/DiskIndex')}
  0x00000227065842ac: c648 bf00 | 00e7 6f27 | 0200 0048 | 8387 b001 | 0000 014c | 8b84 2490 | 0000 0048 | 8bd6 0f1f 
  0x00000227065842cc: ;   {optimized virtual_call}
  0x00000227065842cc: 4400 00e8 

  0x00000227065842d0: ; ImmutableOopMap {[136]=Oop [144]=Oop [456]=Oop }
                      ;*invokevirtual get {reexecute=0 rethrow=0 return_oop=0}
                      ; - org.eclipse.jdt.internal.core.index.DiskIndex::readCategoryTable@45 (line 668)
  0x00000227065842d0: ac35 1606 

  0x00000227065842d4: ;   {other}
  0x00000227065842d4: 0f1f 8400 | c408 0002 | 4885 c075 

  0x00000227065842e0: ;   {metadata(method data for {method} {0x000002276e7966e8} 'readCategoryTable' '([CZ)Lorg/eclipse/jdt/internal/compiler/util/HashtableOfObject;' in 'org/eclipse/jdt/internal/core/index/DiskIndex')}
  0x00000227065842e0: 1648 ba00 | 00e7 6f27 | 0200 0080 | 8ae1 0100 | 0001 e9cc 

  0x00000227065842f4: ;   {metadata('org/eclipse/jdt/internal/compiler/util/HashtableOfObject')}
  0x00000227065842f4: 0000 0048 | bfb8 6a53 | 2c27 0200 | 008b 5808 | 49ba 0000 | 002b 2702 | 0000 4903 | da48 3bfb 
  0x0000022706584314: 0f85 8d00 

  0x0000022706584318: ;   {metadata(method data for {method} {0x000002276e7966e8} 'readCategoryTable' '([CZ)Lorg/eclipse/jdt/internal/compiler/util/HashtableOfObject;' in 'org/eclipse/jdt/internal/core/index/DiskIndex')}
  0x0000022706584318: 0000 48ba | 0000 e76f | 2702 0000 | 8b78 0849 | ba00 0000 | 2b27 0200 | 0049 03fa | 483b baf8 
  0x0000022706584338: 0100 0075 | 0d48 8382 | 0002 0000 | 01e9 7900 | 0000 483b | ba08 0200 | 0075 0d48 | 8382 1002 
  0x0000022706584358: 0000 01e9 | 6300 0000 | 4883 baf8 | 0100 0000 | 7517 4889 | baf8 0100 | 0048 c782 | 0002 0000 
  0x0000022706584378: 0100 0000 | e942 0000 | 0048 83ba | 0802 0000 | 0075 1748 | 89ba 0802 | 0000 48c7 | 8210 0200 
  0x0000022706584398: 0001 0000 | 00e9 2100 | 0000 e91c 

  0x00000227065843a4: ;   {metadata(method data for {method} {0x000002276e7966e8} 'readCategoryTable' '([CZ)Lorg/eclipse/jdt/internal/compiler/util/HashtableOfObject;' in 'org/eclipse/jdt/internal/core/index/DiskIndex')}
  0x00000227065843a4: 0000 0048 | ba00 00e7 | 6f27 0200 | 0048 83aa | e801 0000 | 01e9 0f29 | 0000 e900 | 0000 0048 
  0x00000227065843c4: 8bf0 4889 | b424 0001 | 0000 4885 

  0x00000227065843d0: ;   {metadata(method data for {method} {0x000002276e7966e8} 'readCategoryTable' '([CZ)Lorg/eclipse/jdt/internal/compiler/util/HashtableOfObject;' in 'org/eclipse/jdt/internal/core/index/DiskIndex')}
  0x00000227065843d0: f648 bb00 | 00e7 6f27 | 0200 0048 | c7c2 3002 | 0000 7507 | 48c7 c220 | 0200 0048 | 8b3c 1348 
  0x00000227065843f0: 8d7f 0148 | 893c 130f | 85db 0f00 | 0048 8b94 | 2488 0000 

  0x0000022706584404: ;   {oop(a 'java/lang/Class'{0x0000000401079b90} = 'org/eclipse/jdt/internal/core/index/DiskIndex')}
  0x0000022706584404: 0048 bb90 | 9b07 0104 | 0000 008b | 9b88 0000 | 004c 8bc2 

  0x0000022706584418: ;   {metadata({type array byte})}
  0x0000022706584418: 48ba 1823 | 002b 2702 | 0000 4863 | db48 8bfb | 4881 fbff | ffff 000f | 87a1 2800 | 0048 c7c6 
  0x0000022706584438: 1700 0000 | 488d 341e | 4883 e6f8 | 498b 87b8 | 0100 0048 | 8d34 3049 | 3bb7 c801 | 0000 0f87 
  0x0000022706584458: 7a28 0000 | 4989 b7b8 | 0100 0048 | 2bf0 48c7 | 0001 0000 | 0048 8bca | 49ba 0000 | 002b 2702 
  0x0000022706584478: 0000 492b | ca89 4808 | 8958 0c48 | 83ee 1048 | 85f6 0f84 | 1100 0000 | 4833 db48 | c1ee 0348 
  0x0000022706584498: 895c f008 | 48ff ce75 | f641 0fbe | 5740 85d2 | 0f85 3228 | 0000 4c8b | d049 c1ea | 0345 8950 
  0x00000227065844b8: 5049 8bd0 | 4833 d048 | c1ea 1748 | 83fa 000f | 8533 2800 | 0041 8b50 | 3448 c1e2 | 0348 3b02 
  0x00000227065844d8: ;   {metadata(method data for {method} {0x000002276e7966e8} 'readCategoryTable' '([CZ)Lorg/eclipse/jdt/internal/compiler/util/HashtableOfObject;' in 'org/eclipse/jdt/internal/core/index/DiskIndex')}
  0x00000227065844d8: 488b f248 | bf00 00e7 | 6f27 0200 | 008b 7608 | 49ba 0000 | 002b 2702 | 0000 4903 | f248 3bb7 
  0x00000227065844f8: 7003 0000 | 750d 4883 | 8778 0300 | 0001 e960 | 0000 0048 | 3bb7 8003 | 0000 750d | 4883 8788 
  0x0000022706584518: 0300 0001 | e94a 0000 | 0048 83bf | 7003 0000 | 0075 1748 | 89b7 7003 | 0000 48c7 | 8778 0300 
  0x0000022706584538: 0001 0000 | 00e9 2900 | 0000 4883 | bf80 0300 | 0000 7517 | 4889 b780 | 0300 0048 | c787 8803 
  0x0000022706584558: 0000 0100 | 0000 e908 | 0000 0048 | 8387 6003 | 0000 0166 | 9048 b8d8 | bc2c 2c27 

  0x0000022706584574: ;   {virtual_call}
  0x0000022706584574: 0200 00e8 

  0x0000022706584578: ; ImmutableOopMap {[136]=Oop [144]=Oop [456]=Oop }
                      ;*invokevirtual getInputStream {reexecute=0 rethrow=0 return_oop=0}
                      ; - org.eclipse.jdt.internal.core.index.DiskIndex::readCategoryTable@149 (line 686)
  0x0000022706584578: 4471 0000 

  0x000002270658457c: ;   {other}
  0x000002270658457c: 0f1f 8400 | 6c0b 0003 | 4889 8424 | a800 0000 | 8bb4 249c | 0000 0048 | 3b00 4c8b 

  0x0000022706584598: ;   {metadata(method data for {method} {0x000002276e7966e8} 'readCategoryTable' '([CZ)Lorg/eclipse/jdt/internal/compiler/util/HashtableOfObject;' in 'org/eclipse/jdt/internal/core/index/DiskIndex')}
  0x0000022706584598: c048 bf00 | 00e7 6f27 | 0200 0045 | 8b40 0849 | ba00 0000 | 2b27 0200 | 004d 03c2 | 4c3b 87a8 
  0x00000227065845b8: 0300 0075 | 0d48 8387 | b003 0000 | 01e9 6000 | 0000 4c3b | 87b8 0300 | 0075 0d48 | 8387 c003 
  0x00000227065845d8: 0000 01e9 | 4a00 0000 | 4883 bfa8 | 0300 0000 | 7517 4c89 | 87a8 0300 | 0048 c787 | b003 0000 
  0x00000227065845f8: 0100 0000 | e929 0000 | 0048 83bf | b803 0000 | 0075 174c | 8987 b803 | 0000 48c7 | 87c0 0300 
  0x0000022706584618: 0001 0000 | 00e9 0800 | 0000 4883 | 8798 0300 | 0001 4c63 | c648 8bd0 | 0f1f 4400 | 0048 b840 
  0x0000022706584638: 1a01 2b27 

  0x000002270658463c: ;   {virtual_call}
  0x000002270658463c: 0200 00e8 

  0x0000022706584640: ; ImmutableOopMap {[136]=Oop [144]=Oop [168]=Oop [456]=Oop }
                      ;*invokevirtual skip {reexecute=0 rethrow=0 return_oop=0}
                      ; - org.eclipse.jdt.internal.core.index.DiskIndex::readCategoryTable@158 (line 687)
  0x0000022706584640: 9c74 0000 

  0x0000022706584644: ;   {other}
  0x0000022706584644: 0f1f 8400 | 340c 0004 | 488b 9424 | 8800 0000 | c742 2400 | 0000 0044 | 8b42 5049 | c1e0 0341 
  0x0000022706584664: 8b78 0c48 | 8b84 24a8 

  0x000002270658466c: ;   {metadata(method data for {method} {0x000002276e7966e8} 'readCategoryTable' '([CZ)Lorg/eclipse/jdt/internal/compiler/util/HashtableOfObject;' in 'org/eclipse/jdt/internal/core/index/DiskIndex')}
  0x000002270658466c: 0000 0049 | b900 00e7 | 6f27 0200 | 008b 4008 | 49ba 0000 | 002b 2702 | 0000 4903 | c249 3b81 
  0x000002270658468c: e003 0000 | 750d 4983 | 81e8 0300 | 0001 e960 | 0000 0049 | 3b81 f003 | 0000 750d | 4983 81f8 
  0x00000227065846ac: 0300 0001 | e94a 0000 | 0049 83b9 | e003 0000 | 0075 1749 | 8981 e003 | 0000 49c7 | 81e8 0300 
  0x00000227065846cc: 0001 0000 | 00e9 2900 | 0000 4983 | b9f0 0300 | 0000 7517 | 4989 81f0 | 0300 0049 | c781 f803 
  0x00000227065846ec: 0000 0100 | 0000 e908 | 0000 0049 | 8381 d003 | 0000 0141 | b900 0000 | 0048 8b94 | 24a8 0000 
  0x000002270658470c: 0048 b840 | 1a01 2b27 

  0x0000022706584714: ;   {virtual_call}
  0x0000022706584714: 0200 00e8 

  0x0000022706584718: ; ImmutableOopMap {[136]=Oop [144]=Oop [168]=Oop [456]=Oop }
                      ;*invokevirtual read {reexecute=0 rethrow=0 return_oop=0}
                      ; - org.eclipse.jdt.internal.core.index.DiskIndex::readCategoryTable@180 (line 689)
  0x0000022706584718: c491 b4fe 

  0x000002270658471c: ;   {other}
  0x000002270658471c: 0f1f 8400 | 0c0d 0005 | 488b 9424 | 8800 0000 | 8942 284c 

  0x0000022706584730: ;   {metadata(method data for {method} {0x000002276e7966e8} 'readCategoryTable' '([CZ)Lorg/eclipse/jdt/internal/compiler/util/HashtableOfObject;' in 'org/eclipse/jdt/internal/core/index/DiskIndex')}
  0x0000022706584730: 8bc2 48be | 0000 e76f | 2702 0000 | 4883 8608 | 0400 0001 | 4c8b 8424 | a800 0000 | 488b f248 
  0x0000022706584750: 8bd6 0f1f 

  0x0000022706584754: ;   {optimized virtual_call}
  0x0000022706584754: 4400 00e8 

  0x0000022706584758: ; ImmutableOopMap {[136]=Oop [144]=Oop [168]=Oop [456]=Oop }
                      ;*invokevirtual readStreamInt {reexecute=0 rethrow=0 return_oop=0}
                      ; - org.eclipse.jdt.internal.core.index.DiskIndex::readCategoryTable@189 (line 690)
  0x0000022706584758: 6400 4006 

  0x000002270658475c: ;   {other}
  0x000002270658475c: 0f1f 8400 | 4c0d 0006 | 8984 24b0 

  0x0000022706584768: ;   {metadata('org/eclipse/jdt/internal/compiler/util/HashtableOfObject')}
  0x0000022706584768: 0000 0048 | bab8 6a53 | 2c27 0200 | 0048 8bd8 | 498b 87b8 | 0100 0048 | 8d78 2049 | 3bbf c801 
  0x0000022706584788: 0000 0f87 | 9725 0000 | 4989 bfb8 | 0100 0048 | c700 0100 | 0000 488b | ca49 ba00 | 0000 2b27 
  0x00000227065847a8: 0200 0049 | 2bca 8948 | 0848 33c9 | 8948 0c48 | 33c9 4889 | 4810 4889 | 4818 4889 | 8424 b800 
  0x00000227065847c8: 0000 4c8b 

  0x00000227065847cc: ;   {metadata(method data for {method} {0x000002276e7966e8} 'readCategoryTable' '([CZ)Lorg/eclipse/jdt/internal/compiler/util/HashtableOfObject;' in 'org/eclipse/jdt/internal/core/index/DiskIndex')}
  0x00000227065847cc: c048 ba00 | 00e7 6f27 | 0200 0048 | 8382 4004 | 0000 014c | 8bc3 488b 

  0x00000227065847e4: ;   {optimized virtual_call}
  0x00000227065847e4: d066 90e8 

  0x00000227065847e8: ; ImmutableOopMap {[136]=Oop [144]=Oop [168]=Oop [184]=Oop [456]=Oop }
                      ;*invokespecial <init> {reexecute=0 rethrow=0 return_oop=0}
                      ; - org.eclipse.jdt.internal.core.index.DiskIndex::readCategoryTable@200 (line 692)
  0x00000227065847e8: 5411 c8fe 

  0x00000227065847ec: ;   {other}
  0x00000227065847ec: 0f1f 8400 | dc0d 0007 

  0x00000227065847f4: ;   {metadata(method data for {method} {0x000002276e7966e8} 'readCategoryTable' '([CZ)Lorg/eclipse/jdt/internal/compiler/util/HashtableOfObject;' in 'org/eclipse/jdt/internal/core/index/DiskIndex')}
  0x00000227065847f4: 49b8 0000 | e76f 2702 | 0000 41ff | 8050 0400 

  0x0000022706584804: ;   {metadata(method data for {method} {0x000002276e7966e8} 'readCategoryTable' '([CZ)Lorg/eclipse/jdt/internal/compiler/util/HashtableOfObject;' in 'org/eclipse/jdt/internal/core/index/DiskIndex')}
  0x0000022706584804: 0049 b800 | 00e7 6f27 | 0200 0041 | ff80 f004 | 0000 be00 | 0000 00bf | ffff ffff | bb00 0000 
  0x0000022706584824: ;   {oop(nullptr)}
  0x0000022706584824: 0048 b800 | 0000 0000 | 0000 0089 | bc24 b400 | 0000 899c | 24c0 0000 | 0048 8984 | 24c8 0000 
  0x0000022706584844: 0066 6690 | 8b84 24b0 | 0000 0048 | 8b94 2488 | 0000 003b | f041 b802 | 0000 007c | 0641 b800 
  0x0000022706584864: ;   {metadata(method data for {method} {0x000002276e7966e8} 'readCategoryTable' '([CZ)Lorg/eclipse/jdt/internal/compiler/util/HashtableOfObject;' in 'org/eclipse/jdt/internal/core/index/DiskIndex')}
  0x0000022706584864: 0000 0049 | be00 00e7 | 6f27 0200 | 0041 8bbe | d000 0000 | 4103 f841 | 89be d000 | 0000 4585 
  0x0000022706584884: c075 05bf | 0200 0000 | 81e7 fe3f | 0000 85ff | 0f84 9a24 | 0000 4d8b | 9758 0400 

  0x00000227065848a0: ; ImmutableOopMap {rdx=Oop [136]=Oop [144]=Oop [168]=Oop [184]=Oop [200]=Oop [456]=Oop }
                      ;*if_icmplt {reexecute=1 rethrow=0 return_oop=0}
                      ; - (reexecute) org.eclipse.jdt.internal.core.index.DiskIndex::readCategoryTable@387 (line 701)
                      ;   {poll}
  0x00000227065848a0: 0041 8502 

  0x00000227065848a4: ;   {metadata(method data for {method} {0x000002276e7966e8} 'readCategoryTable' '([CZ)Lorg/eclipse/jdt/internal/compiler/util/HashtableOfObject;' in 'org/eclipse/jdt/internal/core/index/DiskIndex')}
  0x00000227065848a4: 3bf0 49b8 | 0000 e76f | 2702 0000 | 48c7 c7b8 | 0700 007d | 0748 c7c7 | a807 0000 | 4d8b 3438 
  0x00000227065848c4: 4d8d 7601 | 4d89 3438 | 0f8d e707 | 0000 89b4 | 24c4 0000 | 0048 8b84 | 24a8 0000 | 004c 8bc2 
  0x00000227065848e4: ;   {metadata(method data for {method} {0x000002276e7966e8} 'readCategoryTable' '([CZ)Lorg/eclipse/jdt/internal/compiler/util/HashtableOfObject;' in 'org/eclipse/jdt/internal/core/index/DiskIndex')}
  0x00000227065848e4: 49be 0000 | e76f 2702 | 0000 4983 | 8608 0500 | 0001 4c8b | c048 8bf2 

  0x00000227065848fc: ;   {optimized virtual_call}
  0x00000227065848fc: 488b d6e8 

  0x0000022706584900: ; ImmutableOopMap {[136]=Oop [144]=Oop [168]=Oop [184]=Oop [200]=Oop [456]=Oop }
                      ;*invokevirtual readStreamChars {reexecute=0 rethrow=0 return_oop=0}
                      ; - org.eclipse.jdt.internal.core.index.DiskIndex::readCategoryTable@263 (line 702)
  0x0000022706584900: 5c92 4006 

  0x0000022706584904: ;   {other}
  0x0000022706584904: 0f1f 8400 | f40e 0009 | 488b 9424 | 8800 0000 

  0x0000022706584914: ;   {metadata(method data for {method} {0x000002276e7966e8} 'readCategoryTable' '([CZ)Lorg/eclipse/jdt/internal/compiler/util/HashtableOfObject;' in 'org/eclipse/jdt/internal/core/index/DiskIndex')}
  0x0000022706584914: 49b8 0000 | e76f 2702 | 0000 4983 | 8040 0500 | 0001 4c8b | 8424 a800 | 0000 488b | 9424 8800 
  0x0000022706584934: 0000 4889 | 8424 d000 

  0x000002270658493c: ;   {optimized virtual_call}
  0x000002270658493c: 0000 90e8 

  0x0000022706584940: ; ImmutableOopMap {[136]=Oop [144]=Oop [168]=Oop [184]=Oop [200]=Oop [208]=Oop [456]=Oop }
                      ;*invokevirtual readStreamInt {reexecute=0 rethrow=0 return_oop=0}
                      ; - org.eclipse.jdt.internal.core.index.DiskIndex::readCategoryTable@271 (line 703)
  0x0000022706584940: 7cfe 3f06 

  0x0000022706584944: ;   {other}
  0x0000022706584944: 0f1f 8400 | 340f 000a | 4c8b c845 

  0x0000022706584950: ;   {metadata(method data for {method} {0x000002276e7966e8} 'readCategoryTable' '([CZ)Lorg/eclipse/jdt/internal/compiler/util/HashtableOfObject;' in 'org/eclipse/jdt/internal/core/index/DiskIndex')}
  0x0000022706584950: 85c9 48bb | 0000 e76f | 2702 0000 | 48c7 c278 | 0500 007f | 0748 c7c2 | 8805 0000 | 488b 3413 
  0x0000022706584970: 488d 7601 | 4889 3413 | 0f8f 0201 | 0000 bb01 

  0x0000022706584980: ;   {metadata({type array int})}
  0x0000022706584980: 0000 0048 | ba08 2700 | 2b27 0200 | 0048 63db | 488b fb48 | 81fb ffff | ff00 0f87 | b523 0000 
  0x00000227065849a0: 48c7 c617 | 0000 0048 | 8d34 9e48 | 83e6 f849 | 8b87 b801 | 0000 488d | 3430 493b | b7c8 0100 
  0x00000227065849c0: 000f 878e | 2300 0049 | 89b7 b801 | 0000 482b | f048 c700 | 0100 0000 | 488b ca49 | ba00 0000 
  0x00000227065849e0: 2b27 0200 | 0049 2bca | 8948 0889 | 580c 4883 | ee10 4885 | f60f 8411 | 0000 0048 | 33db 48c1 
  0x0000022706584a00: ee03 4889 | 5cf0 0848 | ffce 75f6 | 41f7 d94d | 8bc1 4489 | 4010 4c8b | 8424 b800 

  0x0000022706584a1c: ;   {metadata(method data for {method} {0x000002276e7966e8} 'readCategoryTable' '([CZ)Lorg/eclipse/jdt/internal/compiler/util/HashtableOfObject;' in 'org/eclipse/jdt/internal/core/index/DiskIndex')}
  0x0000022706584a1c: 0000 49b9 | 0000 e76f | 2702 0000 | 4983 8198 | 0500 0001 | 4c8b 8424 | d000 0000 | 4c8b c848 
  0x0000022706584a3c: 8b94 24b8 | 0000 000f 

  0x0000022706584a44: ;   {optimized virtual_call}
  0x0000022706584a44: 1f40 00e8 

  0x0000022706584a48: ; ImmutableOopMap {[136]=Oop [144]=Oop [168]=Oop [184]=Oop [200]=Oop [456]=Oop }
                      ;*invokevirtual putUnsafely {reexecute=0 rethrow=0 return_oop=0}
                      ; - org.eclipse.jdt.internal.core.index.DiskIndex::readCategoryTable@294 (line 709)
  0x0000022706584a48: d477 f605 

  0x0000022706584a4c: ;   {other}
  0x0000022706584a4c: 0f1f 8400 | 3c10 000b 

  0x0000022706584a54: ;   {metadata(method data for {method} {0x000002276e7966e8} 'readCategoryTable' '([CZ)Lorg/eclipse/jdt/internal/compiler/util/HashtableOfObject;' in 'org/eclipse/jdt/internal/core/index/DiskIndex')}
  0x0000022706584a54: 49b8 0000 | e76f 2702 | 0000 41ff | 80d0 0500 | 008b bc24 | b400 0000 | 8b9c 24c0 | 0000 0048 
  0x0000022706584a74: 8b84 24c8 | 0000 00e9 | 1206 0000 | 4181 f900 

  0x0000022706584a84: ;   {metadata(method data for {method} {0x000002276e7966e8} 'readCategoryTable' '([CZ)Lorg/eclipse/jdt/internal/compiler/util/HashtableOfObject;' in 'org/eclipse/jdt/internal/core/index/DiskIndex')}
  0x0000022706584a84: 0100 0049 | b800 00e7 | 6f27 0200 | 0048 c7c2 | e805 0000 | 7d07 48c7 | c2f8 0500 | 0049 8b34 
  0x0000022706584aa4: 1048 8d76 | 0149 8934 | 1048 8b94 | 2488 0000 | 000f 8d9d 

  0x0000022706584ab8: ;   {metadata(method data for {method} {0x000002276e7966e8} 'readCategoryTable' '([CZ)Lorg/eclipse/jdt/internal/compiler/util/HashtableOfObject;' in 'org/eclipse/jdt/internal/core/index/DiskIndex')}
  0x0000022706584ab8: 0000 0049 | b800 00e7 | 6f27 0200 | 0049 8380 | 0806 0000 | 014c 8b84 | 24a8 0000 | 0048 8b94 
  0x0000022706584ad8: 2488 0000 

  0x0000022706584adc: ;   {optimized virtual_call}
  0x0000022706584adc: 0066 90e8 

  0x0000022706584ae0: ; ImmutableOopMap {[136]=Oop [144]=Oop [168]=Oop [184]=Oop [200]=Oop [208]=Oop [456]=Oop }
                      ;*invokevirtual readStreamDocumentArray {reexecute=0 rethrow=0 return_oop=0}
                      ; - org.eclipse.jdt.internal.core.index.DiskIndex::readCategoryTable@316 (line 711)
  0x0000022706584ae0: 9cee 4006 

  0x0000022706584ae4: ;   {other}
  0x0000022706584ae4: 0f1f 8400 | d410 000c | 4c8b 8424 | b800 0000 

  0x0000022706584af4: ;   {metadata(method data for {method} {0x000002276e7966e8} 'readCategoryTable' '([CZ)Lorg/eclipse/jdt/internal/compiler/util/HashtableOfObject;' in 'org/eclipse/jdt/internal/core/index/DiskIndex')}
  0x0000022706584af4: 49b9 0000 | e76f 2702 | 0000 4983 | 8140 0600 | 0001 4c8b | 8424 d000 | 0000 4c8b | c848 8b94 
  0x0000022706584b14: 24b8 0000 | 0066 0f1f 

  0x0000022706584b1c: ;   {optimized virtual_call}
  0x0000022706584b1c: 4400 00e8 

  0x0000022706584b20: ; ImmutableOopMap {[136]=Oop [144]=Oop [168]=Oop [184]=Oop [200]=Oop [456]=Oop }
                      ;*invokevirtual putUnsafely {reexecute=0 rethrow=0 return_oop=0}
                      ; - org.eclipse.jdt.internal.core.index.DiskIndex::readCategoryTable@319 (line 711)
  0x0000022706584b20: fc76 f605 

  0x0000022706584b24: ;   {other}
  0x0000022706584b24: 0f1f 8400 | 1411 000d 

  0x0000022706584b2c: ;   {metadata(method data for {method} {0x000002276e7966e8} 'readCategoryTable' '([CZ)Lorg/eclipse/jdt/internal/compiler/util/HashtableOfObject;' in 'org/eclipse/jdt/internal/core/index/DiskIndex')}
  0x0000022706584b2c: 49b8 0000 | e76f 2702 | 0000 41ff | 8078 0600 | 008b bc24 | b400 0000 | 8b9c 24c0 | 0000 0048 
  0x0000022706584b4c: 8b84 24c8 | 0000 00e9 | 3a05 0000 

  0x0000022706584b58: ;   {metadata(method data for {method} {0x000002276e7966e8} 'readCategoryTable' '([CZ)Lorg/eclipse/jdt/internal/compiler/util/HashtableOfObject;' in 'org/eclipse/jdt/internal/core/index/DiskIndex')}
  0x0000022706584b58: 49b8 0000 | e76f 2702 | 0000 4983 | 8090 0600 | 0001 4c8b | 8424 a800 | 0000 488b | 9424 8800 
  0x0000022706584b78: 0000 0f1f 

  0x0000022706584b7c: ;   {optimized virtual_call}
  0x0000022706584b7c: 4400 00e8 

  0x0000022706584b80: ; ImmutableOopMap {[136]=Oop [144]=Oop [168]=Oop [184]=Oop [200]=Oop [208]=Oop [456]=Oop }
                      ;*invokevirtual readStreamInt {reexecute=0 rethrow=0 return_oop=0}
                      ; - org.eclipse.jdt.internal.core.index.DiskIndex::readCategoryTable@328 (line 713)
  0x0000022706584b80: fca2 5405 

  0x0000022706584b84: ;   {other}
  0x0000022706584b84: 0f1f 8400 | 7411 000e | 4c8b c044 | 8b8c 2498 | 0000 0045 

  0x0000022706584b98: ;   {metadata(method data for {method} {0x000002276e7966e8} 'readCategoryTable' '([CZ)Lorg/eclipse/jdt/internal/compiler/util/HashtableOfObject;' in 'org/eclipse/jdt/internal/core/index/DiskIndex')}
  0x0000022706584b98: 85c9 48bb | 0000 e76f | 2702 0000 | 48c7 c2d8 | 0600 0075 | 0748 c7c2 | c806 0000 | 488b 3413 
  0x0000022706584bb8: 488d 7601 | 4889 3413 | 0f85 2300 | 0000 8bbc | 24b4 0000 | 008b 9c24 | c000 0000 | 488b 8424 
  0x0000022706584bd8: c800 0000 | 4c8b 9c24 | d000 0000 | e971 0200 | 0048 8b84 | 24c8 0000 | 0048 85c0 

  0x0000022706584bf4: ;   {metadata(method data for {method} {0x000002276e7966e8} 'readCategoryTable' '([CZ)Lorg/eclipse/jdt/internal/compiler/util/HashtableOfObject;' in 'org/eclipse/jdt/internal/core/index/DiskIndex')}
  0x0000022706584bf4: 48bb 0000 | e76f 2702 | 0000 48c7 | c2e8 0600 | 0075 0748 | c7c2 f806 | 0000 488b | 3413 488d 
  0x0000022706584c14: 7601 4889 | 3413 0f85 | 9300 0000 | 8b9c 24b0 

  0x0000022706584c24: ;   {metadata({type array char}[])}
  0x0000022706584c24: 0000 0048 | bac0 b00d | 2c27 0200 | 004c 8bd8 | 4863 db48 | 8bfb 4881 | fbff ffff | 000f 8718 
  0x0000022706584c44: 2100 0048 | c7c6 1700 | 0000 488d | 349e 4883 | e6f8 498b | 87b8 0100 | 0048 8d34 | 3049 3bb7 
  0x0000022706584c64: c801 0000 | 0f87 f120 | 0000 4989 | b7b8 0100 | 0048 2bf0 | 48c7 0001 | 0000 0048 | 8bca 49ba 
  0x0000022706584c84: 0000 002b | 2702 0000 | 492b ca89 | 4808 8958 | 0c48 83ee | 1048 85f6 | 0f84 1100 | 0000 4833 
  0x0000022706584ca4: db48 c1ee | 0348 895c | f008 48ff | ce75 f68b | 9c24 c000 | 0000 85db 

  0x0000022706584cbc: ;   {metadata(method data for {method} {0x000002276e7966e8} 'readCategoryTable' '([CZ)Lorg/eclipse/jdt/internal/compiler/util/HashtableOfObject;' in 'org/eclipse/jdt/internal/core/index/DiskIndex')}
  0x0000022706584cbc: 48ba 0000 | e76f 2702 | 0000 48c7 | c618 0700 | 0074 0748 | c7c6 0807 | 0000 488b | 3c32 488d 
  0x0000022706584cdc: 7f01 4889 | 3c32 0f84 | 0c00 0000 | 8bbc 24b4 | 0000 00e9 | 0300 0000 | 498b f84c | 8b9c 24d0 
  0x0000022706584cfc: 0000 0048 | 8bd3 ffc2 

  0x0000022706584d04: ; implicit exception: dispatches to 0x0000022706586d69
  0x0000022706584d04: 3b58 0c0f | 8366 2000 | 004d 85db 

  0x0000022706584d10: ;   {metadata(method data for {method} {0x000002276e7966e8} 'readCategoryTable' '([CZ)Lorg/eclipse/jdt/internal/compiler/util/HashtableOfObject;' in 'org/eclipse/jdt/internal/core/index/DiskIndex')}
  0x0000022706584d10: 7516 48b9 | 0000 e76f | 2702 0000 | 8089 2107 | 0000 01e9 | fc00 0000 

  0x0000022706584d28: ; implicit exception: dispatches to 0x0000022706586d81
  0x0000022706584d28: 8b70 0849 | ba00 0000 | 2b27 0200 | 0049 03f2 | 418b 4b08 | 49ba 0000 | 002b 2702 | 0000 4903 
  0x0000022706584d48: ca48 8bb6 | e000 0000 | 483b ce0f | 8429 0000 | 0044 8b6e | 144a 3b34 | 290f 841b | 0000 0041 
  0x0000022706584d68: 83fd 200f | 859c 0000 

  0x0000022706584d70: ;   {runtime_call slow_subtype_check Runtime1 stub}
  0x0000022706584d70: 0051 56e8 | 0851 6105 | 595e 85f6 | 0f84 8b00 

  0x0000022706584d80: ;   {metadata(method data for {method} {0x000002276e7966e8} 'readCategoryTable' '([CZ)Lorg/eclipse/jdt/internal/compiler/util/HashtableOfObject;' in 'org/eclipse/jdt/internal/core/index/DiskIndex')}
  0x0000022706584d80: 0000 48b9 | 0000 e76f | 2702 0000 | 418b 7308 | 49ba 0000 | 002b 2702 | 0000 4903 | f248 3bb1 
  0x0000022706584da0: 3807 0000 | 750d 4883 | 8140 0700 | 0001 e971 | 0000 0048 | 3bb1 4807 | 0000 750d | 4883 8150 
  0x0000022706584dc0: 0700 0001 | e95b 0000 | 0048 83b9 | 3807 0000 | 0075 1748 | 89b1 3807 | 0000 48c7 | 8140 0700 
  0x0000022706584de0: 0001 0000 | 00e9 3a00 | 0000 4883 | b948 0700 | 0000 7517 | 4889 b148 | 0700 0048 | c781 5007 
  0x0000022706584e00: 0000 0100 | 0000 e919 | 0000 00eb 

  0x0000022706584e0c: ;   {metadata(method data for {method} {0x000002276e7966e8} 'readCategoryTable' '([CZ)Lorg/eclipse/jdt/internal/compiler/util/HashtableOfObject;' in 'org/eclipse/jdt/internal/core/index/DiskIndex')}
  0x0000022706584e0c: 1748 b900 | 00e7 6f27 | 0200 0048 | 83a9 2807 | 0000 01e9 | 621f 0000 | 4863 db48 | 8d74 9810 
  0x0000022706584e2c: 410f be4f | 4085 c90f | 8556 1f00 | 004d 8bd3 | 49c1 ea03 | 4489 1648 | 8bce 4933 | cb48 c1e9 
  0x0000022706584e4c: 1748 83f9 | 000f 8556 | 1f00 0048 

  0x0000022706584e58: ;   {metadata(method data for {method} {0x000002276e7966e8} 'readCategoryTable' '([CZ)Lorg/eclipse/jdt/internal/compiler/util/HashtableOfObject;' in 'org/eclipse/jdt/internal/core/index/DiskIndex')}
  0x0000022706584e58: 8bda 48ba | 0000 e76f | 2702 0000 | 4883 8260 | 0700 0001 

  0x0000022706584e6c: ;   {metadata(method data for {method} {0x000002272b4163b0} 'valueOf' '(I)Ljava/lang/Integer;' in 'java/lang/Integer')}
  0x0000022706584e6c: 48ba c00c | 0a6c 2702 | 0000 8bb2 | cc00 0000 | 83c6 0289 | b2cc 0000 | 0081 e6fe | ff1f 0085 
  0x0000022706584e8c: f60f 8432 | 1f00 0041 

  0x0000022706584e94: ;   {metadata(method data for {method} {0x000002272b4163b0} 'valueOf' '(I)Ljava/lang/Integer;' in 'java/lang/Integer')}
  0x0000022706584e94: 83f8 8048 | bac0 0c0a | 6c27 0200 | 0048 c7c6 | 1001 0000 | 7c07 48c7 | c620 0100 | 0048 8b0c 
  0x0000022706584eb4: 3248 8d49 | 0148 890c | 320f 8c30 | 0000 0041 

  0x0000022706584ec4: ;   {metadata(method data for {method} {0x000002272b4163b0} 'valueOf' '(I)Ljava/lang/Integer;' in 'java/lang/Integer')}
  0x0000022706584ec4: 83f8 7f48 | bac0 0c0a | 6c27 0200 | 0048 c7c6 | 4001 0000 | 7e07 48c7 | c630 0100 | 0048 8b0c 
  0x0000022706584ee4: 3248 8d49 | 0148 890c | 320f 8e18 | 0100 0089 | bc24 d800 | 0000 4889 | 8424 e000 

  0x0000022706584f00: ;   {metadata('java/lang/Integer')}
  0x0000022706584f00: 0000 48ba | d85f 022b | 2702 0000 | 498b 87b8 | 0100 0048 | 8d78 1049 | 3bbf c801 | 0000 0f87 
  0x0000022706584f20: c21e 0000 | 4989 bfb8 | 0100 0048 | c700 0100 | 0000 488b | ca49 ba00 | 0000 2b27 | 0200 0049 
  0x0000022706584f40: 2bca 8948 | 0848 33c9 | 8948 0c48 | 33c9 488b 

  0x0000022706584f50: ;   {metadata(method data for {method} {0x000002272b4163b0} 'valueOf' '(I)Ljava/lang/Integer;' in 'java/lang/Integer')}
  0x0000022706584f50: d048 bec0 | 0c0a 6c27 | 0200 0048 | 8386 5001 

  0x0000022706584f60: ;   {metadata(method data for {method} {0x000002272b416b40} '<init>' '(I)V' in 'java/lang/Integer')}
  0x0000022706584f60: 0000 0148 | ba50 0e0a | 6c27 0200 | 008b b2cc | 0000 0083 | c602 89b2 | cc00 0000 | 81e6 feff 
  0x0000022706584f80: 1f00 85f6 | 0f84 691e | 0000 488b 

  0x0000022706584f8c: ;   {metadata(method data for {method} {0x000002272b416b40} '<init>' '(I)V' in 'java/lang/Integer')}
  0x0000022706584f8c: d048 be50 | 0e0a 6c27 | 0200 0048 | 8386 1001 

  0x0000022706584f9c: ;   {metadata(method data for {method} {0x000002272b4176e8} '<init>' '()V' in 'java/lang/Number')}
  0x0000022706584f9c: 0000 0148 | baa8 0f0a | 6c27 0200 | 008b b2cc | 0000 0083 | c602 89b2 | cc00 0000 | 81e6 feff 
  0x0000022706584fbc: 1f00 85f6 | 0f84 4e1e | 0000 488b 

  0x0000022706584fc8: ;   {metadata(method data for {method} {0x000002272b4176e8} '<init>' '()V' in 'java/lang/Number')}
  0x0000022706584fc8: d048 bea8 | 0f0a 6c27 | 0200 0048 | 8386 1001 

  0x0000022706584fd8: ;   {metadata(method data for {method} {0x000002272b474aa8} '<init>' '()V' in 'java/lang/Object')}
  0x0000022706584fd8: 0000 0148 | ba90 6700 | 6c27 0200 | 008b b2cc | 0000 0083 | c602 89b2 | cc00 0000 | 81e6 feff 
  0x0000022706584ff8: 1f00 85f6 | 0f84 331e | 0000 4489 | 400c e92f | 0000 0089 | bc24 d800 | 0000 4889 | 8424 e000 
  0x0000022706585018: 0000 4181 | c080 0000 

  0x0000022706585020: ;   {oop(a 'java/lang/Integer'[256] {0x0000000400807090})}
  0x0000022706585020: 0048 ba90 | 7080 0004 | 0000 004d | 63c0 468b | 4482 1049 | c1e0 0349 | 8bc0 899c | 24dc 0000 
  0x0000022706585040: 004c 8b84 | 24b8 0000 

  0x0000022706585048: ;   {metadata(method data for {method} {0x000002276e7966e8} 'readCategoryTable' '([CZ)Lorg/eclipse/jdt/internal/compiler/util/HashtableOfObject;' in 'org/eclipse/jdt/internal/core/index/DiskIndex')}
  0x0000022706585048: 0048 ba00 | 00e7 6f27 | 0200 0048 | 8382 7007 | 0000 014d | 8bc3 4c8b | c848 8b94 | 24b8 0000 
  0x0000022706585068: 0066 0f1f 

  0x000002270658506c: ;   {optimized virtual_call}
  0x000002270658506c: 4400 00e8 

  0x0000022706585070: ; ImmutableOopMap {[136]=Oop [144]=Oop [168]=Oop [184]=Oop [224]=Oop [456]=Oop }
                      ;*invokevirtual putUnsafely {reexecute=0 rethrow=0 return_oop=0}
                      ; - org.eclipse.jdt.internal.core.index.DiskIndex::readCategoryTable@377 (line 721)
  0x0000022706585070: 0c9e 5405 

  0x0000022706585074: ;   {other}
  0x0000022706585074: 0f1f 8400 | 6416 000f | 8bbc 24d8 | 0000 008b | 9c24 dc00 | 0000 488b | 8424 e000 | 0000 8bb4 
  0x0000022706585094: 24c4 0000 | 00ff c64c | 8bd8 89bc | 24b4 0000 | 0089 9c24 | c000 0000 | 4c89 9c24 | c800 0000 
  0x00000227065850b4: e98f f7ff | ff8b 4a48 | 48c1 e103 

  0x00000227065850c0: ;   {oop(a 'org/eclipse/jdt/internal/compiler/util/SimpleSetOfCharArray'{0x0000000401079c30})}
  0x00000227065850c0: 49b9 309c | 0701 0400 | 0000 4d8b 

  0x00000227065850cc: ;   {metadata(method data for {method} {0x000002276e7966e8} 'readCategoryTable' '([CZ)Lorg/eclipse/jdt/internal/compiler/util/HashtableOfObject;' in 'org/eclipse/jdt/internal/core/index/DiskIndex')}
  0x00000227065850cc: c149 bb00 | 00e7 6f27 | 0200 0049 | 8383 c807 | 0000 014c | 8b84 2490 | 0000 0049 | 8bd1 4889 
  0x00000227065850ec: 8c24 e800 | 0000 0f1f 

  0x00000227065850f4: ;   {optimized virtual_call}
  0x00000227065850f4: 4400 00e8 

  0x00000227065850f8: ; ImmutableOopMap {[136]=Oop [144]=Oop [168]=Oop [184]=Oop [200]=Oop [232]=Oop [456]=Oop }
                      ;*invokevirtual get {reexecute=0 rethrow=0 return_oop=0}
                      ; - org.eclipse.jdt.internal.core.index.DiskIndex::readCategoryTable@398 (line 724)
  0x00000227065850f8: 4406 b3fe 

  0x00000227065850fc: ;   {other}
  0x00000227065850fc: 0f1f 8400 | ec16 0010 | 488b 8c24 | e800 0000 

  0x000002270658510c: ; implicit exception: dispatches to 0x0000022706586e5b
  0x000002270658510c: 483b 014c 

  0x0000022706585110: ;   {metadata(method data for {method} {0x000002276e7966e8} 'readCategoryTable' '([CZ)Lorg/eclipse/jdt/internal/compiler/util/HashtableOfObject;' in 'org/eclipse/jdt/internal/core/index/DiskIndex')}
  0x0000022706585110: 8bc1 49b9 | 0000 e76f | 2702 0000 | 4983 8100 | 0800 0001 | 4c8b c04c | 8b8c 24b8 | 0000 0048 
  0x0000022706585130: 8bd1 0f1f 

  0x0000022706585134: ;   {optimized virtual_call}
  0x0000022706585134: 4400 00e8 

  0x0000022706585138: ; ImmutableOopMap {[136]=Oop [144]=Oop [168]=Oop [184]=Oop [200]=Oop [456]=Oop }
                      ;*invokevirtual put {reexecute=0 rethrow=0 return_oop=0}
                      ; - org.eclipse.jdt.internal.core.index.DiskIndex::readCategoryTable@403 (line 724)
  0x0000022706585138: 84bc c305 

  0x000002270658513c: ;   {other}
  0x000002270658513c: 0f1f 8400 | 2c17 0011 | 488b 8424 | b800 0000 | 8b50 0c81 | fa20 4e00 

  0x0000022706585154: ;   {metadata(method data for {method} {0x000002276e7966e8} 'readCategoryTable' '([CZ)Lorg/eclipse/jdt/internal/compiler/util/HashtableOfObject;' in 'org/eclipse/jdt/internal/core/index/DiskIndex')}
  0x0000022706585154: 0048 ba00 | 00e7 6f27 | 0200 0048 | c7c6 3808 | 0000 7d07 | 48c7 c648 | 0800 0048 | 8b3c 3248 
  0x0000022706585174: 8d7f 0148 | 893c 320f | 8d1d 0000 | 004c 8b84 | 2490 0000 

  0x0000022706585188: ;   {metadata(method data for {method} {0x000002276e7966e8} 'readCategoryTable' '([CZ)Lorg/eclipse/jdt/internal/compiler/util/HashtableOfObject;' in 'org/eclipse/jdt/internal/core/index/DiskIndex')}
  0x0000022706585188: 0048 ba00 | 00e7 6f27 | 0200 00ff | 8258 0800 | 00e9 0a00 

  0x000002270658519c: ;   {oop(nullptr)}
  0x000002270658519c: 0000 49b8 | 0000 0000 | 0000 0000 | 488b 9424 | 8800 0000 | 410f be77 | 4085 f60f | 85a3 1c00 
  0x00000227065851bc: 004d 8bd0 | 49c1 ea03 | 4489 524c | 488b f249 | 33f0 48c1 | ee17 4883 | fe00 0f85 | a31c 0000 
  0x00000227065851dc: 488b b424 | a800 0000 

  0x00000227065851e4: ;   {metadata(method data for {method} {0x000002276e7966e8} 'readCategoryTable' '([CZ)Lorg/eclipse/jdt/internal/compiler/util/HashtableOfObject;' in 'org/eclipse/jdt/internal/core/index/DiskIndex')}
  0x00000227065851e4: 4885 f648 | bf00 00e7 | 6f27 0200 | 0048 c7c3 | 7008 0000 | 7407 48c7 | c380 0800 | 0048 8b0c 
  0x0000022706585204: 1f48 8d49 | 0148 890c | 1f0f 84ca | 0000 0048 

  0x0000022706585214: ;   {metadata(method data for {method} {0x000002276e7966e8} 'readCategoryTable' '([CZ)Lorg/eclipse/jdt/internal/compiler/util/HashtableOfObject;' in 'org/eclipse/jdt/internal/core/index/DiskIndex')}
  0x0000022706585214: 8bfe 48bb | 0000 e76f | 2702 0000 | 8b7f 0849 | ba00 0000 | 2b27 0200 | 0049 03fa | 483b bba0 
  0x0000022706585234: 0800 0075 | 0d48 8383 | a808 0000 | 01e9 6000 | 0000 483b | bbb0 0800 | 0075 0d48 | 8383 b808 
  0x0000022706585254: 0000 01e9 | 4a00 0000 | 4883 bba0 | 0800 0000 | 7517 4889 | bba0 0800 | 0048 c783 | a808 0000 
  0x0000022706585274: 0100 0000 | e929 0000 | 0048 83bb | b008 0000 | 0075 1748 | 89bb b008 | 0000 48c7 | 83b8 0800 
  0x0000022706585294: 0001 0000 | 00e9 0800 | 0000 4883 | 8390 0800 | 0001 488b | d60f 1f40 | 0048 b840 | 1a01 2b27 
  0x00000227065852b4: ;   {virtual_call}
  0x00000227065852b4: 0200 00e8 

  0x00000227065852b8: ; ImmutableOopMap {[136]=Oop [184]=Oop [200]=Oop [456]=Oop }
                      ;*invokevirtual close {reexecute=0 rethrow=0 return_oop=0}
                      ; - org.eclipse.jdt.internal.core.index.DiskIndex::readCategoryTable@434 (line 728)
  0x00000227065852b8: a44e 8dfe 

  0x00000227065852bc: ;   {other}
  0x00000227065852bc: 0f1f 8400 | ac18 0012 

  0x00000227065852c4: ;   {metadata(method data for {method} {0x000002276e7966e8} 'readCategoryTable' '([CZ)Lorg/eclipse/jdt/internal/compiler/util/HashtableOfObject;' in 'org/eclipse/jdt/internal/core/index/DiskIndex')}
  0x00000227065852c4: 49b8 0000 | e76f 2702 | 0000 41ff | 80c8 0800 | 0048 8b94 | 2488 0000 | 0044 8b42 | 3449 c1e0 
  0x00000227065852e4: 0349 3b00 

  0x00000227065852e8: ;   {metadata(method data for {method} {0x000002276e7966e8} 'readCategoryTable' '([CZ)Lorg/eclipse/jdt/internal/compiler/util/HashtableOfObject;' in 'org/eclipse/jdt/internal/core/index/DiskIndex')}
  0x00000227065852e8: 48be 0000 | e76f 2702 | 0000 458b | 4008 49ba | 0000 002b | 2702 0000 | 4d03 c24c | 3b86 100a 
  0x0000022706585308: 0000 750d | 4883 8618 | 0a00 0001 | e960 0000 | 004c 3b86 | 200a 0000 | 750d 4883 | 8628 0a00 
  0x0000022706585328: 0001 e94a | 0000 0048 | 83be 100a | 0000 0075 | 174c 8986 | 100a 0000 | 48c7 8618 | 0a00 0001 
  0x0000022706585348: 0000 00e9 | 2900 0000 | 4883 be20 | 0a00 0000 | 7517 4c89 | 8620 0a00 | 0048 c786 | 280a 0000 
  0x0000022706585368: 0100 0000 | e908 0000 | 0048 8386 | 000a 0000 

  0x0000022706585378: ;   {metadata(method data for {method} {0x000002276d576b10} 'close' '()V' in 'org/eclipse/jdt/internal/core/index/IndexLocation')}
  0x0000022706585378: 0149 b868 | 36ae 6f27 | 0200 0041 | 8bb0 cc00 | 0000 83c6 | 0241 89b0 | cc00 0000 | 81e6 feff 
  0x0000022706585398: 1f00 85f6 | 0f84 fa1a | 0000 8bbc | 24b4 0000 | 008b 9c24 | c000 0000 | 488b 8424 | c800 0000 
  0x00000227065853b8: 4c8b 8424 | b800 0000 

  0x00000227065853c0: ;   {metadata(method data for {method} {0x000002276e7966e8} 'readCategoryTable' '([CZ)Lorg/eclipse/jdt/internal/compiler/util/HashtableOfObject;' in 'org/eclipse/jdt/internal/core/index/DiskIndex')}
  0x00000227065853c0: 48be 0000 | e76f 2702 | 0000 ff86 | 380a 0000 | 498b f0e9 | 420e 0000 | 448b 8c24 | 9800 0000 
  0x00000227065853e0: 488b 9424 | 8800 0000 

  0x00000227065853e8: ;   {metadata(method data for {method} {0x000002276e7966e8} 'readCategoryTable' '([CZ)Lorg/eclipse/jdt/internal/compiler/util/HashtableOfObject;' in 'org/eclipse/jdt/internal/core/index/DiskIndex')}
  0x00000227065853e8: 4585 c949 | b800 00e7 | 6f27 0200 | 0048 c7c7 | 4002 0000 | 7407 48c7 | c750 0200 | 0049 8b1c 
  0x0000022706585408: 3848 8d5b | 0149 891c | 380f 845d | 0500 008b | 7e18 48c1 | e703 4889 | bc24 f000 | 0000 8b5f 
  0x0000022706585428: 0c89 9c24 | fc00 0000 

  0x0000022706585430: ;   {metadata(method data for {method} {0x000002276e7966e8} 'readCategoryTable' '([CZ)Lorg/eclipse/jdt/internal/compiler/util/HashtableOfObject;' in 'org/eclipse/jdt/internal/core/index/DiskIndex')}
  0x0000022706585430: 49b8 0000 | e76f 2702 | 0000 41ff | 8060 0200 | 00b8 0000 | 0000 e9f0 | 0200 000f | 1f44 0000 
  0x0000022706585450: 4c63 c046 | 8b44 8710 | 49c1 e003 | 4d85 c075 

  0x0000022706585460: ;   {metadata(method data for {method} {0x000002276e7966e8} 'readCategoryTable' '([CZ)Lorg/eclipse/jdt/internal/compiler/util/HashtableOfObject;' in 'org/eclipse/jdt/internal/core/index/DiskIndex')}
  0x0000022706585460: 1749 bb00 | 00e7 6f27 | 0200 0041 | 808b 7102 | 0000 01e9 | ce00 0000 

  0x0000022706585478: ;   {metadata('java/lang/Integer')}
  0x0000022706585478: 49bd d85f | 022b 2702 | 0000 458b | 4808 49ba | 0000 002b | 2702 0000 | 4d03 ca4d | 3be9 0f85 
  0x0000022706585498: 8e00 0000 

  0x000002270658549c: ;   {metadata(method data for {method} {0x000002276e7966e8} 'readCategoryTable' '([CZ)Lorg/eclipse/jdt/internal/compiler/util/HashtableOfObject;' in 'org/eclipse/jdt/internal/core/index/DiskIndex')}
  0x000002270658549c: 49bb 0000 | e76f 2702 | 0000 458b | 6808 49ba | 0000 002b | 2702 0000 | 4d03 ea4d | 3bab 8802 
  0x00000227065854bc: 0000 750d | 4983 8390 | 0200 0001 | e97e 0000 | 004d 3bab | 9802 0000 | 750d 4983 | 83a0 0200 
  0x00000227065854dc: 0001 e968 | 0000 0049 | 83bb 8802 | 0000 0075 | 174d 89ab | 8802 0000 | 49c7 8390 | 0200 0001 
  0x00000227065854fc: 0000 00e9 | 4700 0000 | 4983 bb98 | 0200 0000 | 7517 4d89 | ab98 0200 | 0049 c783 | a002 0000 
  0x000002270658551c: 0100 0000 | e926 0000 | 00e9 2100 

  0x0000022706585528: ;   {metadata(method data for {method} {0x000002276e7966e8} 'readCategoryTable' '([CZ)Lorg/eclipse/jdt/internal/compiler/util/HashtableOfObject;' in 'org/eclipse/jdt/internal/core/index/DiskIndex')}
  0x0000022706585528: 0000 49bb | 0000 e76f | 2702 0000 | 4983 ab78 | 0200 0001 | e905 0000 | 00e9 0500 | 0000 4833 
  0x0000022706585548: c9eb 0748 | c7c1 0100 | 0000 85c9 

  0x0000022706585554: ;   {metadata(method data for {method} {0x000002276e7966e8} 'readCategoryTable' '([CZ)Lorg/eclipse/jdt/internal/compiler/util/HashtableOfObject;' in 'org/eclipse/jdt/internal/core/index/DiskIndex')}
  0x0000022706585554: 48b9 0000 | e76f 2702 | 0000 49c7 | c1c0 0200 | 0075 0749 | c7c1 b002 | 0000 4e8b | 1c09 4d8d 
  0x0000022706585574: 5b01 4e89 | 1c09 0f85 | 0800 0000 | 488b d0e9 | 9901 0000 | 8984 24f8 | 0000 0048 

  0x0000022706585590: ;   {metadata(method data for {method} {0x000002276e7966e8} 'readCategoryTable' '([CZ)Lorg/eclipse/jdt/internal/compiler/util/HashtableOfObject;' in 'org/eclipse/jdt/internal/core/index/DiskIndex')}
  0x0000022706585590: 8bca 49b9 | 0000 e76f | 2702 0000 

  0x000002270658559c: ;   {metadata('org/eclipse/jdt/internal/core/index/DiskIndex')}
  0x000002270658559c: 49ba a8ad | 532c 2702 | 0000 4d89 | 91e0 0200 | 0049 8381 | e802 0000 | 0148 8bca | 488b d10f 
  0x00000227065855bc: ;   {optimized virtual_call}
  0x00000227065855bc: 1f40 00e8 

  0x00000227065855c0: ; ImmutableOopMap {[136]=Oop [240]=Oop [256]=Oop [456]=Oop }
                      ;*invokevirtual readDocumentNumbers {reexecute=0 rethrow=0 return_oop=0}
                      ; - org.eclipse.jdt.internal.core.index.DiskIndex::readCategoryTable@101 (line 674)
  0x00000227065855c0: bc98 5405 

  0x00000227065855c4: ;   {other}
  0x00000227065855c4: 0f1f 8400 | b41b 0013 | 488b bc24 | f000 0000 | 4885 c075 

  0x00000227065855d8: ;   {metadata(method data for {method} {0x000002276e7966e8} 'readCategoryTable' '([CZ)Lorg/eclipse/jdt/internal/compiler/util/HashtableOfObject;' in 'org/eclipse/jdt/internal/core/index/DiskIndex')}
  0x00000227065855d8: 1648 be00 | 00e7 6f27 | 0200 0080 | 8e01 0300 | 0001 e9f8 | 0000 008b | 5708 49ba | 0000 002b 
  0x00000227065855f8: 2702 0000 | 4903 d28b | 7008 49ba | 0000 002b | 2702 0000 | 4903 f248 | 8b92 e000 | 0000 483b 
  0x0000022706585618: f20f 8427 | 0000 008b | 5a14 483b | 141e 0f84 | 1a00 0000 | 83fb 200f | 859b 0000 

  0x0000022706585634: ;   {runtime_call slow_subtype_check Runtime1 stub}
  0x0000022706585634: 0056 52e8 | 4448 6105 | 5e5a 85d2 | 0f84 8a00 

  0x0000022706585644: ;   {metadata(method data for {method} {0x000002276e7966e8} 'readCategoryTable' '([CZ)Lorg/eclipse/jdt/internal/compiler/util/HashtableOfObject;' in 'org/eclipse/jdt/internal/core/index/DiskIndex')}
  0x0000022706585644: 0000 48be | 0000 e76f | 2702 0000 | 8b50 0849 | ba00 0000 | 2b27 0200 | 0049 03d2 | 483b 9618 
  0x0000022706585664: 0300 0075 | 0d48 8386 | 2003 0000 | 01e9 7100 | 0000 483b | 9628 0300 | 0075 0d48 | 8386 3003 
  0x0000022706585684: 0000 01e9 | 5b00 0000 | 4883 be18 | 0300 0000 | 7517 4889 | 9618 0300 | 0048 c786 | 2003 0000 
  0x00000227065856a4: 0100 0000 | e93a 0000 | 0048 83be | 2803 0000 | 0075 1748 | 8996 2803 | 0000 48c7 | 8630 0300 
  0x00000227065856c4: 0001 0000 | 00e9 1900 | 0000 eb17 

  0x00000227065856d0: ;   {metadata(method data for {method} {0x000002276e7966e8} 'readCategoryTable' '([CZ)Lorg/eclipse/jdt/internal/compiler/util/HashtableOfObject;' in 'org/eclipse/jdt/internal/core/index/DiskIndex')}
  0x00000227065856d0: 48be 0000 | e76f 2702 | 0000 4883 | ae08 0300 | 0001 e9e5 | 1700 008b | 9424 f800 | 0000 4863 
  0x00000227065856f0: f248 8d74 | b710 410f | be5f 4085 | db0f 85d2 | 1700 004c | 8bd0 49c1 | ea03 4489 | 1648 8bde 
  0x0000022706585710: 4833 d848 | c1eb 1748 | 83fb 000f | 85d2 1700 | 0048 8bc2 | ffc0 488b | d048 8bc2 | 8b9c 24fc 
  0x0000022706585730: 0000 0048 | 8b94 2488 | 0000 003b | c341 b802 | 0000 007c | 0641 b800 

  0x0000022706585748: ;   {metadata(method data for {method} {0x000002276e7966e8} 'readCategoryTable' '([CZ)Lorg/eclipse/jdt/internal/compiler/util/HashtableOfObject;' in 'org/eclipse/jdt/internal/core/index/DiskIndex')}
  0x0000022706585748: 0000 0048 | b900 00e7 | 6f27 0200 | 0044 8b89 | d000 0000 | 4503 c844 | 8989 d000 | 0000 4585 
  0x0000022706585768: c075 0641 | b902 0000 | 0041 81e1 | fe3f 0000 | 4585 c90f | 848a 1700 | 004d 8b97 

  0x0000022706585784: ; ImmutableOopMap {rdx=Oop rdi=Oop [136]=Oop [240]=Oop [256]=Oop [456]=Oop }
                      ;*if_icmplt {reexecute=1 rethrow=0 return_oop=0}
                      ; - (reexecute) org.eclipse.jdt.internal.core.index.DiskIndex::readCategoryTable@112 (line 672)
  0x0000022706585784: 5804 0000 

  0x0000022706585788: ;   {poll}
  0x0000022706585788: 4185 023b 

  0x000002270658578c: ;   {metadata(method data for {method} {0x000002276e7966e8} 'readCategoryTable' '([CZ)Lorg/eclipse/jdt/internal/compiler/util/HashtableOfObject;' in 'org/eclipse/jdt/internal/core/index/DiskIndex')}
  0x000002270658578c: c349 b800 | 00e7 6f27 | 0200 0048 | c7c1 4003 | 0000 7c07 | 48c7 c150 | 0300 004d | 8b0c 084d 
  0x00000227065857ac: 8d49 014d | 890c 080f | 8c97 fcff | ff48 8bb4 | 2400 0100 | 00e9 ae01 | 0000 488b | b424 a800 
  0x00000227065857cc: 0000 488b | 9424 8800 | 0000 498b | 8700 0500 | 004d 33d2 | 4d89 9700 | 0500 004d | 33d2 4d89 
  0x00000227065857ec: 9708 0500 | 0048 8984 | 2408 0100 | 008b 7a34 | 48c1 e703 

  0x0000022706585800: ;   {metadata(method data for {method} {0x000002276e7966e8} 'readCategoryTable' '([CZ)Lorg/eclipse/jdt/internal/compiler/util/HashtableOfObject;' in 'org/eclipse/jdt/internal/core/index/DiskIndex')}
  0x0000022706585800: 48bb 0000 | e76f 2702 | 0000 4883 | 8368 0400 

  0x0000022706585810: ;   {metadata(method data for {method} {0x000002272b454f60} 'valueOf' '(Ljava/lang/Object;)Ljava/lang/String;' in 'java/lang/String')}
  0x0000022706585810: 0001 48bb | 7018 0a6c | 2702 0000 | 8b8b cc00 | 0000 83c1 | 0289 8bcc | 0000 0081 | e1fe ff1f 
  0x0000022706585830: 0085 c90f | 84f3 1600 | 0048 85ff 

  0x000002270658583c: ;   {metadata(method data for {method} {0x000002272b454f60} 'valueOf' '(Ljava/lang/Object;)Ljava/lang/String;' in 'java/lang/String')}
  0x000002270658583c: 48bb 7018 | 0a6c 2702 | 0000 48c7 | c110 0100 | 0075 0748 | c7c1 2001 | 0000 4c8b | 040b 4d8d 
  0x000002270658585c: 4001 4c89 | 040b 0f85 | 1f00 0000 

  0x0000022706585868: ;   {metadata(method data for {method} {0x000002272b454f60} 'valueOf' '(Ljava/lang/Object;)Ljava/lang/String;' in 'java/lang/String')}
  0x0000022706585868: 48bf 7018 | 0a6c 2702 | 0000 ff87 | 3001 0000 

  0x0000022706585878: ;   {oop("null"{0x000000040080a550})}
  0x0000022706585878: 48bf 50a5 | 8000 0400 | 0000 e97a | 0100 0048 | 3b07 488b 

  0x000002270658588c: ;   {metadata(method data for {method} {0x000002272b454f60} 'valueOf' '(Ljava/lang/Object;)Ljava/lang/String;' in 'java/lang/String')}
  0x000002270658588c: df48 b970 | 180a 6c27 | 0200 008b | 5b08 49ba | 0000 002b | 2702 0000 | 4903 da48 | 3b99 5801 
  0x00000227065858ac: 0000 750d | 4883 8160 | 0100 0001 | e960 0000 | 0048 3b99 | 6801 0000 | 750d 4883 | 8170 0100 
  0x00000227065858cc: 0001 e94a | 0000 0048 | 83b9 5801 | 0000 0075 | 1748 8999 | 5801 0000 | 48c7 8160 | 0100 0001 
  0x00000227065858ec: 0000 00e9 | 2900 0000 | 4883 b968 | 0100 0000 | 7517 4889 | 9968 0100 | 0048 c781 | 7001 0000 
  0x000002270658590c: 0100 0000 | e908 0000 | 0048 8381 | 4801 0000 

  0x000002270658591c: ;   {metadata(method data for {method} {0x000002276d577390} 'toString' '()Ljava/lang/String;' in 'org/eclipse/jdt/internal/core/index/IndexLocation')}
  0x000002270658591c: 0148 bb00 | a085 6e27 | 0200 008b | 8bcc 0000 | 0083 c102 | 898b cc00 | 0000 81e1 | feff 1f00 
  0x000002270658593c: 85c9 0f84 | 0e16 0000 | 8b7f 1048 | c1e7 0348 | 8bd7 0f1f | 8000 0000 | 0048 b8ff | ffff ffff 
  0x000002270658595c: ;   {virtual_call}
  0x000002270658595c: ffff ffe8 

  0x0000022706585960: ; ImmutableOopMap {[136]=Oop [168]=Oop [264]=Oop [456]=Oop }
                      ;*invokevirtual toString {reexecute=0 rethrow=0 return_oop=0}
                      ; - org.eclipse.jdt.internal.core.index.IndexLocation::toString@4 (line 153)
                      ; - java.lang.String::valueOf@11
                      ; - org.eclipse.jdt.internal.core.index.DiskIndex::readCategoryTable@214 (line 694)
  0x0000022706585960: 1c9a 5405 

  0x0000022706585964: ;   {other}
  0x0000022706585964: 0f1f 8400 | 541f 0015 | 488b f8e9 | 8d00 0000 | 488d 8424 | c001 0000 | 488b 1048 | 85d2 0f84 
  0x0000022706585984: 0f00 0000 | 4c8b 4008 | f049 0fb1 | 100f 85dc | 1500 0049 | ff8f 5005 | 0000 488b | c648 81c4 
  0x00000227065859a4: e001 0000 

  0x00000227065859a8: ;   {poll_return}
  0x00000227065859a8: 5d49 3ba7 | 5004 0000 | 0f87 d315 | 0000 c348 | 8d84 24c0 | 0100 0048 | 8b10 4885 | d20f 840f 
  0x00000227065859c8: 0000 004c | 8b40 08f0 | 490f b110 | 0f85 c515 | 0000 49ff | 8f50 0500 

  0x00000227065859e0: ;   {oop(nullptr)}
  0x00000227065859e0: 0048 b800 | 0000 0000 | 0000 0048 | 81c4 e001 

  0x00000227065859f0: ;   {poll_return}
  0x00000227065859f0: 0000 5d49 | 3ba7 5004 | 0000 0f87 | b515 0000 | c344 8b8c | 24b0 0000 | 008b 8424 | 9c00 0000 
  0x0000022706585a10: ;   {no_reloc}
  0x0000022706585a10: e9c5 1500 | 0090 9090 | 9090 488b | d74c 8bc0 | 488b fb0f 

  0x0000022706585a24: ;   {static_call}
  0x0000022706585a24: 1f40 00e8 

  0x0000022706585a28: ; ImmutableOopMap {[136]=Oop [168]=Oop [264]=Oop [456]=Oop }
                      ;*invokedynamic {reexecute=0 rethrow=0 return_oop=0}
                      ; - org.eclipse.jdt.internal.core.index.DiskIndex::readCategoryTable@220 (line 694)
  0x0000022706585a28: 549e 5405 

  0x0000022706585a2c: ;   {other}
  0x0000022706585a2c: 0f1f 8400 | 1c20 0016 

  0x0000022706585a34: ;   {metadata(method data for {method} {0x000002276e7966e8} 'readCategoryTable' '([CZ)Lorg/eclipse/jdt/internal/compiler/util/HashtableOfObject;' in 'org/eclipse/jdt/internal/core/index/DiskIndex')}
  0x0000022706585a34: 4c8b c048 | ba00 00e7 | 6f27 0200 | 0048 8d92 | 9804 0000 | 4d85 c075 | 0af6 0201 | 7505 f048 
  0x0000022706585a54: 830a 0190 

  0x0000022706585a58: ;   {no_reloc}
  0x0000022706585a58: e996 1500 | 0000 0000 | 0000 80ba | 3101 0000 | 040f 8593 | 1500 0049 | 8b87 b801 | 0000 488d 
  0x0000022706585a78: 7828 493b | bfc8 0100 | 000f 877b | 1500 0049 | 89bf b801 | 0000 48c7 | 0001 0000 | 0048 8bca 
  0x0000022706585a98: 49ba 0000 | 002b 2702 | 0000 492b | ca89 4808 | 4833 c989 | 480c 4833 | c948 8948 | 1048 8948 
  0x0000022706585ab8: 1848 8948 | 2048 8bd0 

  0x0000022706585ac0: ;   {metadata(method data for {method} {0x000002276e7966e8} 'readCategoryTable' '([CZ)Lorg/eclipse/jdt/internal/compiler/util/HashtableOfObject;' in 'org/eclipse/jdt/internal/core/index/DiskIndex')}
  0x0000022706585ac0: 48be 0000 | e76f 2702 | 0000 4883 | 86a8 0400 | 0001 488b | d048 8984 | 2410 0100 

  0x0000022706585adc: ;   {optimized virtual_call}
  0x0000022706585adc: 0066 90e8 

  0x0000022706585ae0: ; ImmutableOopMap {[136]=Oop [168]=Oop [264]=Oop [272]=Oop [456]=Oop }
                      ;*invokespecial <init> {reexecute=0 rethrow=0 return_oop=0}
                      ; - org.eclipse.jdt.internal.core.index.DiskIndex::readCategoryTable@233 (line 696)
  0x0000022706585ae0: 9c93 5405 

  0x0000022706585ae4: ;   {other}
  0x0000022706585ae4: 0f1f 8400 | d420 0017 | 488b 8424 | 1001 0000 

  0x0000022706585af4: ;   {metadata(method data for {method} {0x000002276e7966e8} 'readCategoryTable' '([CZ)Lorg/eclipse/jdt/internal/compiler/util/HashtableOfObject;' in 'org/eclipse/jdt/internal/core/index/DiskIndex')}
  0x0000022706585af4: 49b8 0000 | e76f 2702 | 0000 8b40 | 0849 ba00 | 0000 2b27 | 0200 0049 | 03c2 493b | 80c8 0400 
  0x0000022706585b14: 0075 0d49 | 8380 d004 | 0000 01e9 | 6000 0000 | 493b 80d8 | 0400 0075 | 0d49 8380 | e004 0000 
  0x0000022706585b34: 01e9 4a00 | 0000 4983 | b8c8 0400 | 0000 7517 | 4989 80c8 | 0400 0049 | c780 d004 | 0000 0100 
  0x0000022706585b54: 0000 e929 | 0000 0049 | 83b8 d804 | 0000 0075 | 1749 8980 | d804 0000 | 49c7 80e0 | 0400 0001 
  0x0000022706585b74: 0000 00e9 | 0800 0000 | 4983 80b8 | 0400 0001 | 4c8b 8424 | 0801 0000 | 488b 9424 | 1001 0000 
  0x0000022706585b94: 9048 b8ff | ffff ffff 

  0x0000022706585b9c: ;   {virtual_call}
  0x0000022706585b9c: ffff ffe8 

  0x0000022706585ba0: ; ImmutableOopMap {[136]=Oop [168]=Oop [272]=Oop [456]=Oop }
                      ;*invokevirtual initCause {reexecute=0 rethrow=0 return_oop=0}
                      ; - org.eclipse.jdt.internal.core.index.DiskIndex::readCategoryTable@242 (line 697)
  0x0000022706585ba0: dc97 5405 

  0x0000022706585ba4: ;   {other}
  0x0000022706585ba4: 0f1f 8400 | 9421 0018 | 488b 8424 

  0x0000022706585bb0: ; ImmutableOopMap {rax=Oop [136]=Oop [168]=Oop [456]=Oop }
                      ;*athrow {reexecute=1 rethrow=0 return_oop=0}
                      ; - (reexecute) org.eclipse.jdt.internal.core.index.DiskIndex::readCategoryTable@248 (line 698)
  0x0000022706585bb0: 1001 0000 

  0x0000022706585bb4: ;   {section_word}
  0x0000022706585bb4: 48ba b45b | 5806 2702 

  0x0000022706585bbc: ;   {runtime_call handle_exception_nofpu Runtime1 stub}
  0x0000022706585bbc: 0000 e8bd | 2f61 0590 | 488b 9424 | a800 0000 | 498b 8700 | 0500 004d | 33d2 4d89 | 9700 0500 
  0x0000022706585bdc: 004d 33d2 | 4d89 9708 | 0500 0048 

  0x0000022706585be8: ;   {metadata(method data for {method} {0x000002276e7966e8} 'readCategoryTable' '([CZ)Lorg/eclipse/jdt/internal/compiler/util/HashtableOfObject;' in 'org/eclipse/jdt/internal/core/index/DiskIndex')}
  0x0000022706585be8: 85d2 49b8 | 0000 e76f | 2702 0000 | 49c7 c1f0 | 0800 0075 | 0749 c7c1 | e008 0000 | 4f8b 1c08 
  0x0000022706585c08: 4d8d 5b01 | 4f89 1c08 | 0f85 0800 | 0000 4c8b | c0e9 be00 | 0000 4889 | 8424 1801 | 0000 483b 
  0x0000022706585c28: 024c 8bc2 

  0x0000022706585c2c: ;   {metadata(method data for {method} {0x000002276e7966e8} 'readCategoryTable' '([CZ)Lorg/eclipse/jdt/internal/compiler/util/HashtableOfObject;' in 'org/eclipse/jdt/internal/core/index/DiskIndex')}
  0x0000022706585c2c: 49b9 0000 | e76f 2702 | 0000 458b | 4008 49ba | 0000 002b | 2702 0000 | 4d03 c24d | 3b81 1009 
  0x0000022706585c4c: 0000 750d | 4983 8118 | 0900 0001 | e960 0000 | 004d 3b81 | 2009 0000 | 750d 4983 | 8128 0900 
  0x0000022706585c6c: 0001 e94a | 0000 0049 | 83b9 1009 | 0000 0075 | 174d 8981 | 1009 0000 | 49c7 8118 | 0900 0001 
  0x0000022706585c8c: 0000 00e9 | 2900 0000 | 4983 b920 | 0900 0000 | 7517 4d89 | 8120 0900 | 0049 c781 | 2809 0000 
  0x0000022706585cac: 0100 0000 | e908 0000 | 0049 8381 | 0009 0000 | 0148 b8ff | ffff ffff 

  0x0000022706585cc4: ;   {virtual_call}
  0x0000022706585cc4: ffff ffe8 

  0x0000022706585cc8: ; ImmutableOopMap {[136]=Oop [280]=Oop [288]=Oop [296]=Oop [456]=Oop }
                      ;*invokevirtual close {reexecute=0 rethrow=0 return_oop=0}
                      ; - org.eclipse.jdt.internal.core.index.DiskIndex::readCategoryTable@449 (line 728)
  0x0000022706585cc8: b496 5405 

  0x0000022706585ccc: ;   {other}
  0x0000022706585ccc: 0f1f 8400 | bc22 001a | 4c8b 8424 | 1801 0000 | 8bb4 2434 | 0100 008b | bc24 3001 | 0000 488b 
  0x0000022706585cec: 9c24 2801 | 0000 488b | 8c24 2001 | 0000 498b 

  0x0000022706585cfc: ; ImmutableOopMap {rbx=Oop rcx=Oop r8=Oop rax=Oop [136]=Oop [456]=Oop }
                      ;*athrow {reexecute=1 rethrow=0 return_oop=0}
                      ; - (reexecute) org.eclipse.jdt.internal.core.index.DiskIndex::readCategoryTable@454 (line 728)
                      ;   {section_word}
  0x0000022706585cfc: c048 bafd | 5c58 0627 

  0x0000022706585d04: ;   {runtime_call handle_exception_nofpu Runtime1 stub}
  0x0000022706585d04: 0200 00e8 | 742e 6105 | 9049 8b87 | 0005 0000 | 4d33 d24d | 8997 0005 | 0000 4d33 | d24d 8997 
  0x0000022706585d24: 0805 0000 

  0x0000022706585d28: ;   {metadata(method data for {method} {0x000002276e7966e8} 'readCategoryTable' '([CZ)Lorg/eclipse/jdt/internal/compiler/util/HashtableOfObject;' in 'org/eclipse/jdt/internal/core/index/DiskIndex')}
  0x0000022706585d28: 4d85 c949 | b800 00e7 | 6f27 0200 | 0048 c7c2 | 4809 0000 | 7407 48c7 | c238 0900 | 004d 8b1c 
  0x0000022706585d48: 104d 8d5b | 014d 891c | 100f 8472 | 0000 004c 

  0x0000022706585d58: ;   {metadata(method data for {method} {0x000002276e7966e8} 'readCategoryTable' '([CZ)Lorg/eclipse/jdt/internal/compiler/util/HashtableOfObject;' in 'org/eclipse/jdt/internal/core/index/DiskIndex')}
  0x0000022706585d58: 3bc8 49b8 | 0000 e76f | 2702 0000 | 48c7 c270 | 0900 0074 | 0748 c7c2 | 8009 0000 | 4d8b 1c10 
  0x0000022706585d78: 4d8d 5b01 | 4d89 1c10 | 0f84 5600 | 0000 493b | 014d 8bc1 

  0x0000022706585d8c: ;   {metadata(method data for {method} {0x000002276e7966e8} 'readCategoryTable' '([CZ)Lorg/eclipse/jdt/internal/compiler/util/HashtableOfObject;' in 'org/eclipse/jdt/internal/core/index/DiskIndex')}
  0x0000022706585d8c: 48ba 0000 | e76f 2702 | 0000 4883 | 8290 0900 | 0001 4c8b | c049 8bd1 | 4c89 8c24 | 3801 0000 
  0x0000022706585dac: ;   {optimized virtual_call}
  0x0000022706585dac: 6666 90e8 

  0x0000022706585db0: ; ImmutableOopMap {[136]=Oop [312]=Oop [320]=Oop [328]=Oop [456]=Oop }
                      ;*invokevirtual addSuppressed {reexecute=0 rethrow=0 return_oop=0}
                      ; - org.eclipse.jdt.internal.core.index.DiskIndex::readCategoryTable@480 (line 728)
  0x0000022706585db0: cc90 5405 

  0x0000022706585db4: ;   {other}
  0x0000022706585db4: 0f1f 8400 | a423 001c | 4c8b 8c24 | 3801 0000 | e913 0000 

  0x0000022706585dc8: ;   {metadata(method data for {method} {0x000002276e7966e8} 'readCategoryTable' '([CZ)Lorg/eclipse/jdt/internal/compiler/util/HashtableOfObject;' in 'org/eclipse/jdt/internal/core/index/DiskIndex')}
  0x0000022706585dc8: 0048 ba00 | 00e7 6f27 | 0200 00ff | 8258 0900 | 004c 8bc8 

  0x0000022706585ddc: ; implicit exception: dispatches to 0x0000022706587019
  0x0000022706585ddc: 493b 0149 

  0x0000022706585de0: ; ImmutableOopMap {rax=Oop [136]=Oop [320]=Oop [328]=Oop [456]=Oop }
                      ;*athrow {reexecute=1 rethrow=0 return_oop=0}
                      ; - (reexecute) org.eclipse.jdt.internal.core.index.DiskIndex::readCategoryTable@485 (line 728)
                      ;   {section_word}
  0x0000022706585de0: 8bc1 48ba | e25d 5806 | 2702 0000 

  0x0000022706585dec: ;   {runtime_call handle_exception_nofpu Runtime1 stub}
  0x0000022706585dec: e88f 2d61 | 0590 488b | 9424 8800 | 0000 498b | 8700 0500 | 004d 33d2 | 4d89 9700 | 0500 004d 
  0x0000022706585e0c: 33d2 4d89 | 9708 0500 | 0041 0fbe | 7740 85f6 | 0f85 fc11 | 0000 c742 | 5000 0000 

  0x0000022706585e28: ; ImmutableOopMap {rsi=Oop rax=Oop [136]=Oop [320]=Oop [328]=Oop [456]=Oop }
                      ;*athrow {reexecute=1 rethrow=0 return_oop=0}
                      ; - (reexecute) org.eclipse.jdt.internal.core.index.DiskIndex::readCategoryTable@495 (line 730)
  0x0000022706585e28: 0048 8bf2 

  0x0000022706585e2c: ;   {section_word}
  0x0000022706585e2c: 48ba 2c5e | 5806 2702 

  0x0000022706585e34: ;   {runtime_call handle_exception_nofpu Runtime1 stub}
  0x0000022706585e34: 0000 e845 | 2d61 0590 | 488b b424 | 8800 0000 | 498b 8700 | 0500 004d | 33d2 4d89 | 9700 0500 
  0x0000022706585e54: 004d 33d2 | 4d89 9708 | 0500 008b | 5634 48c1 | e203 483b 

  0x0000022706585e68: ;   {metadata(method data for {method} {0x000002276e7966e8} 'readCategoryTable' '([CZ)Lorg/eclipse/jdt/internal/compiler/util/HashtableOfObject;' in 'org/eclipse/jdt/internal/core/index/DiskIndex')}
  0x0000022706585e68: 0249 b900 | 00e7 6f27 | 0200 008b | 5208 49ba | 0000 002b | 2702 0000 | 4903 d249 | 3b91 d809 
  0x0000022706585e88: 0000 750d | 4983 81e0 | 0900 0001 | e960 0000 | 0049 3b91 | e809 0000 | 750d 4983 | 81f0 0900 
  0x0000022706585ea8: 0001 e94a | 0000 0049 | 83b9 d809 | 0000 0075 | 1749 8991 | d809 0000 | 49c7 81e0 | 0900 0001 
  0x0000022706585ec8: 0000 00e9 | 2900 0000 | 4983 b9e8 | 0900 0000 | 7517 4989 | 91e8 0900 | 0049 c781 | f009 0000 
  0x0000022706585ee8: 0100 0000 | e908 0000 | 0049 8381 | c809 0000 

  0x0000022706585ef8: ;   {metadata(method data for {method} {0x000002276d576b10} 'close' '()V' in 'org/eclipse/jdt/internal/core/index/IndexLocation')}
  0x0000022706585ef8: 0148 ba68 | 36ae 6f27 | 0200 0044 | 8b8a cc00 | 0000 4183 | c102 4489 | 8acc 0000 | 0041 81e1 
  0x0000022706585f18: feff 1f00 | 4585 c90f | 841d 1100 

  0x0000022706585f24: ; ImmutableOopMap {r8=Oop rcx=Oop rsi=Oop rax=Oop [136]=Oop [456]=Oop }
                      ;*athrow {reexecute=1 rethrow=0 return_oop=0}
                      ; - (reexecute) org.eclipse.jdt.internal.core.index.DiskIndex::readCategoryTable@507 (line 733)
                      ;   {section_word}
  0x0000022706585f24: 0048 ba25 | 5f58 0627 

  0x0000022706585f2c: ;   {runtime_call handle_exception_nofpu Runtime1 stub}
  0x0000022706585f2c: 0200 00e8 | 4c2c 6105 | 9049 8b87 | 0005 0000 | 4d33 d24d | 8997 0005 | 0000 4d33 | d24d 8997 
  0x0000022706585f4c: 0805 0000 | 4889 8424 | 5801 0000 | 0f1f 8000 

  0x0000022706585f5c: ;   {static_call}
  0x0000022706585f5c: 0000 00e8 

  0x0000022706585f60: ; ImmutableOopMap {[136]=Oop [344]=Oop [360]=Oop [368]=Oop [456]=Oop }
                      ;*invokestatic get {reexecute=0 rethrow=0 return_oop=0}
                      ; - org.eclipse.jdt.internal.core.index.DiskIndex::readCategoryTable@520 (line 735)
  0x0000022706585f60: 1c99 5405 

  0x0000022706585f64: ;   {other}
  0x0000022706585f64: 0f1f 8400 | 5425 0020 | 4889 8424 | 7801 0000 | 488b 9424 | 8800 0000 | 8b72 3448 

  0x0000022706585f80: ;   {metadata(method data for {method} {0x000002276e7966e8} 'readCategoryTable' '([CZ)Lorg/eclipse/jdt/internal/compiler/util/HashtableOfObject;' in 'org/eclipse/jdt/internal/core/index/DiskIndex')}
  0x0000022706585f80: c1e6 0348 | bf00 00e7 | 6f27 0200 | 0048 8387 | 600a 0000 

  0x0000022706585f94: ;   {metadata(method data for {method} {0x000002272b454f60} 'valueOf' '(Ljava/lang/Object;)Ljava/lang/String;' in 'java/lang/String')}
  0x0000022706585f94: 0148 bf70 | 180a 6c27 | 0200 008b | 9fcc 0000 | 0083 c302 | 899f cc00 | 0000 81e3 | feff 1f00 
  0x0000022706585fb4: 85db 0f84 | a710 0000 

  0x0000022706585fbc: ;   {metadata(method data for {method} {0x000002272b454f60} 'valueOf' '(Ljava/lang/Object;)Ljava/lang/String;' in 'java/lang/String')}
  0x0000022706585fbc: 4885 f648 | bf70 180a | 6c27 0200 | 0048 c7c3 | 1001 0000 | 7507 48c7 | c320 0100 | 0048 8b0c 
  0x0000022706585fdc: 1f48 8d49 | 0148 890c | 1f0f 851f 

  0x0000022706585fe8: ;   {metadata(method data for {method} {0x000002272b454f60} 'valueOf' '(Ljava/lang/Object;)Ljava/lang/String;' in 'java/lang/String')}
  0x0000022706585fe8: 0000 0048 | be70 180a | 6c27 0200 | 00ff 8630 

  0x0000022706585ff8: ;   {oop("null"{0x000000040080a550})}
  0x0000022706585ff8: 0100 0048 | be50 a580 | 0004 0000 | 00e9 e500 | 0000 483b | 0648 8bfe 

  0x0000022706586010: ;   {metadata(method data for {method} {0x000002272b454f60} 'valueOf' '(Ljava/lang/Object;)Ljava/lang/String;' in 'java/lang/String')}
  0x0000022706586010: 48bb 7018 | 0a6c 2702 | 0000 8b7f | 0849 ba00 | 0000 2b27 | 0200 0049 | 03fa 483b | bb58 0100 
  0x0000022706586030: 0075 0d48 | 8383 6001 | 0000 01e9 | 6000 0000 | 483b bb68 | 0100 0075 | 0d48 8383 | 7001 0000 
  0x0000022706586050: 01e9 4a00 | 0000 4883 | bb58 0100 | 0000 7517 | 4889 bb58 | 0100 0048 | c783 6001 | 0000 0100 
  0x0000022706586070: 0000 e929 | 0000 0048 | 83bb 6801 | 0000 0075 | 1748 89bb | 6801 0000 | 48c7 8370 | 0100 0001 
  0x0000022706586090: 0000 00e9 | 0800 0000 | 4883 8348 | 0100 0001 

  0x00000227065860a0: ;   {metadata(method data for {method} {0x000002276d577390} 'toString' '()Ljava/lang/String;' in 'org/eclipse/jdt/internal/core/index/IndexLocation')}
  0x00000227065860a0: 48bf 00a0 | 856e 2702 | 0000 8b9f | cc00 0000 | 83c3 0289 | 9fcc 0000 | 0081 e3fe | ff1f 0085 
  0x00000227065860c0: db0f 84c2 | 0f00 008b | 7610 48c1 | e603 488b | d60f 1f40 | 0048 b8ff | ffff ffff 

  0x00000227065860dc: ;   {virtual_call}
  0x00000227065860dc: ffff ffe8 

  0x00000227065860e0: ; ImmutableOopMap {[136]=Oop [344]=Oop [360]=Oop [368]=Oop [376]=Oop [456]=Oop }
                      ;*invokevirtual toString {reexecute=0 rethrow=0 return_oop=0}
                      ; - org.eclipse.jdt.internal.core.index.IndexLocation::toString@4 (line 153)
                      ; - java.lang.String::valueOf@11
                      ; - org.eclipse.jdt.internal.core.index.DiskIndex::readCategoryTable@527 (line 735)
  0x00000227065860e0: 9c92 5405 

  0x00000227065860e4: ;   {other}
  0x00000227065860e4: 0f1f 8400 | d426 0021 | 488b f090 

  0x00000227065860f0: ;   {no_reloc}
  0x00000227065860f0: e9c4 0f00 | 0090 9090 | 9090 488b 

  0x00000227065860fc: ;   {static_call}
  0x00000227065860fc: d666 90e8 

  0x0000022706586100: ; ImmutableOopMap {[136]=Oop [344]=Oop [360]=Oop [368]=Oop [376]=Oop [456]=Oop }
                      ;*invokedynamic {reexecute=0 rethrow=0 return_oop=0}
                      ; - org.eclipse.jdt.internal.core.index.DiskIndex::readCategoryTable@530 (line 735)
  0x0000022706586100: 7c97 5405 

  0x0000022706586104: ;   {other}
  0x0000022706586104: 0f1f 8400 | f426 0022 

  0x000002270658610c: ;   {metadata(method data for {method} {0x000002276e7966e8} 'readCategoryTable' '([CZ)Lorg/eclipse/jdt/internal/compiler/util/HashtableOfObject;' in 'org/eclipse/jdt/internal/core/index/DiskIndex')}
  0x000002270658610c: 49b8 0000 | e76f 2702 | 0000 4d8d | 8090 0a00 | 0048 85c0 | 750b 41f6 | 0001 7505 | f049 8308 
  0x000002270658612c: 014c 8bc0 | 4c8b 8c24 | 5801 0000 | 488b 9424 | 7801 0000 | 0f1f 4400 | 0048 b8ff | ffff ffff 
  0x000002270658614c: ;   {virtual_call}
  0x000002270658614c: ffff ffe8 

  0x0000022706586150: ; ImmutableOopMap {[136]=Oop [360]=Oop [368]=Oop [456]=Oop }
                      ;*invokeinterface warn {reexecute=0 rethrow=0 return_oop=0}
                      ; - org.eclipse.jdt.internal.core.index.DiskIndex::readCategoryTable@537 (line 735)
  0x0000022706586150: 2c92 5405 

  0x0000022706586154: ;   {other}
  0x0000022706586154: 0f1f 8400 | 4427 0023 | 488b 9424 | 8800 0000 | 8b72 3448 | c1e6 0348 | 3b06 488b 

  0x0000022706586170: ;   {metadata(method data for {method} {0x000002276e7966e8} 'readCategoryTable' '([CZ)Lorg/eclipse/jdt/internal/compiler/util/HashtableOfObject;' in 'org/eclipse/jdt/internal/core/index/DiskIndex')}
  0x0000022706586170: fe48 bb00 | 00e7 6f27 

  0x0000022706586178: ;   {metadata('org/eclipse/jdt/internal/core/index/FileIndexLocation')}
  0x0000022706586178: 0200 0049 | bad8 bc2c | 2c27 0200 | 004c 8993 | e80a 0000 | 4883 83f0 | 0a00 0001 

  0x0000022706586194: ;   {metadata(method data for {method} {0x000002276d577cc0} 'delete' '()Z' in 'org/eclipse/jdt/internal/core/index/FileIndexLocation')}
  0x0000022706586194: 48bf 403d | e16f 2702 | 0000 8b9f | cc00 0000 | 83c3 0289 | 9fcc 0000 | 0081 e3fe | ff1f 0085 
  0x00000227065861b4: db0f 840d | 0f00 008b | 7618 48c1 | e603 483b | 0648 8bfe 

  0x00000227065861c8: ;   {metadata(method data for {method} {0x000002276d577cc0} 'delete' '()Z' in 'org/eclipse/jdt/internal/core/index/FileIndexLocation')}
  0x00000227065861c8: 48bb 403d | e16f 2702 

  0x00000227065861d0: ;   {metadata('java/io/File')}
  0x00000227065861d0: 0000 49ba | 10f6 042b | 2702 0000 | 4c89 9320 | 0100 0048 | 8383 2801 | 0000 0148 

  0x00000227065861ec: ;   {optimized virtual_call}
  0x00000227065861ec: 8bd6 90e8 

  0x00000227065861f0: ; ImmutableOopMap {[136]=Oop [360]=Oop [368]=Oop [456]=Oop }
                      ;*invokevirtual delete {reexecute=0 rethrow=0 return_oop=0}
                      ; - org.eclipse.jdt.internal.core.index.FileIndexLocation::delete@4 (line 57)
                      ; - org.eclipse.jdt.internal.core.index.DiskIndex::readCategoryTable@546 (line 738)
  0x00000227065861f0: 8c8c 5405 

  0x00000227065861f4: ;   {other}
  0x00000227065861f4: 0f1f 8400 | e427 0024 | 8bbc 2460 | 0100 008b | 9c24 6401 | 0000 488b | 8424 6801 | 0000 488b 
  0x0000022706586214: b424 7001 | 0000 4885 

  0x000002270658621c: ;   {metadata(method data for {method} {0x000002276e7966e8} 'readCategoryTable' '([CZ)Lorg/eclipse/jdt/internal/compiler/util/HashtableOfObject;' in 'org/eclipse/jdt/internal/core/index/DiskIndex')}
  0x000002270658621c: c048 ba00 | 00e7 6f27 | 0200 0048 | c7c1 200b | 0000 7507 | 48c7 c110 | 0b00 004c | 8b04 0a4d 
  0x000002270658623c: 8d40 014c | 8904 0a0f | 850d 0000 | 0048 8b94 | 2488 0000 | 00e9 b606 | 0000 85db 

  0x0000022706586258: ;   {metadata(method data for {method} {0x000002276e7966e8} 'readCategoryTable' '([CZ)Lorg/eclipse/jdt/internal/compiler/util/HashtableOfObject;' in 'org/eclipse/jdt/internal/core/index/DiskIndex')}
  0x0000022706586258: 48ba 0000 | e76f 2702 | 0000 48c7 | c140 0b00 | 007f 0748 | c7c1 300b | 0000 4c8b | 040a 4d8d 
  0x0000022706586278: 4001 4c89 | 040a 0f8f | 0d00 0000 | 488b 9424 | 8800 0000 | e97b 0600 | 0089 bc24 | 8001 0000 
  0x0000022706586298: 899c 2484 | 0100 0048 | 8984 2488 | 0100 0048 | 89b4 2490 | 0100 0048 | 8b94 2488 | 0000 008b 
  0x00000227065862b8: 4a34 48c1 | e103 483b | 014c 8bc1 

  0x00000227065862c4: ;   {metadata(method data for {method} {0x000002276e7966e8} 'readCategoryTable' '([CZ)Lorg/eclipse/jdt/internal/compiler/util/HashtableOfObject;' in 'org/eclipse/jdt/internal/core/index/DiskIndex')}
  0x00000227065862c4: 49b9 0000 | e76f 2702 | 0000 458b | 4008 49ba | 0000 002b | 2702 0000 | 4d03 c24d | 3b81 600b 
  0x00000227065862e4: 0000 750d | 4983 8168 | 0b00 0001 | e960 0000 | 004d 3b81 | 700b 0000 | 750d 4983 | 8178 0b00 
  0x0000022706586304: 0001 e94a | 0000 0049 | 83b9 600b | 0000 0075 | 174d 8981 | 600b 0000 | 49c7 8168 | 0b00 0001 
  0x0000022706586324: 0000 00e9 | 2900 0000 | 4983 b970 | 0b00 0000 | 7517 4d89 | 8170 0b00 | 0049 c781 | 780b 0000 
  0x0000022706586344: 0100 0000 | e908 0000 | 0049 8381 | 500b 0000 | 0148 8bd1 | 0f1f 4400 | 0048 b8ff | ffff ffff 
  0x0000022706586364: ;   {virtual_call}
  0x0000022706586364: ffff ffe8 

  0x0000022706586368: ; ImmutableOopMap {[136]=Oop [392]=Oop [400]=Oop [456]=Oop }
                      ;*invokevirtual getInputStream {reexecute=0 rethrow=0 return_oop=0}
                      ; - org.eclipse.jdt.internal.core.index.DiskIndex::readCategoryTable@570 (line 742)
  0x0000022706586368: 1490 5405 

  0x000002270658636c: ;   {other}
  0x000002270658636c: 0f1f 8400 | 5c29 0025 | 4889 8424 | 9801 0000 | 8bbc 2480 | 0100 0048 | 3b00 4c8b 

  0x0000022706586388: ;   {metadata(method data for {method} {0x000002276e7966e8} 'readCategoryTable' '([CZ)Lorg/eclipse/jdt/internal/compiler/util/HashtableOfObject;' in 'org/eclipse/jdt/internal/core/index/DiskIndex')}
  0x0000022706586388: c048 be00 | 00e7 6f27 | 0200 0045 | 8b40 0849 | ba00 0000 | 2b27 0200 | 004d 03c2 | 4c3b 8698 
  0x00000227065863a8: 0b00 0075 | 0d48 8386 | a00b 0000 | 01e9 6000 | 0000 4c3b | 86a8 0b00 | 0075 0d48 | 8386 b00b 
  0x00000227065863c8: 0000 01e9 | 4a00 0000 | 4883 be98 | 0b00 0000 | 7517 4c89 | 8698 0b00 | 0048 c786 | a00b 0000 
  0x00000227065863e8: 0100 0000 | e929 0000 | 0048 83be | a80b 0000 | 0075 174c | 8986 a80b | 0000 48c7 | 86b0 0b00 
  0x0000022706586408: 0001 0000 | 00e9 0800 | 0000 4883 | 8688 0b00 | 0001 4863 | ff4c 8bc7 | 488b d066 | 9048 b8ff 
  0x0000022706586428: ffff ffff 

  0x000002270658642c: ;   {virtual_call}
  0x000002270658642c: ffff ffe8 

  0x0000022706586430: ; ImmutableOopMap {[136]=Oop [392]=Oop [400]=Oop [408]=Oop [456]=Oop }
                      ;*invokevirtual skip {reexecute=0 rethrow=0 return_oop=0}
                      ; - org.eclipse.jdt.internal.core.index.DiskIndex::readCategoryTable@580 (line 743)
  0x0000022706586430: 4c8f 5405 

  0x0000022706586434: ;   {other}
  0x0000022706586434: 0f1f 8400 | 242a 0026 | 488b 9424 | 8800 0000 | c742 2400 | 0000 0044 | 8b42 5049 | c1e0 0341 
  0x0000022706586454: 8b78 0c48 | 8b84 2498 

  0x000002270658645c: ;   {metadata(method data for {method} {0x000002276e7966e8} 'readCategoryTable' '([CZ)Lorg/eclipse/jdt/internal/compiler/util/HashtableOfObject;' in 'org/eclipse/jdt/internal/core/index/DiskIndex')}
  0x000002270658645c: 0100 0049 | b900 00e7 | 6f27 0200 | 008b 4008 | 49ba 0000 | 002b 2702 | 0000 4903 | c249 3b81 
  0x000002270658647c: d00b 0000 | 750d 4983 | 81d8 0b00 | 0001 e960 | 0000 0049 | 3b81 e00b | 0000 750d | 4983 81e8 
  0x000002270658649c: 0b00 0001 | e94a 0000 | 0049 83b9 | d00b 0000 | 0075 1749 | 8981 d00b | 0000 49c7 | 81d8 0b00 
  0x00000227065864bc: 0001 0000 | 00e9 2900 | 0000 4983 | b9e0 0b00 | 0000 7517 | 4989 81e0 | 0b00 0049 | c781 e80b 
  0x00000227065864dc: 0000 0100 | 0000 e908 | 0000 0049 | 8381 c00b | 0000 0141 | b900 0000 | 0048 8b94 | 2498 0100 
  0x00000227065864fc: 0048 b8ff | ffff ffff 

  0x0000022706586504: ;   {virtual_call}
  0x0000022706586504: ffff ffe8 

  0x0000022706586508: ; ImmutableOopMap {[136]=Oop [392]=Oop [400]=Oop [408]=Oop [456]=Oop }
                      ;*invokevirtual read {reexecute=0 rethrow=0 return_oop=0}
                      ; - org.eclipse.jdt.internal.core.index.DiskIndex::readCategoryTable@602 (line 745)
  0x0000022706586508: 748e 5405 

  0x000002270658650c: ;   {other}
  0x000002270658650c: 0f1f 8400 | fc2a 0027 | 488b 9424 | 8800 0000 

  0x000002270658651c: ;   {metadata(method data for {method} {0x000002276e7966e8} 'readCategoryTable' '([CZ)Lorg/eclipse/jdt/internal/compiler/util/HashtableOfObject;' in 'org/eclipse/jdt/internal/core/index/DiskIndex')}
  0x000002270658651c: 8942 2849 | b800 00e7 | 6f27 0200 | 0041 ff80 | f80b 0000 | be00 0000 | 0048 8bbc | 2498 0100 
  0x000002270658653c: 008b 9c24 | 8401 0000 | 488b 8424 | 8801 0000 | e91b 0100 | 000f 1f80 | 0000 0000 | 899c 2484 
  0x000002270658655c: 0100 003b | 700c 0f83 | 9f0b 0000 | 4c63 c646 | 8b4c 8010 | 49c1 e103 

  0x0000022706586574: ;   {metadata(method data for {method} {0x000002276e7966e8} 'readCategoryTable' '([CZ)Lorg/eclipse/jdt/internal/compiler/util/HashtableOfObject;' in 'org/eclipse/jdt/internal/core/index/DiskIndex')}
  0x0000022706586574: 4c8b c249 | bb00 00e7 | 6f27 0200 | 0049 8383 | 100c 0000 | 014c 8bc7 | 4c8b da49 | 8bd3 4889 
  0x0000022706586594: 8424 8801 | 0000 89b4 | 24a8 0100 | 004c 898c | 24a0 0100 | 0066 0f1f 

  0x00000227065865ac: ;   {optimized virtual_call}
  0x00000227065865ac: 4400 00e8 

  0x00000227065865b0: ; ImmutableOopMap {[136]=Oop [392]=Oop [400]=Oop [408]=Oop [416]=Oop [456]=Oop }
                      ;*invokevirtual readStreamInt {reexecute=0 rethrow=0 return_oop=0}
                      ; - org.eclipse.jdt.internal.core.index.DiskIndex::readCategoryTable@627 (line 747)
  0x00000227065865b0: cc88 5405 

  0x00000227065865b4: ;   {other}
  0x00000227065865b4: 0f1f 8400 | a42b 0028 | 488b 9424 | 8800 0000 

  0x00000227065865c4: ;   {metadata(method data for {method} {0x000002276e7966e8} 'readCategoryTable' '([CZ)Lorg/eclipse/jdt/internal/compiler/util/HashtableOfObject;' in 'org/eclipse/jdt/internal/core/index/DiskIndex')}
  0x00000227065865c4: 49b8 0000 | e76f 2702 | 0000 4983 | 8048 0c00 | 0001 4c8b | 8424 9801 | 0000 4c8b | c848 8b94 
  0x00000227065865e4: 2488 0000 | 0066 0f1f 

  0x00000227065865ec: ;   {optimized virtual_call}
  0x00000227065865ec: 4400 00e8 

  0x00000227065865f0: ; ImmutableOopMap {[136]=Oop [392]=Oop [400]=Oop [408]=Oop [416]=Oop [456]=Oop }
                      ;*invokevirtual readStreamDocumentArray {reexecute=0 rethrow=0 return_oop=0}
                      ; - org.eclipse.jdt.internal.core.index.DiskIndex::readCategoryTable@630 (line 747)
  0x00000227065865f0: 8c88 5405 

  0x00000227065865f4: ;   {other}
  0x00000227065865f4: 0f1f 8400 | e42b 0029 | 488b b424 | 9001 0000 

  0x0000022706586604: ; implicit exception: dispatches to 0x0000022706587115
  0x0000022706586604: 483b 064c 

  0x0000022706586608: ;   {metadata(method data for {method} {0x000002276e7966e8} 'readCategoryTable' '([CZ)Lorg/eclipse/jdt/internal/compiler/util/HashtableOfObject;' in 'org/eclipse/jdt/internal/core/index/DiskIndex')}
  0x0000022706586608: 8bc6 49b9 | 0000 e76f | 2702 0000 | 4983 8180 | 0c00 0001 | 4c8b 8424 | a001 0000 | 4c8b c848 
  0x0000022706586628: 8bd6 4889 | b424 9001 | 0000 0f1f 

  0x0000022706586634: ;   {optimized virtual_call}
  0x0000022706586634: 4400 00e8 

  0x0000022706586638: ; ImmutableOopMap {[136]=Oop [392]=Oop [400]=Oop [408]=Oop [456]=Oop }
                      ;*invokevirtual put {reexecute=0 rethrow=0 return_oop=0}
                      ; - org.eclipse.jdt.internal.core.index.DiskIndex::readCategoryTable@633 (line 747)
  0x0000022706586638: 4488 5405 

  0x000002270658663c: ;   {other}
  0x000002270658663c: 0f1f 8400 | 2c2c 002a | 8bb4 24a8 | 0100 00ff | c648 8bbc | 2498 0100 | 008b 9c24 | 8401 0000 
  0x000002270658665c: 488b 8424 | 8801 0000 | 488b 9424 | 8800 0000 | 3bf3 41b8 | 0200 0000 | 7c06 41b8 | 0000 0000 
  0x000002270658667c: ;   {metadata(method data for {method} {0x000002276e7966e8} 'readCategoryTable' '([CZ)Lorg/eclipse/jdt/internal/compiler/util/HashtableOfObject;' in 'org/eclipse/jdt/internal/core/index/DiskIndex')}
  0x000002270658667c: 49b9 0000 | e76f 2702 | 0000 458b | 99d0 0000 | 0045 03d8 | 4589 99d0 | 0000 0045 | 85c0 7506 
  0x000002270658669c: 41bb 0200 | 0000 4181 | e3fe 3f00 | 0045 85db | 0f84 680a | 0000 4d8b | 9758 0400 

  0x00000227065866b8: ; ImmutableOopMap {rdx=Oop rax=Oop rdi=Oop [136]=Oop [400]=Oop [408]=Oop [456]=Oop }
                      ;*if_icmplt {reexecute=1 rethrow=0 return_oop=0}
                      ; - (reexecute) org.eclipse.jdt.internal.core.index.DiskIndex::readCategoryTable@644 (line 746)
                      ;   {poll}
  0x00000227065866b8: 0041 8502 

  0x00000227065866bc: ;   {metadata(method data for {method} {0x000002276e7966e8} 'readCategoryTable' '([CZ)Lorg/eclipse/jdt/internal/compiler/util/HashtableOfObject;' in 'org/eclipse/jdt/internal/core/index/DiskIndex')}
  0x00000227065866bc: 3bf3 49b8 | 0000 e76f | 2702 0000 | 49c7 c1b8 | 0c00 007c | 0749 c7c1 | c80c 0000 | 4f8b 1c08 
  0x00000227065866dc: 4d8d 5b01 | 4f89 1c08 | 0f8c 6efe | ffff 488b | f748 85f6 

  0x00000227065866f0: ;   {metadata(method data for {method} {0x000002276e7966e8} 'readCategoryTable' '([CZ)Lorg/eclipse/jdt/internal/compiler/util/HashtableOfObject;' in 'org/eclipse/jdt/internal/core/index/DiskIndex')}
  0x00000227065866f0: 48ba 0000 | e76f 2702 | 0000 48c7 | c7d8 0c00 | 0074 0748 | c7c7 e80c | 0000 488b | 1c3a 488d 
  0x0000022706586710: 5b01 4889 | 1c3a 0f84 | 1f01 0000 

  0x000002270658671c: ;   {metadata(method data for {method} {0x000002276e7966e8} 'readCategoryTable' '([CZ)Lorg/eclipse/jdt/internal/compiler/util/HashtableOfObject;' in 'org/eclipse/jdt/internal/core/index/DiskIndex')}
  0x000002270658671c: 488b c648 | ba00 00e7 | 6f27 0200 | 008b 4008 | 49ba 0000 | 002b 2702 | 0000 4903 | c248 3b82 
  0x000002270658673c: 080d 0000 | 750d 4883 | 8210 0d00 | 0001 e960 | 0000 0048 | 3b82 180d | 0000 750d | 4883 8220 
  0x000002270658675c: 0d00 0001 | e94a 0000 | 0048 83ba | 080d 0000 | 0075 1748 | 8982 080d | 0000 48c7 | 8210 0d00 
  0x000002270658677c: 0001 0000 | 00e9 2900 | 0000 4883 | ba18 0d00 | 0000 7517 | 4889 8218 | 0d00 0048 | c782 200d 
  0x000002270658679c: 0000 0100 | 0000 e908 | 0000 0048 | 8382 f80c | 0000 0148 | 8bd6 6666 | 9048 b8ff | ffff ffff 
  0x00000227065867bc: ;   {virtual_call}
  0x00000227065867bc: ffff ffe8 

  0x00000227065867c0: ; ImmutableOopMap {[136]=Oop [400]=Oop [456]=Oop }
                      ;*invokevirtual close {reexecute=0 rethrow=0 return_oop=0}
                      ; - org.eclipse.jdt.internal.core.index.DiskIndex::readCategoryTable@654 (line 749)
  0x00000227065867c0: bc8b 5405 

  0x00000227065867c4: ;   {other}
  0x00000227065867c4: 0f1f 8400 | b42d 002c 

  0x00000227065867cc: ;   {metadata(method data for {method} {0x000002276e7966e8} 'readCategoryTable' '([CZ)Lorg/eclipse/jdt/internal/compiler/util/HashtableOfObject;' in 'org/eclipse/jdt/internal/core/index/DiskIndex')}
  0x00000227065867cc: 48b8 0000 | e76f 2702 | 0000 ff80 | 300d 0000 | e95a 0000 | 0048 8bb4 | 2498 0100 | 0049 8b87 
  0x00000227065867ec: 0005 0000 | 4d33 d24d | 8997 0005 | 0000 4d33 | d24d 8997 | 0805 0000 

  0x0000022706586804: ;   {metadata(method data for {method} {0x000002276e7966e8} 'readCategoryTable' '([CZ)Lorg/eclipse/jdt/internal/compiler/util/HashtableOfObject;' in 'org/eclipse/jdt/internal/core/index/DiskIndex')}
  0x0000022706586804: 4885 f648 | ba00 00e7 | 6f27 0200 | 0048 c7c7 | 580d 0000 | 7507 48c7 | c748 0d00 | 0048 8b1c 
  0x0000022706586824: 3a48 8d5b | 0148 891c | 3a0f 8530 | 0100 004c | 8bc0 e9e9 | 0100 0048 | 8b94 2488 | 0000 008b 
  0x0000022706586844: 4234 48c1 | e003 483b 

  0x000002270658684c: ;   {metadata(method data for {method} {0x000002276e7966e8} 'readCategoryTable' '([CZ)Lorg/eclipse/jdt/internal/compiler/util/HashtableOfObject;' in 'org/eclipse/jdt/internal/core/index/DiskIndex')}
  0x000002270658684c: 0048 be00 | 00e7 6f27 | 0200 008b | 4008 49ba | 0000 002b | 2702 0000 | 4903 c248 | 3b86 780e 
  0x000002270658686c: 0000 750d | 4883 8680 | 0e00 0001 | e960 0000 | 0048 3b86 | 880e 0000 | 750d 4883 | 8690 0e00 
  0x000002270658688c: 0001 e94a | 0000 0048 | 83be 780e | 0000 0075 | 1748 8986 | 780e 0000 | 48c7 8680 | 0e00 0001 
  0x00000227065868ac: 0000 00e9 | 2900 0000 | 4883 be88 | 0e00 0000 | 7517 4889 | 8688 0e00 | 0048 c786 | 900e 0000 
  0x00000227065868cc: 0100 0000 | e908 0000 | 0048 8386 | 680e 0000 

  0x00000227065868dc: ;   {metadata(method data for {method} {0x000002276d576b10} 'close' '()V' in 'org/eclipse/jdt/internal/core/index/IndexLocation')}
  0x00000227065868dc: 0148 b868 | 36ae 6f27 | 0200 008b | b0cc 0000 | 0083 c602 | 89b0 cc00 | 0000 81e6 | feff 1f00 
  0x00000227065868fc: 85f6 0f84 | 3c08 0000 | 488b b424 | 9001 0000 | 410f be47 | 4085 c00f | 8548 0800 | 00c7 4250 
  0x000002270658691c: 0000 0000 | 488d 8424 | c001 0000 | 488b 1048 | 85d2 0f84 | 0f00 0000 | 488b 7808 | f048 0fb1 
  0x000002270658693c: 170f 853d | 0800 0049 | ff8f 5005 | 0000 488b | c648 81c4 | e001 0000 

  0x0000022706586954: ;   {poll_return}
  0x0000022706586954: 5d49 3ba7 | 5004 0000 | 0f87 3408 | 0000 c348 | 8984 24b0 | 0100 0048 | 3b06 488b 

  0x0000022706586970: ;   {metadata(method data for {method} {0x000002276e7966e8} 'readCategoryTable' '([CZ)Lorg/eclipse/jdt/internal/compiler/util/HashtableOfObject;' in 'org/eclipse/jdt/internal/core/index/DiskIndex')}
  0x0000022706586970: fe48 bb00 | 00e7 6f27 | 0200 008b | 7f08 49ba | 0000 002b | 2702 0000 | 4903 fa48 | 3bbb 780d 
  0x0000022706586990: 0000 750d | 4883 8380 | 0d00 0001 | e960 0000 | 0048 3bbb | 880d 0000 | 750d 4883 | 8390 0d00 
  0x00000227065869b0: 0001 e94a | 0000 0048 | 83bb 780d | 0000 0075 | 1748 89bb | 780d 0000 | 48c7 8380 | 0d00 0001 
  0x00000227065869d0: 0000 00e9 | 2900 0000 | 4883 bb88 | 0d00 0000 | 7517 4889 | bb88 0d00 | 0048 c783 | 900d 0000 
  0x00000227065869f0: 0100 0000 | e908 0000 | 0048 8383 | 680d 0000 | 0148 8bd6 | 9048 b8ff | ffff ffff 

  0x0000022706586a0c: ;   {virtual_call}
  0x0000022706586a0c: ffff ffe8 

  0x0000022706586a10: ; ImmutableOopMap {[136]=Oop [432]=Oop [456]=Oop }
                      ;*invokevirtual close {reexecute=0 rethrow=0 return_oop=0}
                      ; - org.eclipse.jdt.internal.core.index.DiskIndex::readCategoryTable@669 (line 749)
  0x0000022706586a10: 6c89 5405 

  0x0000022706586a14: ;   {other}
  0x0000022706586a14: 0f1f 8400 | 0430 002d | 4c8b 8424 | b001 0000 

  0x0000022706586a24: ; ImmutableOopMap {r8=Oop rax=Oop [136]=Oop [456]=Oop }
                      ;*athrow {reexecute=1 rethrow=0 return_oop=0}
                      ; - (reexecute) org.eclipse.jdt.internal.core.index.DiskIndex::readCategoryTable@674 (line 749)
                      ;   {section_word}
  0x0000022706586a24: 498b c048 | ba27 6a58 | 0627 0200 

  0x0000022706586a30: ;   {runtime_call handle_exception_nofpu Runtime1 stub}
  0x0000022706586a30: 00e8 4a21 | 6105 9049 | 8b87 0005 | 0000 4d33 | d24d 8997 | 0005 0000 | 4d33 d24d | 8997 0805 
  0x0000022706586a50: 0000 4885 

  0x0000022706586a54: ;   {metadata(method data for {method} {0x000002276e7966e8} 'readCategoryTable' '([CZ)Lorg/eclipse/jdt/internal/compiler/util/HashtableOfObject;' in 'org/eclipse/jdt/internal/core/index/DiskIndex')}
  0x0000022706586a54: f649 b800 | 00e7 6f27 | 0200 0048 | c7c2 b00d | 0000 7407 | 48c7 c2a0 | 0d00 0049 | 8b3c 1048 
  0x0000022706586a74: 8d7f 0149 | 893c 100f | 8470 0000 | 0048 3bf0 

  0x0000022706586a84: ;   {metadata(method data for {method} {0x000002276e7966e8} 'readCategoryTable' '([CZ)Lorg/eclipse/jdt/internal/compiler/util/HashtableOfObject;' in 'org/eclipse/jdt/internal/core/index/DiskIndex')}
  0x0000022706586a84: 49b8 0000 | e76f 2702 | 0000 48c7 | c2d8 0d00 | 0074 0748 | c7c2 e80d | 0000 498b | 3c10 488d 
  0x0000022706586aa4: 7f01 4989 | 3c10 0f84 | 5400 0000 

  0x0000022706586ab0: ; implicit exception: dispatches to 0x00000227065871b1
  0x0000022706586ab0: 483b 064c 

  0x0000022706586ab4: ;   {metadata(method data for {method} {0x000002276e7966e8} 'readCategoryTable' '([CZ)Lorg/eclipse/jdt/internal/compiler/util/HashtableOfObject;' in 'org/eclipse/jdt/internal/core/index/DiskIndex')}
  0x0000022706586ab4: 8bc6 48ba | 0000 e76f | 2702 0000 | 4883 82f8 | 0d00 0001 | 4c8b c048 | 8bd6 4889 | b424 b801 
  0x0000022706586ad4: ;   {optimized virtual_call}
  0x0000022706586ad4: 0000 90e8 

  0x0000022706586ad8: ; ImmutableOopMap {[136]=Oop [440]=Oop [456]=Oop }
                      ;*invokevirtual addSuppressed {reexecute=0 rethrow=0 return_oop=0}
                      ; - org.eclipse.jdt.internal.core.index.DiskIndex::readCategoryTable@700 (line 749)
  0x0000022706586ad8: a483 5405 

  0x0000022706586adc: ;   {other}
  0x0000022706586adc: 0f1f 8400 | cc30 002f | 488b b424 | b801 0000 | e913 0000 

  0x0000022706586af0: ;   {metadata(method data for {method} {0x000002276e7966e8} 'readCategoryTable' '([CZ)Lorg/eclipse/jdt/internal/compiler/util/HashtableOfObject;' in 'org/eclipse/jdt/internal/core/index/DiskIndex')}
  0x0000022706586af0: 0048 ba00 | 00e7 6f27 | 0200 00ff | 82c0 0d00 | 0048 8bf0 

  0x0000022706586b04: ; implicit exception: dispatches to 0x00000227065871b6
  0x0000022706586b04: 483b 0648 

  0x0000022706586b08: ; ImmutableOopMap {rax=Oop [136]=Oop [456]=Oop }
                      ;*athrow {reexecute=1 rethrow=0 return_oop=0}
                      ; - (reexecute) org.eclipse.jdt.internal.core.index.DiskIndex::readCategoryTable@705 (line 749)
                      ;   {section_word}
  0x0000022706586b08: 8bc6 48ba | 0a6b 5806 | 2702 0000 

  0x0000022706586b14: ;   {runtime_call handle_exception_nofpu Runtime1 stub}
  0x0000022706586b14: e867 2061 | 0590 488b | b424 8800 | 0000 498b | 8700 0500 | 004d 33d2 | 4d89 9700 | 0500 004d 
  0x0000022706586b34: 33d2 4d89 | 9708 0500 | 0041 0fbe | 5740 85d2 | 0f85 7106 | 0000 c746 | 5000 0000 

  0x0000022706586b50: ; ImmutableOopMap {rsi=Oop rax=Oop [136]=Oop [456]=Oop }
                      ;*athrow {reexecute=1 rethrow=0 return_oop=0}
                      ; - (reexecute) org.eclipse.jdt.internal.core.index.DiskIndex::readCategoryTable@715 (line 751)
                      ;   {section_word}
  0x0000022706586b50: 0048 ba51 | 6b58 0627 

  0x0000022706586b58: ;   {runtime_call handle_exception_nofpu Runtime1 stub}
  0x0000022706586b58: 0200 00e8 | 2020 6105 | 9048 8bb4 | 2488 0000 | 0049 8b87 | 0005 0000 | 4d33 d24d | 8997 0005 
  0x0000022706586b78: 0000 4d33 | d24d 8997 | 0805 0000 | 8b76 3448 | c1e6 0348 

  0x0000022706586b8c: ;   {metadata(method data for {method} {0x000002276e7966e8} 'readCategoryTable' '([CZ)Lorg/eclipse/jdt/internal/compiler/util/HashtableOfObject;' in 'org/eclipse/jdt/internal/core/index/DiskIndex')}
  0x0000022706586b8c: 3b06 48bf | 0000 e76f | 2702 0000 | 8b76 0849 | ba00 0000 | 2b27 0200 | 0049 03f2 | 483b b740 
  0x0000022706586bac: 0e00 0075 | 0d48 8387 | 480e 0000 | 01e9 6000 | 0000 483b | b750 0e00 | 0075 0d48 | 8387 580e 
  0x0000022706586bcc: 0000 01e9 | 4a00 0000 | 4883 bf40 | 0e00 0000 | 7517 4889 | b740 0e00 | 0048 c787 | 480e 0000 
  0x0000022706586bec: 0100 0000 | e929 0000 | 0048 83bf | 500e 0000 | 0075 1748 | 89b7 500e | 0000 48c7 | 8758 0e00 
  0x0000022706586c0c: 0001 0000 | 00e9 0800 | 0000 4883 | 8730 0e00 

  0x0000022706586c1c: ;   {metadata(method data for {method} {0x000002276d576b10} 'close' '()V' in 'org/eclipse/jdt/internal/core/index/IndexLocation')}
  0x0000022706586c1c: 0001 48be | 6836 ae6f | 2702 0000 | 8bbe cc00 | 0000 83c7 | 0289 becc | 0000 0081 | e7fe ff1f 
  0x0000022706586c3c: 0085 ff0f | 849a 0500 | 00e9 1a11 | 0000 4889 | 5424 0848 

  0x0000022706586c50: ;   {runtime_call monitorenter_nofpu Runtime1 stub}
  0x0000022706586c50: 8934 24e8 

  0x0000022706586c54: ; ImmutableOopMap {rdx=Oop r8=Oop [136]=Oop [456]=Oop }
                      ;*synchronization entry
                      ; - org.eclipse.jdt.internal.core.index.DiskIndex::readCategoryTable@-1 (line 660)
  0x0000022706586c54: a838 6105 | e98c d4ff 

  0x0000022706586c5c: ;   {metadata({method} {0x000002276e7966e8} 'readCategoryTable' '([CZ)Lorg/eclipse/jdt/internal/compiler/util/HashtableOfObject;' in 'org/eclipse/jdt/internal/core/index/DiskIndex')}
  0x0000022706586c5c: ff49 bae0 | 6679 6e27 | 0200 004c | 8954 2408 | 48c7 0424 | ffff ffff 

  0x0000022706586c74: ;   {runtime_call counter_overflow Runtime1 stub}
  0x0000022706586c74: e887 6261 

  0x0000022706586c78: ; ImmutableOopMap {rdx=Oop r8=Oop [136]=Oop [456]=Oop }
                      ;*synchronization entry
                      ; - org.eclipse.jdt.internal.core.index.DiskIndex::readCategoryTable@-1 (line 660)
  0x0000022706586c78: 05e9 92d4 

  0x0000022706586c7c: ;   {runtime_call throw_null_pointer_exception Runtime1 stub}
  0x0000022706586c7c: ffff e81d 

  0x0000022706586c80: ; ImmutableOopMap {rdx=Oop r8=Oop rsi=Oop [136]=Oop [456]=Oop }
                      ;*invokevirtual get {reexecute=0 rethrow=0 return_oop=0}
                      ; - org.eclipse.jdt.internal.core.index.DiskIndex::readCategoryTable@5 (line 660)
  0x0000022706586c80: 0061 0548 

  0x0000022706586c84: ;   {runtime_call fast_new_instance Runtime1 stub}
  0x0000022706586c84: 8bd2 e8f5 

  0x0000022706586c88: ; ImmutableOopMap {[136]=Oop [144]=Oop [456]=Oop }
                      ;*new {reexecute=0 rethrow=0 return_oop=0}
                      ; - org.eclipse.jdt.internal.core.index.DiskIndex::readCategoryTable@26 (line 666)
  0x0000022706586c88: 0a61 05e9 | 8ed5 ffff | 448b 4248 | 49c1 e003 | 4983 f800 | 0f84 c8d5 | ffff 4c89 

  0x0000022706586ca4: ;   {runtime_call g1_pre_barrier_slow}
  0x0000022706586ca4: 0424 e855 | 6961 05e9 | bad5 ffff | 4883 f800 | 0f84 d7d5 | ffff 4889 

  0x0000022706586cbc: ;   {runtime_call g1_post_barrier_slow}
  0x0000022706586cbc: 1424 e83d | 7161 05e9 | c9d5 ffff 

  0x0000022706586cc8: ;   {runtime_call throw_null_pointer_exception Runtime1 stub}
  0x0000022706586cc8: e8d3 ff60 

  0x0000022706586ccc: ; ImmutableOopMap {rsi=Oop [136]=Oop [144]=Oop [456]=Oop }
                      ;*invokevirtual get {reexecute=0 rethrow=0 return_oop=0}
                      ; - org.eclipse.jdt.internal.core.index.DiskIndex::readCategoryTable@45 (line 668)
  0x0000022706586ccc: 0548 8904 

  0x0000022706586cd0: ;   {runtime_call throw_class_cast_exception Runtime1 stub}
  0x0000022706586cd0: 24e8 ca2b 

  0x0000022706586cd4: ; ImmutableOopMap {[136]=Oop [144]=Oop [456]=Oop }
                      ;*checkcast {reexecute=0 rethrow=0 return_oop=0}
                      ; - org.eclipse.jdt.internal.core.index.DiskIndex::readCategoryTable@48 (line 668)
                      ;   {runtime_call new_type_array Runtime1 stub}
  0x0000022706586cd4: 6105 e8a5 

  0x0000022706586cd8: ; ImmutableOopMap {r8=Oop [136]=Oop [144]=Oop [456]=Oop }
                      ;*newarray {reexecute=0 rethrow=0 return_oop=0}
                      ; - org.eclipse.jdt.internal.core.index.DiskIndex::readCategoryTable@134 (line 684)
  0x0000022706586cd8: 1261 05e9 | c1d7 ffff | 418b 5050 | 48c1 e203 | 4883 fa00 | 0f84 bcd7 | ffff 4889 

  0x0000022706586cf4: ;   {runtime_call g1_pre_barrier_slow}
  0x0000022706586cf4: 1424 e805 | 6961 05e9 | aed7 ffff | 4883 f800 | 0f84 c3d7 | ffff 4c89 

  0x0000022706586d0c: ;   {runtime_call g1_post_barrier_slow}
  0x0000022706586d0c: 0424 e8ed | 7061 05e9 | b5d7 ffff 

  0x0000022706586d18: ;   {runtime_call throw_null_pointer_exception Runtime1 stub}
  0x0000022706586d18: e883 ff60 

  0x0000022706586d1c: ; ImmutableOopMap {r8=Oop rdx=Oop [136]=Oop [144]=Oop [456]=Oop }
                      ;*invokevirtual getInputStream {reexecute=0 rethrow=0 return_oop=0}
                      ; - org.eclipse.jdt.internal.core.index.DiskIndex::readCategoryTable@149 (line 686)
                      ;   {runtime_call throw_null_pointer_exception Runtime1 stub}
  0x0000022706586d1c: 05e8 7eff 

  0x0000022706586d20: ; ImmutableOopMap {rax=Oop [136]=Oop [144]=Oop [168]=Oop [456]=Oop }
                      ;*invokevirtual skip {reexecute=0 rethrow=0 return_oop=0}
                      ; - org.eclipse.jdt.internal.core.index.DiskIndex::readCategoryTable@158 (line 687)
                      ;   {runtime_call throw_null_pointer_exception Runtime1 stub}
  0x0000022706586d20: 6005 e879 

  0x0000022706586d24: ; ImmutableOopMap {rdx=Oop r8=Oop [136]=Oop [144]=Oop [168]=Oop [456]=Oop }
                      ;*arraylength {reexecute=0 rethrow=0 return_oop=0}
                      ; - org.eclipse.jdt.internal.core.index.DiskIndex::readCategoryTable@179 (line 689)
  0x0000022706586d24: ff60 0548 

  0x0000022706586d28: ;   {runtime_call fast_new_instance Runtime1 stub}
  0x0000022706586d28: 8bd2 e851 

  0x0000022706586d2c: ; ImmutableOopMap {[136]=Oop [144]=Oop [168]=Oop [456]=Oop }
                      ;*new {reexecute=0 rethrow=0 return_oop=0}
                      ; - org.eclipse.jdt.internal.core.index.DiskIndex::readCategoryTable@194 (line 692)
  0x0000022706586d2c: 0a61 05e9 | 8eda ffff 

  0x0000022706586d34: ;   {metadata({method} {0x000002276e7966e8} 'readCategoryTable' '([CZ)Lorg/eclipse/jdt/internal/compiler/util/HashtableOfObject;' in 'org/eclipse/jdt/internal/core/index/DiskIndex')}
  0x0000022706586d34: 49ba e066 | 796e 2702 | 0000 4c89 | 5424 0848 | c704 2483 

  0x0000022706586d48: ;   {runtime_call counter_overflow Runtime1 stub}
  0x0000022706586d48: 0100 00e8 

  0x0000022706586d4c: ; ImmutableOopMap {rdx=Oop [136]=Oop [144]=Oop [168]=Oop [184]=Oop [200]=Oop [456]=Oop }
                      ;*if_icmplt {reexecute=1 rethrow=0 return_oop=0}
                      ; - (reexecute) org.eclipse.jdt.internal.core.index.DiskIndex::readCategoryTable@387 (line 701)
  0x0000022706586d4c: b061 6105 | e945 dbff 

  0x0000022706586d54: ;   {runtime_call new_type_array Runtime1 stub}
  0x0000022706586d54: ffe8 2612 

  0x0000022706586d58: ; ImmutableOopMap {[136]=Oop [144]=Oop [168]=Oop [184]=Oop [200]=Oop [208]=Oop [456]=Oop }
                      ;*newarray {reexecute=0 rethrow=0 return_oop=0}
                      ; - org.eclipse.jdt.internal.core.index.DiskIndex::readCategoryTable@286 (line 709)
  0x0000022706586d58: 6105 e9ad 

  0x0000022706586d5c: ;   {runtime_call new_object_array Runtime1 stub}
  0x0000022706586d5c: dcff ffe8 

  0x0000022706586d60: ; ImmutableOopMap {r11=Oop [136]=Oop [144]=Oop [168]=Oop [184]=Oop [208]=Oop [456]=Oop }
                      ;*anewarray {reexecute=0 rethrow=0 return_oop=0}
                      ; - org.eclipse.jdt.internal.core.index.DiskIndex::readCategoryTable@344 (line 716)
  0x0000022706586d60: 1c16 6105 | e94a dfff 

  0x0000022706586d68: ;   {runtime_call throw_null_pointer_exception Runtime1 stub}
  0x0000022706586d68: ffe8 32ff 

  0x0000022706586d6c: ; ImmutableOopMap {rax=Oop r11=Oop [136]=Oop [144]=Oop [168]=Oop [184]=Oop [456]=Oop }
                      ;*aastore {reexecute=1 rethrow=0 return_oop=0}
                      ; - (reexecute) org.eclipse.jdt.internal.core.index.DiskIndex::readCategoryTable@367 (line 719)
                      ;   {runtime_call throw_null_pointer_exception Runtime1 stub}
  0x0000022706586d6c: 6005 e82d 

  0x0000022706586d70: ; ImmutableOopMap {rax=Oop r11=Oop [136]=Oop [144]=Oop [168]=Oop [184]=Oop [456]=Oop }
                      ;*aastore {reexecute=1 rethrow=0 return_oop=0}
                      ; - (reexecute) org.eclipse.jdt.internal.core.index.DiskIndex::readCategoryTable@367 (line 719)
  0x0000022706586d70: ff60 0548 | 891c 2448 | 8944 2408 

  0x0000022706586d7c: ;   {runtime_call throw_range_check_failed Runtime1 stub}
  0x0000022706586d7c: e81f f660 

  0x0000022706586d80: ; ImmutableOopMap {rax=Oop r11=Oop [136]=Oop [144]=Oop [168]=Oop [184]=Oop [456]=Oop }
                      ;*aastore {reexecute=1 rethrow=0 return_oop=0}
                      ; - (reexecute) org.eclipse.jdt.internal.core.index.DiskIndex::readCategoryTable@367 (line 719)
                      ;   {runtime_call throw_null_pointer_exception Runtime1 stub}
  0x0000022706586d80: 05e8 1aff 

  0x0000022706586d84: ; ImmutableOopMap {rax=Oop r11=Oop [136]=Oop [144]=Oop [168]=Oop [184]=Oop [456]=Oop }
                      ;*aastore {reexecute=1 rethrow=0 return_oop=0}
                      ; - (reexecute) org.eclipse.jdt.internal.core.index.DiskIndex::readCategoryTable@367 (line 719)
  0x0000022706586d84: 6005 4c89 

  0x0000022706586d88: ;   {runtime_call throw_array_store_exception Runtime1 stub}
  0x0000022706586d88: 1c24 e811 

  0x0000022706586d8c: ; ImmutableOopMap {rax=Oop r11=Oop [136]=Oop [144]=Oop [168]=Oop [184]=Oop [456]=Oop }
                      ;*aastore {reexecute=1 rethrow=0 return_oop=0}
                      ; - (reexecute) org.eclipse.jdt.internal.core.index.DiskIndex::readCategoryTable@367 (line 719)
  0x0000022706586d8c: 2861 058b | 0e48 c1e1 | 0348 83f9 | 000f 849a | e0ff ff48 

  0x0000022706586da0: ;   {runtime_call g1_pre_barrier_slow}
  0x0000022706586da0: 890c 24e8 | 5868 6105 | e98c e0ff | ff49 83fb | 000f 84a0 | e0ff ff48 

  0x0000022706586db8: ;   {runtime_call g1_post_barrier_slow}
  0x0000022706586db8: 8934 24e8 | 4070 6105 | e992 e0ff 

  0x0000022706586dc4: ;   {metadata({method} {0x000002272b4163b0} 'valueOf' '(I)Ljava/lang/Integer;' in 'java/lang/Integer')}
  0x0000022706586dc4: ff49 baa8 | 6341 2b27 | 0200 004c | 8954 2408 | 48c7 0424 | ffff ffff 

  0x0000022706586ddc: ;   {runtime_call counter_overflow Runtime1 stub}
  0x0000022706586ddc: e81f 6161 

  0x0000022706586de0: ; ImmutableOopMap {r11=Oop rax=Oop [136]=Oop [144]=Oop [168]=Oop [184]=Oop [456]=Oop }
                      ;*synchronization entry
                      ; - java.lang.Integer::valueOf@-1
                      ; - org.eclipse.jdt.internal.core.index.DiskIndex::readCategoryTable@374 (line 721)
  0x0000022706586de0: 05e9 ade0 | ffff 488b 

  0x0000022706586de8: ;   {runtime_call fast_new_instance Runtime1 stub}
  0x0000022706586de8: d2e8 9209 

  0x0000022706586dec: ; ImmutableOopMap {r11=Oop [136]=Oop [144]=Oop [168]=Oop [184]=Oop [224]=Oop [456]=Oop }
                      ;*new {reexecute=0 rethrow=0 return_oop=0}
                      ; - java.lang.Integer::valueOf@23
                      ; - org.eclipse.jdt.internal.core.index.DiskIndex::readCategoryTable@374 (line 721)
  0x0000022706586dec: 6105 e95b 

  0x0000022706586df0: ;   {metadata({method} {0x000002272b416b40} '<init>' '(I)V' in 'java/lang/Integer')}
  0x0000022706586df0: e1ff ff49 | ba38 6b41 | 2b27 0200 | 004c 8954 | 2408 48c7 | 0424 ffff 

  0x0000022706586e08: ;   {runtime_call counter_overflow Runtime1 stub}
  0x0000022706586e08: ffff e8f1 

  0x0000022706586e0c: ; ImmutableOopMap {r11=Oop rax=Oop [136]=Oop [144]=Oop [168]=Oop [184]=Oop [224]=Oop [456]=Oop }
                      ;*synchronization entry
                      ; - java.lang.Integer::<init>@-1
                      ; - java.lang.Integer::valueOf@28
                      ; - org.eclipse.jdt.internal.core.index.DiskIndex::readCategoryTable@374 (line 721)
  0x0000022706586e0c: 6061 05e9 | 76e1 ffff 

  0x0000022706586e14: ;   {metadata({method} {0x000002272b4176e8} '<init>' '()V' in 'java/lang/Number')}
  0x0000022706586e14: 49ba e076 | 412b 2702 | 0000 4c89 | 5424 0848 | c704 24ff 

  0x0000022706586e28: ;   {runtime_call counter_overflow Runtime1 stub}
  0x0000022706586e28: ffff ffe8 

  0x0000022706586e2c: ; ImmutableOopMap {r11=Oop rax=Oop [136]=Oop [144]=Oop [168]=Oop [184]=Oop [224]=Oop [456]=Oop }
                      ;*synchronization entry
                      ; - java.lang.Number::<init>@-1
                      ; - java.lang.Integer::<init>@1
                      ; - java.lang.Integer::valueOf@28
                      ; - org.eclipse.jdt.internal.core.index.DiskIndex::readCategoryTable@374 (line 721)
  0x0000022706586e2c: d060 6105 | e991 e1ff 

  0x0000022706586e34: ;   {metadata({method} {0x000002272b474aa8} '<init>' '()V' in 'java/lang/Object')}
  0x0000022706586e34: ff49 baa0 | 4a47 2b27 | 0200 004c | 8954 2408 | 48c7 0424 | ffff ffff 

  0x0000022706586e4c: ;   {runtime_call counter_overflow Runtime1 stub}
  0x0000022706586e4c: e8af 6061 

  0x0000022706586e50: ; ImmutableOopMap {r11=Oop rax=Oop [136]=Oop [144]=Oop [168]=Oop [184]=Oop [224]=Oop [456]=Oop }
                      ;*synchronization entry
                      ; - java.lang.Object::<init>@-1
                      ; - java.lang.Number::<init>@1
                      ; - java.lang.Integer::<init>@1
                      ; - java.lang.Integer::valueOf@28
                      ; - org.eclipse.jdt.internal.core.index.DiskIndex::readCategoryTable@374 (line 721)
  0x0000022706586e50: 05e9 ace1 

  0x0000022706586e54: ;   {runtime_call throw_null_pointer_exception Runtime1 stub}
  0x0000022706586e54: ffff e845 

  0x0000022706586e58: ; ImmutableOopMap {r11=Oop [136]=Oop [144]=Oop [168]=Oop [184]=Oop [224]=Oop [456]=Oop }
                      ;*aaload {reexecute=0 rethrow=0 return_oop=0}
                      ; - java.lang.Integer::valueOf@21
                      ; - org.eclipse.jdt.internal.core.index.DiskIndex::readCategoryTable@374 (line 721)
                      ;   {runtime_call throw_null_pointer_exception Runtime1 stub}
  0x0000022706586e58: fe60 05e8 

  0x0000022706586e5c: ; ImmutableOopMap {rax=Oop rcx=Oop [136]=Oop [144]=Oop [168]=Oop [184]=Oop [200]=Oop [456]=Oop }
                      ;*invokevirtual put {reexecute=0 rethrow=0 return_oop=0}
                      ; - org.eclipse.jdt.internal.core.index.DiskIndex::readCategoryTable@403 (line 724)
  0x0000022706586e5c: 40fe 6005 | 8b72 4c48 | c1e6 0348 | 83fe 000f | 844c e3ff | ff48 8934 

  0x0000022706586e74: ;   {runtime_call g1_pre_barrier_slow}
  0x0000022706586e74: 24e8 8667 | 6105 e93e | e3ff ff49 | 83f8 000f | 8453 e3ff | ff48 8914 

  0x0000022706586e8c: ;   {runtime_call g1_post_barrier_slow}
  0x0000022706586e8c: 24e8 6e6f | 6105 e945 

  0x0000022706586e94: ;   {runtime_call throw_null_pointer_exception Runtime1 stub}
  0x0000022706586e94: e3ff ffe8 

  0x0000022706586e98: ; ImmutableOopMap {rdx=Oop r8=Oop [136]=Oop [184]=Oop [200]=Oop [456]=Oop }
                      ;*invokevirtual close {reexecute=0 rethrow=0 return_oop=0}
                      ; - org.eclipse.jdt.internal.core.index.DiskIndex::readCategoryTable@512 (line 732)
  0x0000022706586e98: 04fe 6005 

  0x0000022706586e9c: ;   {metadata({method} {0x000002276d576b10} 'close' '()V' in 'org/eclipse/jdt/internal/core/index/IndexLocation')}
  0x0000022706586e9c: 49ba 086b | 576d 2702 | 0000 4c89 | 5424 0848 | c704 24ff 

  0x0000022706586eb0: ;   {runtime_call counter_overflow Runtime1 stub}
  0x0000022706586eb0: ffff ffe8 

  0x0000022706586eb4: ; ImmutableOopMap {rdx=Oop [136]=Oop [184]=Oop [200]=Oop [456]=Oop }
                      ;*synchronization entry
                      ; - org.eclipse.jdt.internal.core.index.IndexLocation::close@-1 (line 101)
                      ; - org.eclipse.jdt.internal.core.index.DiskIndex::readCategoryTable@512 (line 732)
  0x0000022706586eb4: 4860 6105 | e9e5 e4ff 

  0x0000022706586ebc: ;   {runtime_call throw_null_pointer_exception Runtime1 stub}
  0x0000022706586ebc: ffe8 defd 

  0x0000022706586ec0: ; ImmutableOopMap {rsi=Oop rdx=Oop [136]=Oop [256]=Oop [456]=Oop }
                      ;*getfield valueTable {reexecute=1 rethrow=0 return_oop=0}
                      ; - (reexecute) org.eclipse.jdt.internal.core.index.DiskIndex::readCategoryTable@64 (line 671)
                      ;   {runtime_call throw_null_pointer_exception Runtime1 stub}
  0x0000022706586ec0: 6005 e8d9 

  0x0000022706586ec4: ; ImmutableOopMap {rsi=Oop rdx=Oop rdi=Oop [136]=Oop [240]=Oop [256]=Oop [456]=Oop }
                      ;*arraylength {reexecute=0 rethrow=0 return_oop=0}
                      ; - org.eclipse.jdt.internal.core.index.DiskIndex::readCategoryTable@74 (line 672)
                      ;   {runtime_call throw_null_pointer_exception Runtime1 stub}
  0x0000022706586ec4: fd60 05e8 

  0x0000022706586ec8: ; ImmutableOopMap {rax=Oop rdi=Oop [136]=Oop [240]=Oop [256]=Oop [456]=Oop }
                      ;*aastore {reexecute=1 rethrow=0 return_oop=0}
                      ; - (reexecute) org.eclipse.jdt.internal.core.index.DiskIndex::readCategoryTable@104 (line 674)
  0x0000022706586ec8: d4fd 6005 | 4889 0424 

  0x0000022706586ed0: ;   {runtime_call throw_array_store_exception Runtime1 stub}
  0x0000022706586ed0: e8cb 2661 

  0x0000022706586ed4: ; ImmutableOopMap {rax=Oop rdi=Oop [136]=Oop [240]=Oop [256]=Oop [456]=Oop }
                      ;*aastore {reexecute=1 rethrow=0 return_oop=0}
                      ; - (reexecute) org.eclipse.jdt.internal.core.index.DiskIndex::readCategoryTable@104 (line 674)
  0x0000022706586ed4: 058b 1e48 | c1e3 0348 | 83fb 000f | 841e e8ff | ff48 891c 

  0x0000022706586ee8: ;   {runtime_call g1_pre_barrier_slow}
  0x0000022706586ee8: 24e8 1267 | 6105 e910 | e8ff ff48 | 83f8 000f | 8424 e8ff | ff48 8934 

  0x0000022706586f00: ;   {runtime_call g1_post_barrier_slow}
  0x0000022706586f00: 24e8 fa6e | 6105 e916 

  0x0000022706586f08: ;   {metadata({method} {0x000002276e7966e8} 'readCategoryTable' '([CZ)Lorg/eclipse/jdt/internal/compiler/util/HashtableOfObject;' in 'org/eclipse/jdt/internal/core/index/DiskIndex')}
  0x0000022706586f08: e8ff ff49 | bae0 6679 | 6e27 0200 | 004c 8954 | 2408 48c7 | 0424 7000 

  0x0000022706586f20: ;   {runtime_call counter_overflow Runtime1 stub}
  0x0000022706586f20: 0000 e8d9 

  0x0000022706586f24: ; ImmutableOopMap {rdx=Oop rdi=Oop [136]=Oop [240]=Oop [256]=Oop [456]=Oop }
                      ;*if_icmplt {reexecute=1 rethrow=0 return_oop=0}
                      ; - (reexecute) org.eclipse.jdt.internal.core.index.DiskIndex::readCategoryTable@112 (line 672)
  0x0000022706586f24: 5f61 05e9 | 55e8 ffff 

  0x0000022706586f2c: ;   {metadata({method} {0x000002272b454f60} 'valueOf' '(Ljava/lang/Object;)Ljava/lang/String;' in 'java/lang/String')}
  0x0000022706586f2c: 49ba 584f | 452b 2702 | 0000 4c89 | 5424 0848 | c704 24ff 

  0x0000022706586f40: ;   {runtime_call counter_overflow Runtime1 stub}
  0x0000022706586f40: ffff ffe8 

  0x0000022706586f44: ; ImmutableOopMap {rsi=Oop rdx=Oop rax=Oop rdi=Oop [136]=Oop [168]=Oop [264]=Oop [456]=Oop }
                      ;*synchronization entry
                      ; - java.lang.String::valueOf@-1
                      ; - org.eclipse.jdt.internal.core.index.DiskIndex::readCategoryTable@214 (line 694)
  0x0000022706586f44: b85f 6105 | e9ec e8ff 

  0x0000022706586f4c: ;   {runtime_call throw_null_pointer_exception Runtime1 stub}
  0x0000022706586f4c: ffe8 4efd 

  0x0000022706586f50: ; ImmutableOopMap {rdi=Oop [136]=Oop [168]=Oop [264]=Oop [456]=Oop }
                      ;*invokevirtual toString {reexecute=0 rethrow=0 return_oop=0}
                      ; - java.lang.String::valueOf@11
                      ; - org.eclipse.jdt.internal.core.index.DiskIndex::readCategoryTable@214 (line 694)
                      ;   {metadata({method} {0x000002276d577390} 'toString' '()Ljava/lang/String;' in 'org/eclipse/jdt/internal/core/index/IndexLocation')}
  0x0000022706586f50: 6005 49ba | 8873 576d | 2702 0000 | 4c89 5424 | 0848 c704 | 24ff ffff 

  0x0000022706586f68: ;   {runtime_call counter_overflow Runtime1 stub}
  0x0000022706586f68: ffe8 925f 

  0x0000022706586f6c: ; ImmutableOopMap {rdi=Oop [136]=Oop [168]=Oop [264]=Oop [456]=Oop }
                      ;*synchronization entry
                      ; - org.eclipse.jdt.internal.core.index.IndexLocation::toString@-1 (line 153)
                      ; - java.lang.String::valueOf@11
                      ; - org.eclipse.jdt.internal.core.index.DiskIndex::readCategoryTable@214 (line 694)
  0x0000022706586f6c: 6105 e9d1 | e9ff ff48 | 8d84 24c0 | 0100 0048 

  0x0000022706586f7c: ;   {runtime_call monitorexit_nofpu Runtime1 stub}
  0x0000022706586f7c: 8904 24e8 | fc3b 6105 | e915 eaff 

  0x0000022706586f88: ;   {internal_word}
  0x0000022706586f88: ff49 baa9 | 5958 0627 | 0200 004d | 8997 6804 

  0x0000022706586f98: ;   {runtime_call SafepointBlob}
  0x0000022706586f98: 0000 e9e1 | f954 0548 | 8d84 24c0 | 0100 0048 

  0x0000022706586fa8: ;   {runtime_call monitorexit_nofpu Runtime1 stub}
  0x0000022706586fa8: 8904 24e8 | d03b 6105 | e92c eaff 

  0x0000022706586fb4: ;   {internal_word}
  0x0000022706586fb4: ff49 baf3 | 5958 0627 | 0200 004d | 8997 6804 

  0x0000022706586fc4: ;   {runtime_call SafepointBlob}
  0x0000022706586fc4: 0000 e9b5 | f954 0548 | bb00 0000 | 0000 0000 | 00b8 000f 

  0x0000022706586fd8: ;   {runtime_call load_appendix_patching Runtime1 stub}
  0x0000022706586fd8: 050a e8a1 

  0x0000022706586fdc: ; ImmutableOopMap {rdi=Oop [136]=Oop [168]=Oop [264]=Oop [456]=Oop }
                      ;*invokedynamic {reexecute=1 rethrow=0 return_oop=0}
                      ; - (reexecute) org.eclipse.jdt.internal.core.index.DiskIndex::readCategoryTable@220 (line 694)
  0x0000022706586fdc: 5561 05e9 | 2cea ffff 

  0x0000022706586fe4: ;   {metadata(nullptr)}
  0x0000022706586fe4: 48ba 0000 | 0000 0000 | 0000 b800 

  0x0000022706586ff0: ;   {runtime_call load_klass_patching Runtime1 stub}
  0x0000022706586ff0: 0f05 0ae8 

  0x0000022706586ff4: ; ImmutableOopMap {r8=Oop [136]=Oop [168]=Oop [264]=Oop [456]=Oop }
                      ;*new {reexecute=1 rethrow=0 return_oop=0}
                      ; - (reexecute) org.eclipse.jdt.internal.core.index.DiskIndex::readCategoryTable@227 (line 696)
  0x0000022706586ff4: 8848 6105 | e95b eaff 

  0x0000022706586ffc: ;   {runtime_call throw_null_pointer_exception Runtime1 stub}
  0x0000022706586ffc: ffe8 9efc 

  0x0000022706587000: ; ImmutableOopMap {r8=Oop [136]=Oop [168]=Oop [264]=Oop [456]=Oop }
                      ;*new {reexecute=0 rethrow=0 return_oop=0}
                      ; - org.eclipse.jdt.internal.core.index.DiskIndex::readCategoryTable@227 (line 696)
  0x0000022706587000: 6005 488b 

  0x0000022706587004: ;   {runtime_call fast_new_instance_init_check Runtime1 stub}
  0x0000022706587004: d2e8 760b 

  0x0000022706587008: ; ImmutableOopMap {r8=Oop [136]=Oop [168]=Oop [264]=Oop [456]=Oop }
                      ;*new {reexecute=0 rethrow=0 return_oop=0}
                      ; - org.eclipse.jdt.internal.core.index.DiskIndex::readCategoryTable@227 (line 696)
  0x0000022706587008: 6105 e9ae 

  0x000002270658700c: ;   {runtime_call throw_null_pointer_exception Runtime1 stub}
  0x000002270658700c: eaff ffe8 

  0x0000022706587010: ; ImmutableOopMap {rdx=Oop [136]=Oop [168]=Oop [280]=Oop [288]=Oop [296]=Oop [456]=Oop }
                      ;*invokevirtual close {reexecute=0 rethrow=0 return_oop=0}
                      ; - org.eclipse.jdt.internal.core.index.DiskIndex::readCategoryTable@449 (line 728)
  0x0000022706587010: 8cfc 6005 

  0x0000022706587014: ;   {runtime_call throw_null_pointer_exception Runtime1 stub}
  0x0000022706587014: e887 fc60 

  0x0000022706587018: ; ImmutableOopMap {r9=Oop rax=Oop [136]=Oop [320]=Oop [328]=Oop [456]=Oop }
                      ;*invokevirtual addSuppressed {reexecute=0 rethrow=0 return_oop=0}
                      ; - org.eclipse.jdt.internal.core.index.DiskIndex::readCategoryTable@480 (line 728)
                      ;   {runtime_call throw_null_pointer_exception Runtime1 stub}
  0x0000022706587018: 05e8 82fc 

  0x000002270658701c: ; ImmutableOopMap {r9=Oop [136]=Oop [320]=Oop [328]=Oop [456]=Oop }
                      ;*athrow {reexecute=1 rethrow=0 return_oop=0}
                      ; - (reexecute) org.eclipse.jdt.internal.core.index.DiskIndex::readCategoryTable@485 (line 728)
  0x000002270658701c: 6005 8b72 | 5048 c1e6 | 0348 83fe | 000f 84f3 | edff ff48 

  0x0000022706587030: ;   {runtime_call g1_pre_barrier_slow}
  0x0000022706587030: 8934 24e8 | c865 6105 | e9e5 edff 

  0x000002270658703c: ;   {runtime_call throw_null_pointer_exception Runtime1 stub}
  0x000002270658703c: ffe8 5efc 

  0x0000022706587040: ; ImmutableOopMap {r8=Oop rcx=Oop rsi=Oop rax=Oop rdx=Oop [136]=Oop [456]=Oop }
                      ;*invokevirtual close {reexecute=0 rethrow=0 return_oop=0}
                      ; - org.eclipse.jdt.internal.core.index.DiskIndex::readCategoryTable@502 (line 732)
                      ;   {metadata({method} {0x000002276d576b10} 'close' '()V' in 'org/eclipse/jdt/internal/core/index/IndexLocation')}
  0x0000022706587040: 6005 49ba | 086b 576d | 2702 0000 | 4c89 5424 | 0848 c704 | 24ff ffff 

  0x0000022706587058: ;   {runtime_call counter_overflow Runtime1 stub}
  0x0000022706587058: ffe8 a25e 

  0x000002270658705c: ; ImmutableOopMap {r8=Oop rcx=Oop rsi=Oop rax=Oop [136]=Oop [456]=Oop }
                      ;*synchronization entry
                      ; - org.eclipse.jdt.internal.core.index.IndexLocation::close@-1 (line 101)
                      ; - org.eclipse.jdt.internal.core.index.DiskIndex::readCategoryTable@502 (line 732)
  0x000002270658705c: 6105 e9c2 

  0x0000022706587060: ;   {metadata({method} {0x000002272b454f60} 'valueOf' '(Ljava/lang/Object;)Ljava/lang/String;' in 'java/lang/String')}
  0x0000022706587060: eeff ff49 | ba58 4f45 | 2b27 0200 | 004c 8954 | 2408 48c7 | 0424 ffff 

  0x0000022706587078: ;   {runtime_call counter_overflow Runtime1 stub}
  0x0000022706587078: ffff e881 

  0x000002270658707c: ; ImmutableOopMap {rax=Oop rdx=Oop rsi=Oop [136]=Oop [344]=Oop [360]=Oop [368]=Oop [376]=Oop [456]=Oop }
                      ;*synchronization entry
                      ; - java.lang.String::valueOf@-1
                      ; - org.eclipse.jdt.internal.core.index.DiskIndex::readCategoryTable@527 (line 735)
  0x000002270658707c: 5e61 05e9 | 38ef ffff 

  0x0000022706587084: ;   {runtime_call throw_null_pointer_exception Runtime1 stub}
  0x0000022706587084: e817 fc60 

  0x0000022706587088: ; ImmutableOopMap {rsi=Oop [136]=Oop [344]=Oop [360]=Oop [368]=Oop [376]=Oop [456]=Oop }
                      ;*invokevirtual toString {reexecute=0 rethrow=0 return_oop=0}
                      ; - java.lang.String::valueOf@11
                      ; - org.eclipse.jdt.internal.core.index.DiskIndex::readCategoryTable@527 (line 735)
                      ;   {metadata({method} {0x000002276d577390} 'toString' '()Ljava/lang/String;' in 'org/eclipse/jdt/internal/core/index/IndexLocation')}
  0x0000022706587088: 0549 ba88 | 7357 6d27 | 0200 004c | 8954 2408 | 48c7 0424 | ffff ffff 

  0x00000227065870a0: ;   {runtime_call counter_overflow Runtime1 stub}
  0x00000227065870a0: e85b 5e61 

  0x00000227065870a4: ; ImmutableOopMap {rsi=Oop [136]=Oop [344]=Oop [360]=Oop [368]=Oop [376]=Oop [456]=Oop }
                      ;*synchronization entry
                      ; - org.eclipse.jdt.internal.core.index.IndexLocation::toString@-1 (line 153)
                      ; - java.lang.String::valueOf@11
                      ; - org.eclipse.jdt.internal.core.index.DiskIndex::readCategoryTable@527 (line 735)
  0x00000227065870a4: 05e9 1df0 | ffff 49b8 | 0000 0000 | 0000 0000 | b800 0f05 

  0x00000227065870b8: ;   {runtime_call load_appendix_patching Runtime1 stub}
  0x00000227065870b8: 0ae8 c254 

  0x00000227065870bc: ; ImmutableOopMap {rsi=Oop [136]=Oop [344]=Oop [360]=Oop [368]=Oop [376]=Oop [456]=Oop }
                      ;*invokedynamic {reexecute=1 rethrow=0 return_oop=0}
                      ; - (reexecute) org.eclipse.jdt.internal.core.index.DiskIndex::readCategoryTable@530 (line 735)
  0x00000227065870bc: 6105 e92d 

  0x00000227065870c0: ;   {runtime_call throw_null_pointer_exception Runtime1 stub}
  0x00000227065870c0: f0ff ffe8 

  0x00000227065870c4: ; ImmutableOopMap {rdx=Oop rsi=Oop [136]=Oop [360]=Oop [368]=Oop [456]=Oop }
                      ;*invokevirtual delete {reexecute=0 rethrow=0 return_oop=0}
                      ; - org.eclipse.jdt.internal.core.index.DiskIndex::readCategoryTable@546 (line 738)
  0x00000227065870c4: d8fb 6005 

  0x00000227065870c8: ;   {metadata({method} {0x000002276d577cc0} 'delete' '()Z' in 'org/eclipse/jdt/internal/core/index/FileIndexLocation')}
  0x00000227065870c8: 49ba b87c | 576d 2702 | 0000 4c89 | 5424 0848 | c704 24ff 

  0x00000227065870dc: ;   {runtime_call counter_overflow Runtime1 stub}
  0x00000227065870dc: ffff ffe8 

  0x00000227065870e0: ; ImmutableOopMap {rdx=Oop rsi=Oop [136]=Oop [360]=Oop [368]=Oop [456]=Oop }
                      ;*synchronization entry
                      ; - org.eclipse.jdt.internal.core.index.FileIndexLocation::delete@-1 (line 57)
                      ; - org.eclipse.jdt.internal.core.index.DiskIndex::readCategoryTable@546 (line 738)
  0x00000227065870e0: 1c5e 6105 | e9d2 f0ff 

  0x00000227065870e8: ;   {runtime_call throw_null_pointer_exception Runtime1 stub}
  0x00000227065870e8: ffe8 b2fb 

  0x00000227065870ec: ; ImmutableOopMap {rdx=Oop rsi=Oop [136]=Oop [360]=Oop [368]=Oop [456]=Oop }
                      ;*invokevirtual delete {reexecute=0 rethrow=0 return_oop=0}
                      ; - org.eclipse.jdt.internal.core.index.FileIndexLocation::delete@4 (line 57)
                      ; - org.eclipse.jdt.internal.core.index.DiskIndex::readCategoryTable@546 (line 738)
                      ;   {runtime_call throw_null_pointer_exception Runtime1 stub}
  0x00000227065870ec: 6005 e8ad 

  0x00000227065870f0: ; ImmutableOopMap {rdx=Oop rcx=Oop [136]=Oop [392]=Oop [400]=Oop [456]=Oop }
                      ;*invokevirtual getInputStream {reexecute=0 rethrow=0 return_oop=0}
                      ; - org.eclipse.jdt.internal.core.index.DiskIndex::readCategoryTable@570 (line 742)
                      ;   {runtime_call throw_null_pointer_exception Runtime1 stub}
  0x00000227065870f0: fb60 05e8 

  0x00000227065870f4: ; ImmutableOopMap {rax=Oop [136]=Oop [392]=Oop [400]=Oop [408]=Oop [456]=Oop }
                      ;*invokevirtual skip {reexecute=0 rethrow=0 return_oop=0}
                      ; - org.eclipse.jdt.internal.core.index.DiskIndex::readCategoryTable@580 (line 743)
  0x00000227065870f4: a8fb 6005 

  0x00000227065870f8: ;   {runtime_call throw_null_pointer_exception Runtime1 stub}
  0x00000227065870f8: e8a3 fb60 

  0x00000227065870fc: ; ImmutableOopMap {rdx=Oop r8=Oop [136]=Oop [392]=Oop [400]=Oop [408]=Oop [456]=Oop }
                      ;*arraylength {reexecute=0 rethrow=0 return_oop=0}
                      ; - org.eclipse.jdt.internal.core.index.DiskIndex::readCategoryTable@601 (line 745)
                      ;   {runtime_call throw_null_pointer_exception Runtime1 stub}
  0x00000227065870fc: 05e8 9efb 

  0x0000022706587100: ; ImmutableOopMap {rdx=Oop rax=Oop rdi=Oop [136]=Oop [400]=Oop [408]=Oop [456]=Oop }
                      ;*aaload {reexecute=0 rethrow=0 return_oop=0}
                      ; - org.eclipse.jdt.internal.core.index.DiskIndex::readCategoryTable@620 (line 747)
                      ;   {runtime_call throw_null_pointer_exception Runtime1 stub}
  0x0000022706587100: 6005 e899 

  0x0000022706587104: ; ImmutableOopMap {rdx=Oop rax=Oop rdi=Oop [136]=Oop [400]=Oop [408]=Oop [456]=Oop }
                      ;*aaload {reexecute=0 rethrow=0 return_oop=0}
                      ; - org.eclipse.jdt.internal.core.index.DiskIndex::readCategoryTable@620 (line 747)
  0x0000022706587104: fb60 0548 | 8934 2448 | 8944 2408 

  0x0000022706587110: ;   {runtime_call throw_range_check_failed Runtime1 stub}
  0x0000022706587110: e88b f260 

  0x0000022706587114: ; ImmutableOopMap {rdx=Oop rax=Oop rdi=Oop [136]=Oop [400]=Oop [408]=Oop [456]=Oop }
                      ;*aaload {reexecute=0 rethrow=0 return_oop=0}
                      ; - org.eclipse.jdt.internal.core.index.DiskIndex::readCategoryTable@620 (line 747)
                      ;   {runtime_call throw_null_pointer_exception Runtime1 stub}
  0x0000022706587114: 05e8 86fb 

  0x0000022706587118: ; ImmutableOopMap {rax=Oop rsi=Oop [136]=Oop [392]=Oop [408]=Oop [416]=Oop [456]=Oop }
                      ;*invokevirtual put {reexecute=0 rethrow=0 return_oop=0}
                      ; - org.eclipse.jdt.internal.core.index.DiskIndex::readCategoryTable@633 (line 747)
                      ;   {metadata({method} {0x000002276e7966e8} 'readCategoryTable' '([CZ)Lorg/eclipse/jdt/internal/compiler/util/HashtableOfObject;' in 'org/eclipse/jdt/internal/core/index/DiskIndex')}
  0x0000022706587118: 6005 49ba | e066 796e | 2702 0000 | 4c89 5424 | 0848 c704 | 2484 0200 

  0x0000022706587130: ;   {runtime_call counter_overflow Runtime1 stub}
  0x0000022706587130: 00e8 ca5d 

  0x0000022706587134: ; ImmutableOopMap {rdx=Oop rax=Oop rdi=Oop [136]=Oop [400]=Oop [408]=Oop [456]=Oop }
                      ;*if_icmplt {reexecute=1 rethrow=0 return_oop=0}
                      ; - (reexecute) org.eclipse.jdt.internal.core.index.DiskIndex::readCategoryTable@644 (line 746)
  0x0000022706587134: 6105 e977 

  0x0000022706587138: ;   {runtime_call throw_null_pointer_exception Runtime1 stub}
  0x0000022706587138: f5ff ffe8 

  0x000002270658713c: ; ImmutableOopMap {rdx=Oop rax=Oop [136]=Oop [400]=Oop [456]=Oop }
                      ;*invokevirtual close {reexecute=0 rethrow=0 return_oop=0}
                      ; - org.eclipse.jdt.internal.core.index.DiskIndex::readCategoryTable@732 (line 753)
  0x000002270658713c: 60fb 6005 

  0x0000022706587140: ;   {metadata({method} {0x000002276d576b10} 'close' '()V' in 'org/eclipse/jdt/internal/core/index/IndexLocation')}
  0x0000022706587140: 49ba 086b | 576d 2702 | 0000 4c89 | 5424 0848 | c704 24ff 

  0x0000022706587154: ;   {runtime_call counter_overflow Runtime1 stub}
  0x0000022706587154: ffff ffe8 

  0x0000022706587158: ; ImmutableOopMap {rdx=Oop [136]=Oop [400]=Oop [456]=Oop }
                      ;*synchronization entry
                      ; - org.eclipse.jdt.internal.core.index.IndexLocation::close@-1 (line 101)
                      ; - org.eclipse.jdt.internal.core.index.DiskIndex::readCategoryTable@732 (line 753)
  0x0000022706587158: a45d 6105 | e9a3 f7ff | ff8b 4250 | 48c1 e003 | 4883 f800 | 0f84 a7f7 | ffff 4889 

  0x0000022706587174: ;   {runtime_call g1_pre_barrier_slow}
  0x0000022706587174: 0424 e885 | 6461 05e9 | 99f7 ffff | 488d 8424 | c001 0000 | 4889 0424 

  0x000002270658718c: ;   {runtime_call monitorexit_nofpu Runtime1 stub}
  0x000002270658718c: e8ef 3961 | 05e9 b4f7 

  0x0000022706587194: ;   {internal_word}
  0x0000022706587194: ffff 49ba | 5569 5806 | 2702 0000 | 4d89 9768 

  0x00000227065871a4: ;   {runtime_call SafepointBlob}
  0x00000227065871a4: 0400 00e9 | d4f7 5405 

  0x00000227065871ac: ;   {runtime_call throw_null_pointer_exception Runtime1 stub}
  0x00000227065871ac: e8ef fa60 

  0x00000227065871b0: ; ImmutableOopMap {rsi=Oop [136]=Oop [408]=Oop [432]=Oop [456]=Oop }
                      ;*invokevirtual close {reexecute=0 rethrow=0 return_oop=0}
                      ; - org.eclipse.jdt.internal.core.index.DiskIndex::readCategoryTable@669 (line 749)
                      ;   {runtime_call throw_null_pointer_exception Runtime1 stub}
  0x00000227065871b0: 05e8 eafa 

  0x00000227065871b4: ; ImmutableOopMap {rsi=Oop rax=Oop [136]=Oop [456]=Oop }
                      ;*invokevirtual addSuppressed {reexecute=0 rethrow=0 return_oop=0}
                      ; - org.eclipse.jdt.internal.core.index.DiskIndex::readCategoryTable@700 (line 749)
                      ;   {runtime_call throw_null_pointer_exception Runtime1 stub}
  0x00000227065871b4: 6005 e8e5 

  0x00000227065871b8: ; ImmutableOopMap {rsi=Oop [136]=Oop [456]=Oop }
                      ;*athrow {reexecute=1 rethrow=0 return_oop=0}
                      ; - (reexecute) org.eclipse.jdt.internal.core.index.DiskIndex::readCategoryTable@705 (line 749)
  0x00000227065871b8: fa60 058b | 5650 48c1 | e203 4883 | fa00 0f84 | 7ef9 ffff | 4889 1424 

  0x00000227065871d0: ;   {runtime_call g1_pre_barrier_slow}
  0x00000227065871d0: e82b 6461 | 05e9 70f9 

  0x00000227065871d8: ;   {runtime_call throw_null_pointer_exception Runtime1 stub}
  0x00000227065871d8: ffff e8c1 

  0x00000227065871dc: ; ImmutableOopMap {rax=Oop rsi=Oop [456]=Oop }
                      ;*invokevirtual close {reexecute=0 rethrow=0 return_oop=0}
                      ; - org.eclipse.jdt.internal.core.index.DiskIndex::readCategoryTable@722 (line 753)
                      ;   {metadata({method} {0x000002276d576b10} 'close' '()V' in 'org/eclipse/jdt/internal/core/index/IndexLocation')}
  0x00000227065871dc: fa60 0549 | ba08 6b57 | 6d27 0200 | 004c 8954 | 2408 48c7 | 0424 ffff 

  0x00000227065871f4: ;   {runtime_call counter_overflow Runtime1 stub}
  0x00000227065871f4: ffff e805 

  0x00000227065871f8: ; ImmutableOopMap {rax=Oop [456]=Oop }
                      ;*synchronization entry
                      ; - org.eclipse.jdt.internal.core.index.IndexLocation::close@-1 (line 101)
                      ; - org.eclipse.jdt.internal.core.index.DiskIndex::readCategoryTable@722 (line 753)
  0x00000227065871f8: 5d61 05e9 | 45fa ffff 

  0x0000022706587200: ;   {oop(nullptr)}
  0x0000022706587200: 49b9 0000 | 0000 0000 | 0000 c784 | 2454 0100 | 00ff ffff | ffc7 8424 | 5001 0000 | 0000 0000 
  0x0000022706587220: ;   {oop(nullptr)}
  0x0000022706587220: 49ba 0000 | 0000 0000 | 0000 4c89 | 9424 4801 

  0x0000022706587230: ;   {oop(nullptr)}
  0x0000022706587230: 0000 49ba | 0000 0000 | 0000 0000 | 4c89 9424 | 4001 0000 | e9c4 eaff | ffc7 8424 | 3401 0000 
  0x0000022706587250: ffff ffff | c784 2430 | 0100 0000 

  0x000002270658725c: ;   {oop(nullptr)}
  0x000002270658725c: 0000 0049 | ba00 0000 | 0000 0000 | 004c 8994 | 2428 0100 

  0x0000022706587270: ;   {oop(nullptr)}
  0x0000022706587270: 0049 ba00 | 0000 0000 | 0000 004c | 8994 2420 | 0100 00e9 | 3ce9 ffff | c784 2434 | 0100 00ff 
  0x0000022706587290: ffff ffc7 | 8424 3001 | 0000 0000 

  0x000002270658729c: ;   {oop(nullptr)}
  0x000002270658729c: 0000 49ba | 0000 0000 | 0000 0000 | 4c89 9424 | 2801 0000 

  0x00000227065872b0: ;   {oop(nullptr)}
  0x00000227065872b0: 49ba 0000 | 0000 0000 | 0000 4c89 | 9424 2001 | 0000 e9fd | e8ff ffc7 | 8424 3401 | 0000 ffff 
  0x00000227065872d0: ffff c784 | 2430 0100 | 0000 0000 

  0x00000227065872dc: ;   {oop(nullptr)}
  0x00000227065872dc: 0049 ba00 | 0000 0000 | 0000 004c | 8994 2428 

  0x00000227065872ec: ;   {oop(nullptr)}
  0x00000227065872ec: 0100 0049 | ba00 0000 | 0000 0000 | 004c 8994 | 2420 0100 | 00e9 bee8 | ffff c784 | 2434 0100 
  0x000002270658730c: 00ff ffff | ffc7 8424 | 3001 0000 | 0000 0000 

  0x000002270658731c: ;   {oop(nullptr)}
  0x000002270658731c: 49ba 0000 | 0000 0000 | 0000 4c89 | 9424 2801 

  0x000002270658732c: ;   {oop(nullptr)}
  0x000002270658732c: 0000 49ba | 0000 0000 | 0000 0000 | 4c89 9424 | 2001 0000 | e97f e8ff | ff44 8b94 | 24b4 0000 
  0x000002270658734c: 0044 8994 | 2434 0100 | 0044 8b94 | 24c0 0000 | 0044 8994 | 2430 0100 | 0048 ffb4 | 24c8 0000 
  0x000002270658736c: 0048 8f84 | 2428 0100 | 0048 ffb4 | 24b8 0000 | 0048 8f84 | 2420 0100 | 00e9 3ae8 | ffff 448b 
  0x000002270658738c: 9424 b400 | 0000 4489 | 9424 3401 | 0000 448b | 9424 c000 | 0000 4489 | 9424 3001 | 0000 48ff 
  0x00000227065873ac: b424 c800 | 0000 488f | 8424 2801 | 0000 48ff | b424 b800 | 0000 488f | 8424 2001 | 0000 e9f5 
  0x00000227065873cc: e7ff ff44 | 8b94 24b4 | 0000 0044 | 8994 2434 | 0100 0044 | 8b94 24c0 | 0000 0044 | 8994 2430 
  0x00000227065873ec: 0100 0048 | ffb4 24c8 | 0000 0048 | 8f84 2428 | 0100 0048 | ffb4 24b8 | 0000 0048 | 8f84 2420 
  0x000002270658740c: 0100 00e9 | b0e7 ffff | 448b 9424 | b400 0000 | 4489 9424 | 3401 0000 | 448b 9424 | c000 0000 
  0x000002270658742c: ;   {no_reloc}
  0x000002270658742c: 4489 9424 | 3001 0000 | 48ff b424 | c800 0000 | 488f 8424 | 2801 0000 | 48ff b424 | b800 0000 
  0x000002270658744c: 488f 8424 | 2001 0000 | e96b e7ff | ff44 8b94 | 24b4 0000 | 0044 8994 | 2434 0100 | 0044 8b94 
  0x000002270658746c: 24c0 0000 | 0044 8994 | 2430 0100 | 0048 ffb4 | 24c8 0000 | 0048 8f84 | 2428 0100 | 0048 ffb4 
  0x000002270658748c: 24b8 0000 | 0048 8f84 | 2420 0100 | 00e9 26e7 | ffff 448b | 9424 b400 | 0000 4489 | 9424 3401 
  0x00000227065874ac: 0000 448b | 9424 c000 | 0000 4489 | 9424 3001 | 0000 48ff | b424 c800 | 0000 488f | 8424 2801 
  0x00000227065874cc: 0000 48ff | b424 b800 | 0000 488f | 8424 2001 | 0000 e9e1 | e6ff ff44 | 8b94 24d8 | 0000 0044 
  0x00000227065874ec: 8994 2434 | 0100 0044 | 8b94 24dc | 0000 0044 | 8994 2430 | 0100 0048 | ffb4 24e0 | 0000 0048 
  0x000002270658750c: 8f84 2428 | 0100 0048 | ffb4 24b8 | 0000 0048 | 8f84 2420 | 0100 00e9 | 9ce6 ffff | 448b 9424 
  0x000002270658752c: ;   {no_reloc}
  0x000002270658752c: b400 0000 | 4489 9424 | 3401 0000 | 448b 9424 | c000 0000 | 4489 9424 | 3001 0000 | 48ff b424 
  0x000002270658754c: c800 0000 | 488f 8424 | 2801 0000 | 48ff b424 | b800 0000 | 488f 8424 | 2001 0000 | e957 e6ff 
  0x000002270658756c: ff44 8b94 | 24b4 0000 | 0044 8994 | 2434 0100 | 0044 8b94 | 24c0 0000 | 0044 8994 | 2430 0100 
  0x000002270658758c: 0048 ffb4 | 24c8 0000 | 0048 8f84 | 2428 0100 | 0048 ffb4 | 24b8 0000 | 0048 8f84 | 2420 0100 
  0x00000227065875ac: 00e9 12e6 

  0x00000227065875b0: ;   {oop(nullptr)}
  0x00000227065875b0: ffff 49b9 | 0000 0000 | 0000 0000 | 448b 9424 | b400 0000 | 4489 9424 | 5401 0000 | 448b 9424 
  0x00000227065875d0: c000 0000 | 4489 9424 | 5001 0000 | 48ff b424 | c800 0000 | 488f 8424 | 4801 0000 | 48ff b424 
  0x00000227065875f0: b800 0000 | 488f 8424 | 4001 0000 | e90c e7ff | ffc7 8424 | 3401 0000 | ffff ffff | c784 2430 
  0x0000022706587610: 0100 0000 

  0x0000022706587614: ;   {oop(nullptr)}
  0x0000022706587614: 0000 0049 | ba00 0000 | 0000 0000 | 004c 8994 | 2428 0100 

  0x0000022706587628: ;   {oop(nullptr)}
  0x0000022706587628: 0049 ba00 | 0000 0000 | 0000 004c | 8994 2420 | 0100 00e9 | 84e5 ffff | c784 2434 | 0100 00ff 
  0x0000022706587648: ffff ffc7 | 8424 3001 | 0000 0000 

  0x0000022706587654: ;   {oop(nullptr)}
  0x0000022706587654: 0000 49ba | 0000 0000 | 0000 0000 | 4c89 9424 | 2801 0000 

  0x0000022706587668: ;   {oop(nullptr)}
  0x0000022706587668: 49ba 0000 | 0000 0000 | 0000 4c89 | 9424 2001 | 0000 e945 | e5ff ffc7 | 8424 3401 | 0000 ffff 
  0x0000022706587688: ffff c784 | 2430 0100 | 0000 0000 

  0x0000022706587694: ;   {oop(nullptr)}
  0x0000022706587694: 0049 ba00 | 0000 0000 | 0000 004c | 8994 2428 

  0x00000227065876a4: ;   {oop(nullptr)}
  0x00000227065876a4: 0100 0049 | ba00 0000 | 0000 0000 | 004c 8994 | 2420 0100 | 00e9 06e5 | ffff c784 | 2434 0100 
  0x00000227065876c4: 00ff ffff | ffc7 8424 | 3001 0000 | 0000 0000 

  0x00000227065876d4: ;   {oop(nullptr)}
  0x00000227065876d4: 49ba 0000 | 0000 0000 | 0000 4c89 | 9424 2801 

  0x00000227065876e4: ;   {oop(nullptr)}
  0x00000227065876e4: 0000 49ba | 0000 0000 | 0000 0000 | 4c89 9424 | 2001 0000 | e9c7 e4ff | ffc7 8424 | 3401 0000 
  0x0000022706587704: ffff ffff | c784 2430 | 0100 0000 

  0x0000022706587710: ;   {oop(nullptr)}
  0x0000022706587710: 0000 0049 | ba00 0000 | 0000 0000 | 004c 8994 | 2428 0100 

  0x0000022706587724: ;   {oop(nullptr)}
  0x0000022706587724: 0049 ba00 | 0000 0000 | 0000 004c | 8994 2420 | 0100 00e9 | 88e4 ffff | 4c8b 8c24 | 1801 0000 
  0x0000022706587744: 448b 9424 | 3401 0000 | 4489 9424 | 5401 0000 | 448b 9424 | 3001 0000 | 4489 9424 | 5001 0000 
  0x0000022706587764: 48ff b424 | 2801 0000 | 488f 8424 | 4801 0000 | 48ff b424 | 2001 0000 | 488f 8424 | 4001 0000 
  0x0000022706587784: e984 e5ff | ff4d 8bc8 | 89b4 2454 | 0100 0089 | bc24 5001 | 0000 4889 | 9c24 4801 | 0000 4889 
  0x00000227065877a4: 8c24 4001 | 0000 e95e | e5ff ff8b | bc24 5401 | 0000 8b9c | 2450 0100 | 0048 8b8c | 2448 0100 
  0x00000227065877c4: 004c 8b84 | 2440 0100 | 00e9 6ae6 | ffff 8bbc | 2454 0100 | 008b 9c24 | 5001 0000 | 488b 8c24 
  0x00000227065877e4: 4801 0000 | 4c8b 8424 | 4001 0000 | e947 e6ff | ff8b bc24 | 5401 0000 | 8b9c 2450 | 0100 0048 
  0x0000022706587804: 8b8c 2448 | 0100 004c | 8b84 2440 | 0100 00e9 | 24e6 ffff | 89bc 2460 | 0100 0089 | 9c24 6401 
  0x0000022706587824: ;   {no_reloc}
  0x0000022706587824: 0000 4889 | 8c24 6801 | 0000 4c89 | 8424 7001 | 0000 e9fa 

  0x0000022706587838: ;   {oop(nullptr)}
  0x0000022706587838: e6ff ff48 | be00 0000 | 0000 0000 | 00e9 edf1 

  0x0000022706587848: ;   {oop(nullptr)}
  0x0000022706587848: ffff 48be | 0000 0000 | 0000 0000 | e9de f1ff | ff48 8bb4 | 24b0 0100 | 00e9 d1f1 | ffff 498b 
  0x0000022706587868: f0e9 c9f1 

  0x000002270658786c: ;   {oop(nullptr)}
  0x000002270658786c: ffff 49b9 | 0000 0000 | 0000 0000 | c784 2454 | 0100 00ff | ffff ffc7 | 8424 5001 | 0000 0000 
  0x000002270658788c: ;   {oop(nullptr)}
  0x000002270658788c: 0000 49ba | 0000 0000 | 0000 0000 | 4c89 9424 | 4801 0000 

  0x00000227065878a0: ;   {oop(nullptr)}
  0x00000227065878a0: 49ba 0000 | 0000 0000 | 0000 4c89 | 9424 4001 | 0000 e956 | e4ff ffc7 | 8424 3401 | 0000 ffff 
  0x00000227065878c0: ffff c784 | 2430 0100 | 0000 0000 

  0x00000227065878cc: ;   {oop(nullptr)}
  0x00000227065878cc: 0049 ba00 | 0000 0000 | 0000 004c | 8994 2428 

  0x00000227065878dc: ;   {oop(nullptr)}
  0x00000227065878dc: 0100 0049 | ba00 0000 | 0000 0000 | 004c 8994 | 2420 0100 | 00e9 cee2 | ffff c784 | 2434 0100 
  0x00000227065878fc: 00ff ffff | ffc7 8424 | 3001 0000 | 0000 0000 

  0x000002270658790c: ;   {oop(nullptr)}
  0x000002270658790c: 49ba 0000 | 0000 0000 | 0000 4c89 | 9424 2801 

  0x000002270658791c: ;   {oop(nullptr)}
  0x000002270658791c: 0000 49ba | 0000 0000 | 0000 0000 | 4c89 9424 | 2001 0000 | e98f e2ff | ffc7 8424 | 3401 0000 
  0x000002270658793c: ffff ffff | c784 2430 | 0100 0000 

  0x0000022706587948: ;   {oop(nullptr)}
  0x0000022706587948: 0000 0049 | ba00 0000 | 0000 0000 | 004c 8994 | 2428 0100 

  0x000002270658795c: ;   {oop(nullptr)}
  0x000002270658795c: 0049 ba00 | 0000 0000 | 0000 004c | 8994 2420 | 0100 00e9 | 50e2 ffff | 448b 9424 | b400 0000 
  0x000002270658797c: 4489 9424 | 3401 0000 | 448b 9424 | c000 0000 | 4489 9424 | 3001 0000 | 48ff b424 | c800 0000 
  0x000002270658799c: 488f 8424 | 2801 0000 | 48ff b424 | b800 0000 | 488f 8424 | 2001 0000 | e90b e2ff | ff44 8b94 
  0x00000227065879bc: 24b4 0000 | 0044 8994 | 2434 0100 | 0044 8b94 | 24c0 0000 | 0044 8994 | 2430 0100 | 004c 899c 
  0x00000227065879dc: 2428 0100 | 0048 ffb4 | 24b8 0000 | 0048 8f84 | 2420 0100 | 00e9 cee1 | ffff 89bc | 2434 0100 
  0x00000227065879fc: 0089 9424 | 3001 0000 | 4889 8424 | 2801 0000 | 48ff b424 | b800 0000 | 488f 8424 | 2001 0000 
  0x0000022706587a1c: e9a3 e1ff | ff89 bc24 | 3401 0000 | 8994 2430 | 0100 0048 | 8984 2428 | 0100 0048 | ffb4 24b8 
  0x0000022706587a3c: 0000 0048 | 8f84 2420 | 0100 00e9 | 78e1 ffff | 89bc 2434 | 0100 0089 | 9424 3001 | 0000 4889 
  0x0000022706587a5c: ;   {no_reloc}
  0x0000022706587a5c: 8424 2801 | 0000 48ff | b424 b800 | 0000 488f | 8424 2001 | 0000 e94d | e1ff ff44 | 8b94 24d8 
  0x0000022706587a7c: 0000 0044 | 8994 2434 | 0100 0089 | 9c24 3001 | 0000 48ff | b424 e000 | 0000 488f | 8424 2801 
  0x0000022706587a9c: 0000 48ff | b424 b800 | 0000 488f | 8424 2001 | 0000 e911 | e1ff ff44 | 8b94 24d8 | 0000 0044 
  0x0000022706587abc: 8994 2434 | 0100 0089 | 9c24 3001 | 0000 48ff | b424 e000 | 0000 488f | 8424 2801 | 0000 48ff 
  0x0000022706587adc: b424 b800 | 0000 488f | 8424 2001 | 0000 e9d5 | e0ff ff44 | 8b94 24b4 | 0000 0044 | 8994 2434 
  0x0000022706587afc: 0100 0044 | 8b94 24c0 | 0000 0044 | 8994 2430 | 0100 0048 | ffb4 24c8 | 0000 0048 | 8f84 2428 
  0x0000022706587b1c: 0100 0048 | ffb4 24b8 | 0000 0048 | 8f84 2420 | 0100 00e9 | 90e0 ffff | 448b 9424 | b400 0000 
  0x0000022706587b3c: 4489 9424 | 6001 0000 | 448b 9424 | c000 0000 | 4489 9424 | 6401 0000 | 48ff b424 

  0x0000022706587b58: ;   {no_reloc}
  0x0000022706587b58: c800 0000 | 488f 8424 | 6801 0000 | 48ff b424 | b800 0000 | 488f 8424 | 7001 0000 | e9bc e3ff 
  0x0000022706587b78: ffc7 8424 | 3401 0000 | ffff ffff | c784 2430 | 0100 0000 

  0x0000022706587b8c: ;   {oop(nullptr)}
  0x0000022706587b8c: 0000 0049 | ba00 0000 | 0000 0000 | 004c 8994 | 2428 0100 

  0x0000022706587ba0: ;   {oop(nullptr)}
  0x0000022706587ba0: 0049 ba00 | 0000 0000 | 0000 004c | 8994 2420 | 0100 00e9 | 0ce0 ffff | c784 2434 | 0100 00ff 
  0x0000022706587bc0: ffff ffc7 | 8424 3001 | 0000 0000 

  0x0000022706587bcc: ;   {oop(nullptr)}
  0x0000022706587bcc: 0000 49ba | 0000 0000 | 0000 0000 | 4c89 9424 | 2801 0000 

  0x0000022706587be0: ;   {oop(nullptr)}
  0x0000022706587be0: 49ba 0000 | 0000 0000 | 0000 4c89 | 9424 2001 | 0000 e9cd | dfff ffc7 | 8424 3401 | 0000 ffff 
  0x0000022706587c00: ffff c784 | 2430 0100 | 0000 0000 

  0x0000022706587c0c: ;   {oop(nullptr)}
  0x0000022706587c0c: 0049 ba00 | 0000 0000 | 0000 004c | 8994 2428 

  0x0000022706587c1c: ;   {oop(nullptr)}
  0x0000022706587c1c: 0100 0049 | ba00 0000 | 0000 0000 | 004c 8994 | 2420 0100 | 00e9 8edf | ffff c784 | 2434 0100 
  0x0000022706587c3c: 00ff ffff | ffc7 8424 | 3001 0000 | 0000 0000 

  0x0000022706587c4c: ;   {oop(nullptr)}
  0x0000022706587c4c: 49ba 0000 | 0000 0000 | 0000 4c89 | 9424 2801 

  0x0000022706587c5c: ;   {oop(nullptr)}
  0x0000022706587c5c: 0000 49ba | 0000 0000 | 0000 0000 | 4c89 9424 | 2001 0000 | e94f dfff | ff4c 8b8c | 2418 0100 
  0x0000022706587c7c: 0044 8b94 | 2434 0100 | 0044 8994 | 2454 0100 | 0044 8b94 | 2430 0100 | 0044 8994 | 2450 0100 
  0x0000022706587c9c: 0048 ffb4 | 2428 0100 | 0048 8f84 | 2448 0100 | 0048 ffb4 | 2420 0100 | 0048 8f84 | 2440 0100 
  0x0000022706587cbc: 00e9 4be0 | ffff 8bbc | 2454 0100 | 008b 9c24 | 5001 0000 | 488b 8c24 | 4801 0000 | 4c8b 8424 
  0x0000022706587cdc: 4001 0000 | e957 e1ff | ff8b bc24 | 5401 0000 | 8b9c 2450 | 0100 0048 | 8b8c 2448 | 0100 004c 
  0x0000022706587cfc: 8b84 2440 | 0100 00e9 | 34e1 ffff | 89bc 2460 | 0100 0089 | 9c24 6401 | 0000 4889 | 8c24 6801 
  0x0000022706587d1c: 0000 4c89 | 8424 7001 | 0000 e90a 

  0x0000022706587d28: ;   {oop(nullptr)}
  0x0000022706587d28: e2ff ff48 | be00 0000 | 0000 0000 | 00e9 fdec | ffff 488b | b424 b001 | 0000 e9f0 | ecff ff49 
  0x0000022706587d48: 8b87 0005 | 0000 49c7 | 8700 0500 | 0000 0000 | 0049 c787 | 0805 0000 | 0000 0000 | 488b d848 
  0x0000022706587d68: 8d84 24c0 | 0100 0048 | 8b38 4885 | ff0f 840f | 0000 0048 | 8b70 08f0 | 480f b13e | 0f85 1700 
  0x0000022706587d88: 0000 49ff | 8f50 0500 | 0048 8bc3 | 4881 c4e0 | 0100 005d 

  0x0000022706587d9c: ;   {runtime_call unwind_exception Runtime1 stub}
  0x0000022706587d9c: e9df df60 | 0548 8d84 | 24c0 0100 | 0048 8904 

  0x0000022706587dac: ;   {runtime_call monitorexit_nofpu Runtime1 stub}
  0x0000022706587dac: 24e8 ce2d | 6105 ebdd | f4f4 f4f4 
[Stub Code]
  0x0000022706587db8: ;   {no_reloc}
  0x0000022706587db8: 0f1f 4400 

  0x0000022706587dbc: ;   {static_stub}
  0x0000022706587dbc: 0048 bb00 | 0000 0000 

  0x0000022706587dc4: ;   {runtime_call nmethod}
  0x0000022706587dc4: 0000 00e9 | fbff ffff 

  0x0000022706587dcc: ;   {static_stub}
  0x0000022706587dcc: 9048 bb00 | 0000 0000 

  0x0000022706587dd4: ;   {runtime_call nmethod}
  0x0000022706587dd4: 0000 00e9 | fbff ffff 

  0x0000022706587ddc: ;   {static_stub}
  0x0000022706587ddc: 9048 bb00 | 0000 0000 

  0x0000022706587de4: ;   {runtime_call nmethod}
  0x0000022706587de4: 0000 00e9 | fbff ffff 

  0x0000022706587dec: ;   {static_stub}
  0x0000022706587dec: 9048 bb00 | 0000 0000 

  0x0000022706587df4: ;   {runtime_call nmethod}
  0x0000022706587df4: 0000 00e9 | fbff ffff 

  0x0000022706587dfc: ;   {static_stub}
  0x0000022706587dfc: 9048 bb00 | 0000 0000 

  0x0000022706587e04: ;   {runtime_call nmethod}
  0x0000022706587e04: 0000 00e9 | fbff ffff 

  0x0000022706587e0c: ;   {static_stub}
  0x0000022706587e0c: 9048 bb00 | 0000 0000 

  0x0000022706587e14: ;   {runtime_call nmethod}
  0x0000022706587e14: 0000 00e9 | fbff ffff 

  0x0000022706587e1c: ;   {static_stub}
  0x0000022706587e1c: 9048 bb00 | 0000 0000 

  0x0000022706587e24: ;   {runtime_call nmethod}
  0x0000022706587e24: 0000 00e9 | fbff ffff 

  0x0000022706587e2c: ;   {static_stub}
  0x0000022706587e2c: 9048 bb00 | 0000 0000 

  0x0000022706587e34: ;   {runtime_call nmethod}
  0x0000022706587e34: 0000 00e9 | fbff ffff 

  0x0000022706587e3c: ;   {static_stub}
  0x0000022706587e3c: 9048 bb00 | 0000 0000 

  0x0000022706587e44: ;   {runtime_call nmethod}
  0x0000022706587e44: 0000 00e9 | fbff ffff 

  0x0000022706587e4c: ;   {static_stub}
  0x0000022706587e4c: 9048 bb00 | 0000 0000 

  0x0000022706587e54: ;   {runtime_call nmethod}
  0x0000022706587e54: 0000 00e9 | fbff ffff 

  0x0000022706587e5c: ;   {static_stub}
  0x0000022706587e5c: 9048 bb00 | 0000 0000 

  0x0000022706587e64: ;   {runtime_call nmethod}
  0x0000022706587e64: 0000 00e9 | fbff ffff 

  0x0000022706587e6c: ;   {static_stub}
  0x0000022706587e6c: 9048 bb00 | 0000 0000 

  0x0000022706587e74: ;   {runtime_call nmethod}
  0x0000022706587e74: 0000 00e9 | fbff ffff 

  0x0000022706587e7c: ;   {static_stub}
  0x0000022706587e7c: 9048 bb00 | 0000 0000 

  0x0000022706587e84: ;   {runtime_call nmethod}
  0x0000022706587e84: 0000 00e9 | fbff ffff 

  0x0000022706587e8c: ;   {static_stub}
  0x0000022706587e8c: 9048 bb00 | 0000 0000 

  0x0000022706587e94: ;   {runtime_call nmethod}
  0x0000022706587e94: 0000 00e9 | fbff ffff 

  0x0000022706587e9c: ;   {static_stub}
  0x0000022706587e9c: 9048 bb00 | 0000 0000 

  0x0000022706587ea4: ;   {runtime_call nmethod}
  0x0000022706587ea4: 0000 00e9 | fbff ffff 

  0x0000022706587eac: ;   {static_stub}
  0x0000022706587eac: 9048 bb00 | 0000 0000 

  0x0000022706587eb4: ;   {runtime_call nmethod}
  0x0000022706587eb4: 0000 00e9 | fbff ffff 

  0x0000022706587ebc: ;   {static_stub}
  0x0000022706587ebc: 9048 bb00 | 0000 0000 

  0x0000022706587ec4: ;   {runtime_call nmethod}
  0x0000022706587ec4: 0000 00e9 | fbff ffff 

  0x0000022706587ecc: ;   {static_stub}
  0x0000022706587ecc: 9048 bb00 | 0000 0000 

  0x0000022706587ed4: ;   {runtime_call nmethod}
  0x0000022706587ed4: 0000 00e9 | fbff ffff 

  0x0000022706587edc: ;   {static_stub}
  0x0000022706587edc: 9048 bb00 | 0000 0000 

  0x0000022706587ee4: ;   {runtime_call nmethod}
  0x0000022706587ee4: 0000 00e9 | fbff ffff 

  0x0000022706587eec: ;   {static_stub}
  0x0000022706587eec: 9048 bb00 | 0000 0000 

  0x0000022706587ef4: ;   {runtime_call nmethod}
  0x0000022706587ef4: 0000 00e9 | fbff ffff 

  0x0000022706587efc: ;   {static_stub}
  0x0000022706587efc: 48bb 0000 | 0000 0000 

  0x0000022706587f04: ;   {runtime_call nmethod}
  0x0000022706587f04: 0000 e9fb 

  0x0000022706587f08: ;   {static_stub}
  0x0000022706587f08: ffff ff48 | bb80 ce79 | 6e27 0200 

  0x0000022706587f14: ;   {runtime_call I2C/C2I adapters}
  0x0000022706587f14: 00e9 4dce 

  0x0000022706587f18: ;   {static_stub}
  0x0000022706587f18: 5405 48bb | 0000 0000 | 0000 0000 

  0x0000022706587f24: ;   {runtime_call nmethod}
  0x0000022706587f24: e9fb ffff 

  0x0000022706587f28: ;   {static_stub}
  0x0000022706587f28: ff48 bb00 | 0000 0000 

  0x0000022706587f30: ;   {runtime_call nmethod}
  0x0000022706587f30: 0000 00e9 | fbff ffff 

  0x0000022706587f38: ;   {static_stub}
  0x0000022706587f38: 48bb 0000 | 0000 0000 

  0x0000022706587f40: ;   {runtime_call nmethod}
  0x0000022706587f40: 0000 e9fb 

  0x0000022706587f44: ;   {static_stub}
  0x0000022706587f44: ffff ff48 | bb00 0000 | 0000 0000 

  0x0000022706587f50: ;   {runtime_call nmethod}
  0x0000022706587f50: 00e9 fbff 

  0x0000022706587f54: ;   {static_stub}
  0x0000022706587f54: ffff 48bb | 0000 0000 | 0000 0000 

  0x0000022706587f60: ;   {runtime_call nmethod}
  0x0000022706587f60: e9fb ffff 

  0x0000022706587f64: ;   {static_stub}
  0x0000022706587f64: ff48 bb00 | 0000 0000 

  0x0000022706587f6c: ;   {runtime_call nmethod}
  0x0000022706587f6c: 0000 00e9 | fbff ffff 

  0x0000022706587f74: ;   {static_stub}
  0x0000022706587f74: 48bb 0000 | 0000 0000 

  0x0000022706587f7c: ;   {runtime_call nmethod}
  0x0000022706587f7c: 0000 e9fb 

  0x0000022706587f80: ;   {static_stub}
  0x0000022706587f80: ffff ff48 | bb00 0000 | 0000 0000 

  0x0000022706587f8c: ;   {runtime_call nmethod}
  0x0000022706587f8c: 00e9 fbff 

  0x0000022706587f90: ;   {runtime_call handle_exception_from_callee Runtime1 stub}
  0x0000022706587f90: ffff e8e9 

  0x0000022706587f94: ;   {external_word}
  0x0000022706587f94: 1261 0548 | b950 63fe | cffe 7f00 | 0048 83e4 

  0x0000022706587fa4: ;   {runtime_call}
  0x0000022706587fa4: f048 b8c0 | c9c0 cffe | 7f00 00ff 

  0x0000022706587fb0: ;   {section_word}
  0x0000022706587fb0: d0f4 49ba | b27f 5806 | 2702 0000 

  0x0000022706587fbc: ;   {runtime_call DeoptimizationBlob}
  0x0000022706587fbc: 4152 e95d | fe54 05f4 | f4f4 f4f4 
[/MachCode]


---------------  P R O C E S S  ---------------

Threads class SMR info:
_java_thread_list=0x0000022772c29f10, length=42, elements={
0x000002277fcae2b0, 0x000002272a122640, 0x000002272a1251b0, 0x000002272a12c360,
0x000002272a12cdc0, 0x000002272a12fd60, 0x000002272a1387d0, 0x000002272a13d190,
0x000002272a171260, 0x000002272a19a330, 0x000002272a383b80, 0x000002272a516270,
0x0000022770411f00, 0x000002272a340d90, 0x000002272a9e11c0, 0x000002272a991f90,
0x0000022770482aa0, 0x000002272a832de0, 0x0000022770fc6e40, 0x0000022770533df0,
0x0000022770534480, 0x0000022770531000, 0x0000022770532a40, 0x0000022770531d20,
0x0000022774223ce0, 0x0000022774224370, 0x0000022774225db0, 0x0000022774224a00,
0x0000022774225090, 0x0000022774225720, 0x0000022774226440, 0x0000022774222fc0,
0x0000022774226ad0, 0x0000022774223650, 0x000002277194cde0, 0x000002277194ba30,
0x0000022771949ff0, 0x0000022770dd89f0, 0x00000227705330d0, 0x0000022770531690,
0x0000022770dd8360, 0x0000022770dda430
}
_to_delete_list=0x000002277333cf70, length=41, elements={
0x000002277fcae2b0, 0x000002272a122640, 0x000002272a1251b0, 0x000002272a12c360,
0x000002272a12cdc0, 0x000002272a12fd60, 0x000002272a1387d0, 0x000002272a13d190,
0x000002272a171260, 0x000002272a19a330, 0x000002272a383b80, 0x000002272a516270,
0x0000022770411f00, 0x000002272a340d90, 0x000002272a9e11c0, 0x000002272a991f90,
0x0000022770482aa0, 0x000002272a832de0, 0x0000022770fc6e40, 0x0000022770533df0,
0x0000022770534480, 0x0000022770531000, 0x0000022770532a40, 0x0000022770531d20,
0x0000022774223ce0, 0x0000022774224370, 0x0000022774225db0, 0x0000022774224a00,
0x0000022774225090, 0x0000022774225720, 0x0000022774226440, 0x0000022774222fc0,
0x0000022774226ad0, 0x0000022774223650, 0x000002277194cde0, 0x000002277194ba30,
0x0000022771949ff0, 0x0000022770dd89f0, 0x00000227705330d0, 0x0000022770531690,
0x0000022770dd8360
}

Java Threads: ( => current thread )
  0x000002277fcae2b0 JavaThread "main"                              [_thread_blocked, id=5020, stack(0x0000008c97800000,0x0000008c97900000) (1024K)]
  0x000002272a122640 JavaThread "Reference Handler"          daemon [_thread_blocked, id=16528, stack(0x0000008c98000000,0x0000008c98100000) (1024K)]
  0x000002272a1251b0 JavaThread "Finalizer"                  daemon [_thread_blocked, id=3808, stack(0x0000008c98100000,0x0000008c98200000) (1024K)]
  0x000002272a12c360 JavaThread "Signal Dispatcher"          daemon [_thread_blocked, id=18940, stack(0x0000008c98200000,0x0000008c98300000) (1024K)]
  0x000002272a12cdc0 JavaThread "Attach Listener"            daemon [_thread_blocked, id=2212, stack(0x0000008c98300000,0x0000008c98400000) (1024K)]
  0x000002272a12fd60 JavaThread "Service Thread"             daemon [_thread_blocked, id=28412, stack(0x0000008c98400000,0x0000008c98500000) (1024K)]
  0x000002272a1387d0 JavaThread "Monitor Deflation Thread"   daemon [_thread_blocked, id=7052, stack(0x0000008c98500000,0x0000008c98600000) (1024K)]
  0x000002272a13d190 JavaThread "C2 CompilerThread0"         daemon [_thread_blocked, id=3412, stack(0x0000008c98600000,0x0000008c98700000) (1024K)]
  0x000002272a171260 JavaThread "C1 CompilerThread0"         daemon [_thread_blocked, id=14908, stack(0x0000008c98700000,0x0000008c98800000) (1024K)]
  0x000002272a19a330 JavaThread "StringDedupThread"          daemon [_thread_blocked, id=16644, stack(0x0000008c98800000,0x0000008c98900000) (1024K)]
  0x000002272a383b80 JavaThread "Common-Cleaner"             daemon [_thread_blocked, id=7676, stack(0x0000008c98900000,0x0000008c98a00000) (1024K)]
  0x000002272a516270 JavaThread "Notification Thread"        daemon [_thread_blocked, id=13624, stack(0x0000008c98a00000,0x0000008c98b00000) (1024K)]
  0x0000022770411f00 JavaThread "Active Thread: Equinox Container: 325cc7ad-be86-4cf1-ab8e-7ae17ff8fbc4"        [_thread_blocked, id=3468, stack(0x0000008c99200000,0x0000008c99300000) (1024K)]
  0x000002272a340d90 JavaThread "Refresh Thread: Equinox Container: 325cc7ad-be86-4cf1-ab8e-7ae17ff8fbc4" daemon [_thread_blocked, id=14628, stack(0x0000008c99300000,0x0000008c99400000) (1024K)]
  0x000002272a9e11c0 JavaThread "Framework Event Dispatcher: Equinox Container: 325cc7ad-be86-4cf1-ab8e-7ae17ff8fbc4" daemon [_thread_blocked, id=8612, stack(0x0000008c99400000,0x0000008c99500000) (1024K)]
  0x000002272a991f90 JavaThread "Start Level: Equinox Container: 325cc7ad-be86-4cf1-ab8e-7ae17ff8fbc4" daemon [_thread_blocked, id=13400, stack(0x0000008c99500000,0x0000008c99600000) (1024K)]
  0x0000022770482aa0 JavaThread "Bundle File Closer"         daemon [_thread_blocked, id=20572, stack(0x0000008c99600000,0x0000008c99700000) (1024K)]
  0x000002272a832de0 JavaThread "SCR Component Actor"        daemon [_thread_blocked, id=27928, stack(0x0000008c97500000,0x0000008c97600000) (1024K)]
  0x0000022770fc6e40 JavaThread "Worker-JM"                         [_thread_blocked, id=17412, stack(0x0000008c97600000,0x0000008c97700000) (1024K)]
  0x0000022770533df0 JavaThread "JNA Cleaner"                daemon [_thread_blocked, id=17924, stack(0x0000008c99700000,0x0000008c99800000) (1024K)]
=>0x0000022770534480 JavaThread "Java indexing"              daemon [_thread_in_vm, id=2032, stack(0x0000008c99e00000,0x0000008c99f00000) (1024K)]
  0x0000022770531000 JavaThread "Worker-3: Publish Diagnostics"        [_thread_blocked, id=6704, stack(0x0000008c9a100000,0x0000008c9a200000) (1024K)]
  0x0000022770532a40 JavaThread "Thread-1"                   daemon [_thread_in_native, id=4348, stack(0x0000008c9a300000,0x0000008c9a400000) (1024K)]
  0x0000022770531d20 JavaThread "Thread-2"                   daemon [_thread_in_native, id=10108, stack(0x0000008c9a400000,0x0000008c9a500000) (1024K)]
  0x0000022774223ce0 JavaThread "Thread-3"                   daemon [_thread_in_native, id=26524, stack(0x0000008c9a500000,0x0000008c9a600000) (1024K)]
  0x0000022774224370 JavaThread "Thread-4"                   daemon [_thread_in_native, id=2616, stack(0x0000008c9a600000,0x0000008c9a700000) (1024K)]
  0x0000022774225db0 JavaThread "Thread-5"                   daemon [_thread_in_native, id=26884, stack(0x0000008c9a700000,0x0000008c9a800000) (1024K)]
  0x0000022774224a00 JavaThread "Thread-6"                   daemon [_thread_in_native, id=24364, stack(0x0000008c9a800000,0x0000008c9a900000) (1024K)]
  0x0000022774225090 JavaThread "Thread-7"                   daemon [_thread_in_native, id=25804, stack(0x0000008c9a900000,0x0000008c9aa00000) (1024K)]
  0x0000022774225720 JavaThread "Thread-8"                   daemon [_thread_in_native, id=16416, stack(0x0000008c9aa00000,0x0000008c9ab00000) (1024K)]
  0x0000022774226440 JavaThread "Thread-9"                   daemon [_thread_in_native, id=12248, stack(0x0000008c9ab00000,0x0000008c9ac00000) (1024K)]
  0x0000022774222fc0 JavaThread "pool-2-thread-1"                   [_thread_blocked, id=13864, stack(0x0000008c9ac00000,0x0000008c9ad00000) (1024K)]
  0x0000022774226ad0 JavaThread "WorkspaceEventsHandler"            [_thread_blocked, id=21028, stack(0x0000008c9ad00000,0x0000008c9ae00000) (1024K)]
  0x0000022774223650 JavaThread "pool-1-thread-1"                   [_thread_blocked, id=22300, stack(0x0000008c9ae00000,0x0000008c9af00000) (1024K)]
  0x000002277194cde0 JavaThread "PatternSearchJob-worker-4"  daemon [_thread_blocked, id=17076, stack(0x0000008c9cc00000,0x0000008c9cd00000) (1024K)]
  0x000002277194ba30 JavaThread "PatternSearchJob-worker-5"  daemon [_thread_blocked, id=23584, stack(0x0000008c9cd00000,0x0000008c9ce00000) (1024K)]
  0x0000022771949ff0 JavaThread "PatternSearchJob-worker-7"  daemon [_thread_blocked, id=4204, stack(0x0000008c9cf00000,0x0000008c9d000000) (1024K)]
  0x0000022770dd89f0 JavaThread "Worker-7: Building"                [_thread_blocked, id=27688, stack(0x0000008c99a00000,0x0000008c99b00000) (1024K)]
  0x00000227705330d0 JavaThread "Worker-8"                          [_thread_blocked, id=16976, stack(0x0000008c97700000,0x0000008c97800000) (1024K)]
  0x0000022770531690 JavaThread "ForkJoinPool.commonPool-worker-6" daemon [_thread_blocked, id=6028, stack(0x0000008c99800000,0x0000008c99900000) (1024K)]
  0x0000022770dd8360 JavaThread "Worker-9"                          [_thread_blocked, id=26380, stack(0x0000008c99c00000,0x0000008c99d00000) (1024K)]
  0x0000022770dda430 JavaThread "Compiler Source File Reader" daemon [_thread_blocked, id=26776, stack(0x0000008c99900000,0x0000008c99a00000) (1024K)]
Total: 42

Other Threads:
  0x000002272a104590 VMThread "VM Thread"                           [id=24516, stack(0x0000008c97f00000,0x0000008c98000000) (1024K)] _threads_hazard_ptr=0x000002277333cf70
  0x000002272784c6a0 WatcherThread "VM Periodic Task Thread"        [id=8900, stack(0x0000008c97e00000,0x0000008c97f00000) (1024K)]
  0x00000227276a0090 WorkerThread "GC Thread#0"                     [id=21288, stack(0x0000008c97900000,0x0000008c97a00000) (1024K)]
  0x000002272a7cf440 WorkerThread "GC Thread#1"                     [id=9840, stack(0x0000008c98b00000,0x0000008c98c00000) (1024K)]
  0x000002272a7cf7f0 WorkerThread "GC Thread#2"                     [id=19728, stack(0x0000008c98c00000,0x0000008c98d00000) (1024K)]
  0x0000022770000080 WorkerThread "GC Thread#3"                     [id=24000, stack(0x0000008c98d00000,0x0000008c98e00000) (1024K)]
  0x0000022770000430 WorkerThread "GC Thread#4"                     [id=22800, stack(0x0000008c98e00000,0x0000008c98f00000) (1024K)]
  0x00000227700007e0 WorkerThread "GC Thread#5"                     [id=16344, stack(0x0000008c98f00000,0x0000008c99000000) (1024K)]
  0x0000022770000b90 WorkerThread "GC Thread#6"                     [id=23228, stack(0x0000008c99000000,0x0000008c99100000) (1024K)]
  0x000002272ad0e050 WorkerThread "GC Thread#7"                     [id=20152, stack(0x0000008c99100000,0x0000008c99200000) (1024K)]
  0x000002277fd6deb0 ConcurrentGCThread "G1 Main Marker"            [id=15964, stack(0x0000008c97a00000,0x0000008c97b00000) (1024K)]
  0x000002277fd6e8d0 WorkerThread "G1 Conc#0"                       [id=7944, stack(0x0000008c97b00000,0x0000008c97c00000) (1024K)]
  0x0000022771ccc830 WorkerThread "G1 Conc#1"                       [id=23472, stack(0x0000008c99b00000,0x0000008c99c00000) (1024K)]
  0x0000022727719de0 ConcurrentGCThread "G1 Refine#0"               [id=22896, stack(0x0000008c97c00000,0x0000008c97d00000) (1024K)]
  0x000002272771b720 ConcurrentGCThread "G1 Service"                [id=17660, stack(0x0000008c97d00000,0x0000008c97e00000) (1024K)]
Total: 15

Threads with active compile tasks:
Total: 0

VM state: not at safepoint (normal execution)

VM Mutex/Monitor currently owned by a thread:  ([mutex/lock_event])
[0x00007ffed029f6b0] Heap_lock - owner thread: 0x0000022770534480

Heap address: 0x0000000400000000, size: 16384 MB, Compressed Oops mode: Zero based, Oop shift amount: 3

CDS archive(s) mapped at: [0x000002272b000000-0x000002272bba0000-0x000002272bba0000), size 12189696, SharedBaseAddress: 0x000002272b000000, ArchiveRelocationMode: 1.
Compressed class space mapped at: 0x000002272c000000-0x000002276c000000, reserved size: 1073741824
Narrow klass base: 0x000002272b000000, Narrow klass shift: 0, Narrow klass range: 0x100000000

GC Precious Log:
 CardTable entry size: 512
 Card Set container configuration: InlinePtr #cards 4 size 8 Array Of Cards #cards 64 size 144 Howl #buckets 8 coarsen threshold 14745 Howl Bitmap #cards 2048 size 272 coarsen threshold 1843 Card regions per heap region 1 cards per card region 16384
 CPUs: 8 total, 8 available
 Memory: 7877M
 Large Page Support: Disabled
 NUMA Support: Disabled
 Compressed Oops: Enabled (Zero based)
 Heap Region Size: 8M
 Heap Min Capacity: 8M
 Heap Initial Capacity: 128M
 Heap Max Capacity: 16G
 Pre-touch: Disabled
 Parallel Workers: 8
 Concurrent Workers: 2
 Concurrent Refinement Workers: 8
 Periodic GC: Disabled
 String Deduplication is enabled

Heap:
 garbage-first heap   total 14008320K, used 8196185K [0x0000000400000000, 0x0000000800000000)
  region size 8192K, 2 young (16384K), 1 survivors (8192K)
 Metaspace       used 72321K, committed 73920K, reserved 1179648K
  class space    used 7247K, committed 8000K, reserved 1048576K

Heap Regions: E=young(eden), S=young(survivor), O=old, HS=humongous(starts), HC=humongous(continues), CS=collection set, F=free, TAMS=top-at-mark-start, PB=parsable bottom
|   0|0x0000000400000000, 0x0000000400800000, 0x0000000400800000|100%| O|  |TAMS 0x0000000400800000| PB 0x0000000400000000| Untracked 
|   1|0x0000000400800000, 0x0000000401000000, 0x0000000401000000|100%| O|  |TAMS 0x0000000401000000| PB 0x0000000400800000| Untracked 
|   2|0x0000000401000000, 0x0000000401800000, 0x0000000401800000|100%| O|  |TAMS 0x0000000401800000| PB 0x0000000401000000| Untracked 
|   3|0x0000000401800000, 0x0000000402000000, 0x0000000402000000|100%| O|  |TAMS 0x0000000402000000| PB 0x0000000401800000| Untracked 
|   4|0x0000000402000000, 0x0000000402800000, 0x0000000402800000|100%| O|  |TAMS 0x0000000402800000| PB 0x0000000402000000| Untracked 
|   5|0x0000000402800000, 0x0000000403000000, 0x0000000403000000|100%| O|  |TAMS 0x0000000403000000| PB 0x0000000402800000| Untracked 
|   6|0x0000000403000000, 0x000000040354f240, 0x0000000403800000| 66%| O|  |TAMS 0x000000040354f240| PB 0x0000000403000000| Untracked 
|   7|0x0000000403800000, 0x0000000403800000, 0x0000000404000000|  0%| F|  |TAMS 0x0000000403800000| PB 0x0000000403800000| Untracked 
|   8|0x0000000404000000, 0x0000000404000000, 0x0000000404800000|  0%| F|  |TAMS 0x0000000404000000| PB 0x0000000404000000| Untracked 
|   9|0x0000000404800000, 0x0000000405000000, 0x0000000405000000|100%| O|  |TAMS 0x0000000405000000| PB 0x0000000404800000| Untracked 
|  10|0x0000000405000000, 0x0000000405800000, 0x0000000405800000|100%| O|  |TAMS 0x0000000405800000| PB 0x0000000405000000| Untracked 
|  11|0x0000000405800000, 0x0000000406000000, 0x0000000406000000|100%| O|  |TAMS 0x0000000406000000| PB 0x0000000405800000| Untracked 
|  12|0x0000000406000000, 0x0000000406800000, 0x0000000406800000|100%| O|  |TAMS 0x0000000406800000| PB 0x0000000406000000| Untracked 
|  13|0x0000000406800000, 0x0000000406800000, 0x0000000407000000|  0%| F|  |TAMS 0x0000000406800000| PB 0x0000000406800000| Untracked 
|  14|0x0000000407000000, 0x0000000407000000, 0x0000000407800000|  0%| F|  |TAMS 0x0000000407000000| PB 0x0000000407000000| Untracked 
|  15|0x0000000407800000, 0x0000000407800000, 0x0000000408000000|  0%| F|  |TAMS 0x0000000407800000| PB 0x0000000407800000| Untracked 
|  16|0x0000000408000000, 0x0000000408000000, 0x0000000408800000|  0%| F|  |TAMS 0x0000000408000000| PB 0x0000000408000000| Untracked 
|  17|0x0000000408800000, 0x0000000408800000, 0x0000000409000000|  0%| F|  |TAMS 0x0000000408800000| PB 0x0000000408800000| Untracked 
|  18|0x0000000409000000, 0x00000004096c7590, 0x0000000409800000| 84%| S|CS|TAMS 0x0000000409000000| PB 0x0000000409000000| Complete 
|  19|0x0000000409800000, 0x0000000409800000, 0x000000040a000000|  0%| F|  |TAMS 0x0000000409800000| PB 0x0000000409800000| Untracked 
|  20|0x000000040a000000, 0x000000040a000000, 0x000000040a800000|  0%| F|  |TAMS 0x000000040a000000| PB 0x000000040a000000| Untracked 
|  21|0x000000040a800000, 0x000000040a800000, 0x000000040b000000|  0%| F|  |TAMS 0x000000040a800000| PB 0x000000040a800000| Untracked 
|  22|0x000000040b000000, 0x000000040b000000, 0x000000040b800000|  0%| F|  |TAMS 0x000000040b000000| PB 0x000000040b000000| Untracked 
|  23|0x000000040b800000, 0x000000040b800000, 0x000000040c000000|  0%| F|  |TAMS 0x000000040b800000| PB 0x000000040b800000| Untracked 
|  24|0x000000040c000000, 0x000000040c000000, 0x000000040c800000|  0%| F|  |TAMS 0x000000040c000000| PB 0x000000040c000000| Untracked 
|  25|0x000000040c800000, 0x000000040c800000, 0x000000040d000000|  0%| F|  |TAMS 0x000000040c800000| PB 0x000000040c800000| Untracked 
|  26|0x000000040d000000, 0x000000040d800000, 0x000000040d800000|100%|HS|  |TAMS 0x000000040d800000| PB 0x000000040d000000| Complete 
|  27|0x000000040d800000, 0x000000040e000000, 0x000000040e000000|100%|HC|  |TAMS 0x000000040e000000| PB 0x000000040d800000| Complete 
|  28|0x000000040e000000, 0x000000040e800000, 0x000000040e800000|100%|HC|  |TAMS 0x000000040e800000| PB 0x000000040e000000| Complete 
|  29|0x000000040e800000, 0x000000040f000000, 0x000000040f000000|100%|HC|  |TAMS 0x000000040f000000| PB 0x000000040e800000| Complete 
|  30|0x000000040f000000, 0x000000040f800000, 0x000000040f800000|100%|HC|  |TAMS 0x000000040f800000| PB 0x000000040f000000| Complete 
|  31|0x000000040f800000, 0x0000000410000000, 0x0000000410000000|100%|HC|  |TAMS 0x0000000410000000| PB 0x000000040f800000| Complete 
|  32|0x0000000410000000, 0x0000000410800000, 0x0000000410800000|100%|HC|  |TAMS 0x0000000410800000| PB 0x0000000410000000| Complete 
|  33|0x0000000410800000, 0x0000000411000000, 0x0000000411000000|100%|HC|  |TAMS 0x0000000411000000| PB 0x0000000410800000| Complete 
|  34|0x0000000411000000, 0x0000000411800000, 0x0000000411800000|100%|HC|  |TAMS 0x0000000411800000| PB 0x0000000411000000| Complete 
|  35|0x0000000411800000, 0x0000000412000000, 0x0000000412000000|100%|HC|  |TAMS 0x0000000412000000| PB 0x0000000411800000| Complete 
|  36|0x0000000412000000, 0x0000000412800000, 0x0000000412800000|100%|HC|  |TAMS 0x0000000412800000| PB 0x0000000412000000| Complete 
|  37|0x0000000412800000, 0x0000000413000000, 0x0000000413000000|100%|HC|  |TAMS 0x0000000413000000| PB 0x0000000412800000| Complete 
|  38|0x0000000413000000, 0x0000000413800000, 0x0000000413800000|100%|HC|  |TAMS 0x0000000413800000| PB 0x0000000413000000| Complete 
|  39|0x0000000413800000, 0x0000000414000000, 0x0000000414000000|100%|HC|  |TAMS 0x0000000414000000| PB 0x0000000413800000| Complete 
|  40|0x0000000414000000, 0x0000000414800000, 0x0000000414800000|100%|HC|  |TAMS 0x0000000414800000| PB 0x0000000414000000| Complete 
|  41|0x0000000414800000, 0x0000000415000000, 0x0000000415000000|100%|HC|  |TAMS 0x0000000415000000| PB 0x0000000414800000| Complete 
|  42|0x0000000415000000, 0x0000000415800000, 0x0000000415800000|100%|HC|  |TAMS 0x0000000415800000| PB 0x0000000415000000| Complete 
|  43|0x0000000415800000, 0x0000000416000000, 0x0000000416000000|100%|HC|  |TAMS 0x0000000416000000| PB 0x0000000415800000| Complete 
|  44|0x0000000416000000, 0x0000000416800000, 0x0000000416800000|100%|HC|  |TAMS 0x0000000416800000| PB 0x0000000416000000| Complete 
|  45|0x0000000416800000, 0x0000000417000000, 0x0000000417000000|100%|HC|  |TAMS 0x0000000417000000| PB 0x0000000416800000| Complete 
|  46|0x0000000417000000, 0x0000000417800000, 0x0000000417800000|100%|HC|  |TAMS 0x0000000417800000| PB 0x0000000417000000| Complete 
|  47|0x0000000417800000, 0x0000000418000000, 0x0000000418000000|100%|HC|  |TAMS 0x0000000418000000| PB 0x0000000417800000| Complete 
|  48|0x0000000418000000, 0x0000000418800000, 0x0000000418800000|100%|HC|  |TAMS 0x0000000418800000| PB 0x0000000418000000| Complete 
|  49|0x0000000418800000, 0x0000000419000000, 0x0000000419000000|100%|HC|  |TAMS 0x0000000419000000| PB 0x0000000418800000| Complete 
|  50|0x0000000419000000, 0x0000000419800000, 0x0000000419800000|100%|HC|  |TAMS 0x0000000419800000| PB 0x0000000419000000| Complete 
|  51|0x0000000419800000, 0x000000041a000000, 0x000000041a000000|100%|HC|  |TAMS 0x000000041a000000| PB 0x0000000419800000| Complete 
|  52|0x000000041a000000, 0x000000041a800000, 0x000000041a800000|100%|HC|  |TAMS 0x000000041a800000| PB 0x000000041a000000| Complete 
|  53|0x000000041a800000, 0x000000041b000000, 0x000000041b000000|100%|HC|  |TAMS 0x000000041b000000| PB 0x000000041a800000| Complete 
|  54|0x000000041b000000, 0x000000041b800000, 0x000000041b800000|100%|HC|  |TAMS 0x000000041b800000| PB 0x000000041b000000| Complete 
|  55|0x000000041b800000, 0x000000041c000000, 0x000000041c000000|100%|HC|  |TAMS 0x000000041c000000| PB 0x000000041b800000| Complete 
|  56|0x000000041c000000, 0x000000041c800000, 0x000000041c800000|100%|HC|  |TAMS 0x000000041c800000| PB 0x000000041c000000| Complete 
|  57|0x000000041c800000, 0x000000041d000000, 0x000000041d000000|100%|HC|  |TAMS 0x000000041d000000| PB 0x000000041c800000| Complete 
|  58|0x000000041d000000, 0x000000041d800000, 0x000000041d800000|100%|HC|  |TAMS 0x000000041d800000| PB 0x000000041d000000| Complete 
|  59|0x000000041d800000, 0x000000041e000000, 0x000000041e000000|100%|HC|  |TAMS 0x000000041e000000| PB 0x000000041d800000| Complete 
|  60|0x000000041e000000, 0x000000041e800000, 0x000000041e800000|100%|HC|  |TAMS 0x000000041e800000| PB 0x000000041e000000| Complete 
|  61|0x000000041e800000, 0x000000041f000000, 0x000000041f000000|100%|HC|  |TAMS 0x000000041f000000| PB 0x000000041e800000| Complete 
|  62|0x000000041f000000, 0x000000041f800000, 0x000000041f800000|100%|HC|  |TAMS 0x000000041f800000| PB 0x000000041f000000| Complete 
|  63|0x000000041f800000, 0x0000000420000000, 0x0000000420000000|100%|HC|  |TAMS 0x0000000420000000| PB 0x000000041f800000| Complete 
|  64|0x0000000420000000, 0x0000000420800000, 0x0000000420800000|100%|HC|  |TAMS 0x0000000420800000| PB 0x0000000420000000| Complete 
|  65|0x0000000420800000, 0x0000000421000000, 0x0000000421000000|100%|HC|  |TAMS 0x0000000421000000| PB 0x0000000420800000| Complete 
|  66|0x0000000421000000, 0x0000000421800000, 0x0000000421800000|100%|HC|  |TAMS 0x0000000421800000| PB 0x0000000421000000| Complete 
|  67|0x0000000421800000, 0x0000000422000000, 0x0000000422000000|100%|HC|  |TAMS 0x0000000422000000| PB 0x0000000421800000| Complete 
|  68|0x0000000422000000, 0x0000000422800000, 0x0000000422800000|100%|HC|  |TAMS 0x0000000422800000| PB 0x0000000422000000| Complete 
|  69|0x0000000422800000, 0x0000000423000000, 0x0000000423000000|100%|HC|  |TAMS 0x0000000423000000| PB 0x0000000422800000| Complete 
|  70|0x0000000423000000, 0x0000000423800000, 0x0000000423800000|100%|HC|  |TAMS 0x0000000423800000| PB 0x0000000423000000| Complete 
|  71|0x0000000423800000, 0x0000000424000000, 0x0000000424000000|100%|HC|  |TAMS 0x0000000424000000| PB 0x0000000423800000| Complete 
|  72|0x0000000424000000, 0x0000000424800000, 0x0000000424800000|100%|HC|  |TAMS 0x0000000424800000| PB 0x0000000424000000| Complete 
|  73|0x0000000424800000, 0x0000000425000000, 0x0000000425000000|100%|HC|  |TAMS 0x0000000425000000| PB 0x0000000424800000| Complete 
|  74|0x0000000425000000, 0x0000000425800000, 0x0000000425800000|100%|HC|  |TAMS 0x0000000425800000| PB 0x0000000425000000| Complete 
|  75|0x0000000425800000, 0x0000000426000000, 0x0000000426000000|100%|HC|  |TAMS 0x0000000426000000| PB 0x0000000425800000| Complete 
|  76|0x0000000426000000, 0x0000000426800000, 0x0000000426800000|100%|HC|  |TAMS 0x0000000426800000| PB 0x0000000426000000| Complete 
|  77|0x0000000426800000, 0x0000000427000000, 0x0000000427000000|100%|HC|  |TAMS 0x0000000427000000| PB 0x0000000426800000| Complete 
|  78|0x0000000427000000, 0x0000000427800000, 0x0000000427800000|100%|HC|  |TAMS 0x0000000427800000| PB 0x0000000427000000| Complete 
|  79|0x0000000427800000, 0x0000000428000000, 0x0000000428000000|100%|HC|  |TAMS 0x0000000428000000| PB 0x0000000427800000| Complete 
|  80|0x0000000428000000, 0x0000000428800000, 0x0000000428800000|100%|HC|  |TAMS 0x0000000428800000| PB 0x0000000428000000| Complete 
|  81|0x0000000428800000, 0x0000000429000000, 0x0000000429000000|100%|HC|  |TAMS 0x0000000429000000| PB 0x0000000428800000| Complete 
|  82|0x0000000429000000, 0x0000000429800000, 0x0000000429800000|100%|HC|  |TAMS 0x0000000429800000| PB 0x0000000429000000| Complete 
|  83|0x0000000429800000, 0x000000042a000000, 0x000000042a000000|100%|HC|  |TAMS 0x000000042a000000| PB 0x0000000429800000| Complete 
|  84|0x000000042a000000, 0x000000042a800000, 0x000000042a800000|100%|HC|  |TAMS 0x000000042a800000| PB 0x000000042a000000| Complete 
|  85|0x000000042a800000, 0x000000042b000000, 0x000000042b000000|100%|HC|  |TAMS 0x000000042b000000| PB 0x000000042a800000| Complete 
|  86|0x000000042b000000, 0x000000042b800000, 0x000000042b800000|100%|HC|  |TAMS 0x000000042b800000| PB 0x000000042b000000| Complete 
|  87|0x000000042b800000, 0x000000042c000000, 0x000000042c000000|100%|HC|  |TAMS 0x000000042c000000| PB 0x000000042b800000| Complete 
|  88|0x000000042c000000, 0x000000042c800000, 0x000000042c800000|100%|HC|  |TAMS 0x000000042c800000| PB 0x000000042c000000| Complete 
|  89|0x000000042c800000, 0x000000042d000000, 0x000000042d000000|100%|HC|  |TAMS 0x000000042d000000| PB 0x000000042c800000| Complete 
|  90|0x000000042d000000, 0x000000042d800000, 0x000000042d800000|100%|HC|  |TAMS 0x000000042d800000| PB 0x000000042d000000| Complete 
|  91|0x000000042d800000, 0x000000042e000000, 0x000000042e000000|100%|HC|  |TAMS 0x000000042e000000| PB 0x000000042d800000| Complete 
|  92|0x000000042e000000, 0x000000042e800000, 0x000000042e800000|100%|HC|  |TAMS 0x000000042e800000| PB 0x000000042e000000| Complete 
|  93|0x000000042e800000, 0x000000042f000000, 0x000000042f000000|100%|HC|  |TAMS 0x000000042f000000| PB 0x000000042e800000| Complete 
|  94|0x000000042f000000, 0x000000042f800000, 0x000000042f800000|100%|HC|  |TAMS 0x000000042f800000| PB 0x000000042f000000| Complete 
|  95|0x000000042f800000, 0x0000000430000000, 0x0000000430000000|100%|HC|  |TAMS 0x0000000430000000| PB 0x000000042f800000| Complete 
|  96|0x0000000430000000, 0x0000000430800000, 0x0000000430800000|100%|HC|  |TAMS 0x0000000430800000| PB 0x0000000430000000| Complete 
|  97|0x0000000430800000, 0x0000000431000000, 0x0000000431000000|100%|HC|  |TAMS 0x0000000431000000| PB 0x0000000430800000| Complete 
|  98|0x0000000431000000, 0x0000000431800000, 0x0000000431800000|100%|HC|  |TAMS 0x0000000431800000| PB 0x0000000431000000| Complete 
|  99|0x0000000431800000, 0x0000000432000000, 0x0000000432000000|100%|HC|  |TAMS 0x0000000432000000| PB 0x0000000431800000| Complete 
| 100|0x0000000432000000, 0x0000000432800000, 0x0000000432800000|100%|HC|  |TAMS 0x0000000432800000| PB 0x0000000432000000| Complete 
| 101|0x0000000432800000, 0x0000000433000000, 0x0000000433000000|100%|HC|  |TAMS 0x0000000433000000| PB 0x0000000432800000| Complete 
| 102|0x0000000433000000, 0x0000000433800000, 0x0000000433800000|100%|HC|  |TAMS 0x0000000433800000| PB 0x0000000433000000| Complete 
| 103|0x0000000433800000, 0x0000000434000000, 0x0000000434000000|100%|HC|  |TAMS 0x0000000434000000| PB 0x0000000433800000| Complete 
| 104|0x0000000434000000, 0x0000000434800000, 0x0000000434800000|100%|HC|  |TAMS 0x0000000434800000| PB 0x0000000434000000| Complete 
| 105|0x0000000434800000, 0x0000000435000000, 0x0000000435000000|100%|HC|  |TAMS 0x0000000435000000| PB 0x0000000434800000| Complete 
| 106|0x0000000435000000, 0x0000000435800000, 0x0000000435800000|100%|HC|  |TAMS 0x0000000435800000| PB 0x0000000435000000| Complete 
| 107|0x0000000435800000, 0x0000000436000000, 0x0000000436000000|100%|HC|  |TAMS 0x0000000436000000| PB 0x0000000435800000| Complete 
| 108|0x0000000436000000, 0x0000000436800000, 0x0000000436800000|100%|HC|  |TAMS 0x0000000436800000| PB 0x0000000436000000| Complete 
| 109|0x0000000436800000, 0x0000000437000000, 0x0000000437000000|100%|HC|  |TAMS 0x0000000437000000| PB 0x0000000436800000| Complete 
| 110|0x0000000437000000, 0x0000000437800000, 0x0000000437800000|100%|HC|  |TAMS 0x0000000437800000| PB 0x0000000437000000| Complete 
| 111|0x0000000437800000, 0x0000000438000000, 0x0000000438000000|100%|HC|  |TAMS 0x0000000438000000| PB 0x0000000437800000| Complete 
| 112|0x0000000438000000, 0x0000000438800000, 0x0000000438800000|100%|HC|  |TAMS 0x0000000438800000| PB 0x0000000438000000| Complete 
| 113|0x0000000438800000, 0x0000000439000000, 0x0000000439000000|100%|HC|  |TAMS 0x0000000439000000| PB 0x0000000438800000| Complete 
| 114|0x0000000439000000, 0x0000000439800000, 0x0000000439800000|100%|HC|  |TAMS 0x0000000439800000| PB 0x0000000439000000| Complete 
| 115|0x0000000439800000, 0x000000043a000000, 0x000000043a000000|100%|HC|  |TAMS 0x000000043a000000| PB 0x0000000439800000| Complete 
| 116|0x000000043a000000, 0x000000043a800000, 0x000000043a800000|100%|HC|  |TAMS 0x000000043a800000| PB 0x000000043a000000| Complete 
| 117|0x000000043a800000, 0x000000043b000000, 0x000000043b000000|100%|HC|  |TAMS 0x000000043b000000| PB 0x000000043a800000| Complete 
| 118|0x000000043b000000, 0x000000043b800000, 0x000000043b800000|100%|HC|  |TAMS 0x000000043b800000| PB 0x000000043b000000| Complete 
| 119|0x000000043b800000, 0x000000043c000000, 0x000000043c000000|100%|HC|  |TAMS 0x000000043c000000| PB 0x000000043b800000| Complete 
| 120|0x000000043c000000, 0x000000043c800000, 0x000000043c800000|100%|HC|  |TAMS 0x000000043c800000| PB 0x000000043c000000| Complete 
| 121|0x000000043c800000, 0x000000043d000000, 0x000000043d000000|100%|HC|  |TAMS 0x000000043d000000| PB 0x000000043c800000| Complete 
| 122|0x000000043d000000, 0x000000043d800000, 0x000000043d800000|100%|HC|  |TAMS 0x000000043d800000| PB 0x000000043d000000| Complete 
| 123|0x000000043d800000, 0x000000043e000000, 0x000000043e000000|100%|HC|  |TAMS 0x000000043e000000| PB 0x000000043d800000| Complete 
| 124|0x000000043e000000, 0x000000043e800000, 0x000000043e800000|100%|HC|  |TAMS 0x000000043e800000| PB 0x000000043e000000| Complete 
| 125|0x000000043e800000, 0x000000043f000000, 0x000000043f000000|100%|HC|  |TAMS 0x000000043f000000| PB 0x000000043e800000| Complete 
| 126|0x000000043f000000, 0x000000043f800000, 0x000000043f800000|100%|HC|  |TAMS 0x000000043f800000| PB 0x000000043f000000| Complete 
| 127|0x000000043f800000, 0x0000000440000000, 0x0000000440000000|100%|HC|  |TAMS 0x0000000440000000| PB 0x000000043f800000| Complete 
| 128|0x0000000440000000, 0x0000000440800000, 0x0000000440800000|100%|HC|  |TAMS 0x0000000440800000| PB 0x0000000440000000| Complete 
| 129|0x0000000440800000, 0x0000000441000000, 0x0000000441000000|100%|HC|  |TAMS 0x0000000441000000| PB 0x0000000440800000| Complete 
| 130|0x0000000441000000, 0x0000000441800000, 0x0000000441800000|100%|HC|  |TAMS 0x0000000441800000| PB 0x0000000441000000| Complete 
| 131|0x0000000441800000, 0x0000000442000000, 0x0000000442000000|100%|HC|  |TAMS 0x0000000442000000| PB 0x0000000441800000| Complete 
| 132|0x0000000442000000, 0x0000000442800000, 0x0000000442800000|100%|HC|  |TAMS 0x0000000442800000| PB 0x0000000442000000| Complete 
| 133|0x0000000442800000, 0x0000000443000000, 0x0000000443000000|100%|HC|  |TAMS 0x0000000443000000| PB 0x0000000442800000| Complete 
| 134|0x0000000443000000, 0x0000000443800000, 0x0000000443800000|100%|HC|  |TAMS 0x0000000443800000| PB 0x0000000443000000| Complete 
| 135|0x0000000443800000, 0x0000000444000000, 0x0000000444000000|100%|HC|  |TAMS 0x0000000444000000| PB 0x0000000443800000| Complete 
| 136|0x0000000444000000, 0x0000000444800000, 0x0000000444800000|100%|HC|  |TAMS 0x0000000444800000| PB 0x0000000444000000| Complete 
| 137|0x0000000444800000, 0x0000000445000000, 0x0000000445000000|100%|HC|  |TAMS 0x0000000445000000| PB 0x0000000444800000| Complete 
| 138|0x0000000445000000, 0x0000000445800000, 0x0000000445800000|100%|HC|  |TAMS 0x0000000445800000| PB 0x0000000445000000| Complete 
| 139|0x0000000445800000, 0x0000000446000000, 0x0000000446000000|100%|HC|  |TAMS 0x0000000446000000| PB 0x0000000445800000| Complete 
| 140|0x0000000446000000, 0x0000000446800000, 0x0000000446800000|100%|HC|  |TAMS 0x0000000446800000| PB 0x0000000446000000| Complete 
| 141|0x0000000446800000, 0x0000000447000000, 0x0000000447000000|100%|HC|  |TAMS 0x0000000447000000| PB 0x0000000446800000| Complete 
| 142|0x0000000447000000, 0x0000000447800000, 0x0000000447800000|100%|HC|  |TAMS 0x0000000447800000| PB 0x0000000447000000| Complete 
| 143|0x0000000447800000, 0x0000000448000000, 0x0000000448000000|100%|HC|  |TAMS 0x0000000448000000| PB 0x0000000447800000| Complete 
| 144|0x0000000448000000, 0x0000000448800000, 0x0000000448800000|100%|HC|  |TAMS 0x0000000448800000| PB 0x0000000448000000| Complete 
| 145|0x0000000448800000, 0x0000000449000000, 0x0000000449000000|100%|HC|  |TAMS 0x0000000449000000| PB 0x0000000448800000| Complete 
| 146|0x0000000449000000, 0x0000000449800000, 0x0000000449800000|100%|HC|  |TAMS 0x0000000449800000| PB 0x0000000449000000| Complete 
| 147|0x0000000449800000, 0x000000044a000000, 0x000000044a000000|100%|HC|  |TAMS 0x000000044a000000| PB 0x0000000449800000| Complete 
| 148|0x000000044a000000, 0x000000044a800000, 0x000000044a800000|100%|HC|  |TAMS 0x000000044a800000| PB 0x000000044a000000| Complete 
| 149|0x000000044a800000, 0x000000044b000000, 0x000000044b000000|100%|HC|  |TAMS 0x000000044b000000| PB 0x000000044a800000| Complete 
| 150|0x000000044b000000, 0x000000044b800000, 0x000000044b800000|100%|HC|  |TAMS 0x000000044b800000| PB 0x000000044b000000| Complete 
| 151|0x000000044b800000, 0x000000044c000000, 0x000000044c000000|100%|HC|  |TAMS 0x000000044c000000| PB 0x000000044b800000| Complete 
| 152|0x000000044c000000, 0x000000044c800000, 0x000000044c800000|100%|HC|  |TAMS 0x000000044c800000| PB 0x000000044c000000| Complete 
| 153|0x000000044c800000, 0x000000044d000000, 0x000000044d000000|100%|HC|  |TAMS 0x000000044d000000| PB 0x000000044c800000| Complete 
| 154|0x000000044d000000, 0x000000044d800000, 0x000000044d800000|100%|HC|  |TAMS 0x000000044d800000| PB 0x000000044d000000| Complete 
| 155|0x000000044d800000, 0x000000044e000000, 0x000000044e000000|100%|HC|  |TAMS 0x000000044e000000| PB 0x000000044d800000| Complete 
| 156|0x000000044e000000, 0x000000044e800000, 0x000000044e800000|100%|HC|  |TAMS 0x000000044e800000| PB 0x000000044e000000| Complete 
| 157|0x000000044e800000, 0x000000044f000000, 0x000000044f000000|100%|HC|  |TAMS 0x000000044f000000| PB 0x000000044e800000| Complete 
| 158|0x000000044f000000, 0x000000044f800000, 0x000000044f800000|100%|HC|  |TAMS 0x000000044f800000| PB 0x000000044f000000| Complete 
| 159|0x000000044f800000, 0x0000000450000000, 0x0000000450000000|100%|HC|  |TAMS 0x0000000450000000| PB 0x000000044f800000| Complete 
| 160|0x0000000450000000, 0x0000000450800000, 0x0000000450800000|100%|HC|  |TAMS 0x0000000450800000| PB 0x0000000450000000| Complete 
| 161|0x0000000450800000, 0x0000000451000000, 0x0000000451000000|100%|HC|  |TAMS 0x0000000451000000| PB 0x0000000450800000| Complete 
| 162|0x0000000451000000, 0x0000000451800000, 0x0000000451800000|100%|HC|  |TAMS 0x0000000451800000| PB 0x0000000451000000| Complete 
| 163|0x0000000451800000, 0x0000000452000000, 0x0000000452000000|100%|HC|  |TAMS 0x0000000452000000| PB 0x0000000451800000| Complete 
| 164|0x0000000452000000, 0x0000000452800000, 0x0000000452800000|100%|HC|  |TAMS 0x0000000452800000| PB 0x0000000452000000| Complete 
| 165|0x0000000452800000, 0x0000000453000000, 0x0000000453000000|100%|HC|  |TAMS 0x0000000453000000| PB 0x0000000452800000| Complete 
| 166|0x0000000453000000, 0x0000000453800000, 0x0000000453800000|100%|HC|  |TAMS 0x0000000453800000| PB 0x0000000453000000| Complete 
| 167|0x0000000453800000, 0x0000000454000000, 0x0000000454000000|100%|HC|  |TAMS 0x0000000454000000| PB 0x0000000453800000| Complete 
| 168|0x0000000454000000, 0x0000000454800000, 0x0000000454800000|100%|HC|  |TAMS 0x0000000454800000| PB 0x0000000454000000| Complete 
| 169|0x0000000454800000, 0x0000000455000000, 0x0000000455000000|100%|HC|  |TAMS 0x0000000455000000| PB 0x0000000454800000| Complete 
| 170|0x0000000455000000, 0x0000000455800000, 0x0000000455800000|100%|HC|  |TAMS 0x0000000455800000| PB 0x0000000455000000| Complete 
| 171|0x0000000455800000, 0x0000000456000000, 0x0000000456000000|100%|HC|  |TAMS 0x0000000456000000| PB 0x0000000455800000| Complete 
| 172|0x0000000456000000, 0x0000000456800000, 0x0000000456800000|100%|HC|  |TAMS 0x0000000456800000| PB 0x0000000456000000| Complete 
| 173|0x0000000456800000, 0x0000000457000000, 0x0000000457000000|100%|HC|  |TAMS 0x0000000457000000| PB 0x0000000456800000| Complete 
| 174|0x0000000457000000, 0x0000000457800000, 0x0000000457800000|100%|HC|  |TAMS 0x0000000457800000| PB 0x0000000457000000| Complete 
| 175|0x0000000457800000, 0x0000000458000000, 0x0000000458000000|100%|HC|  |TAMS 0x0000000458000000| PB 0x0000000457800000| Complete 
| 176|0x0000000458000000, 0x0000000458800000, 0x0000000458800000|100%|HC|  |TAMS 0x0000000458800000| PB 0x0000000458000000| Complete 
| 177|0x0000000458800000, 0x0000000459000000, 0x0000000459000000|100%|HC|  |TAMS 0x0000000459000000| PB 0x0000000458800000| Complete 
| 178|0x0000000459000000, 0x0000000459800000, 0x0000000459800000|100%|HC|  |TAMS 0x0000000459800000| PB 0x0000000459000000| Complete 
| 179|0x0000000459800000, 0x000000045a000000, 0x000000045a000000|100%|HC|  |TAMS 0x000000045a000000| PB 0x0000000459800000| Complete 
| 180|0x000000045a000000, 0x000000045a800000, 0x000000045a800000|100%|HC|  |TAMS 0x000000045a800000| PB 0x000000045a000000| Complete 
| 181|0x000000045a800000, 0x000000045b000000, 0x000000045b000000|100%|HC|  |TAMS 0x000000045b000000| PB 0x000000045a800000| Complete 
| 182|0x000000045b000000, 0x000000045b800000, 0x000000045b800000|100%|HC|  |TAMS 0x000000045b800000| PB 0x000000045b000000| Complete 
| 183|0x000000045b800000, 0x000000045c000000, 0x000000045c000000|100%|HC|  |TAMS 0x000000045c000000| PB 0x000000045b800000| Complete 
| 184|0x000000045c000000, 0x000000045c800000, 0x000000045c800000|100%|HC|  |TAMS 0x000000045c800000| PB 0x000000045c000000| Complete 
| 185|0x000000045c800000, 0x000000045d000000, 0x000000045d000000|100%|HC|  |TAMS 0x000000045d000000| PB 0x000000045c800000| Complete 
| 186|0x000000045d000000, 0x000000045d800000, 0x000000045d800000|100%|HC|  |TAMS 0x000000045d800000| PB 0x000000045d000000| Complete 
| 187|0x000000045d800000, 0x000000045e000000, 0x000000045e000000|100%|HC|  |TAMS 0x000000045e000000| PB 0x000000045d800000| Complete 
| 188|0x000000045e000000, 0x000000045e800000, 0x000000045e800000|100%|HC|  |TAMS 0x000000045e800000| PB 0x000000045e000000| Complete 
| 189|0x000000045e800000, 0x000000045f000000, 0x000000045f000000|100%|HC|  |TAMS 0x000000045f000000| PB 0x000000045e800000| Complete 
| 190|0x000000045f000000, 0x000000045f800000, 0x000000045f800000|100%|HC|  |TAMS 0x000000045f800000| PB 0x000000045f000000| Complete 
| 191|0x000000045f800000, 0x0000000460000000, 0x0000000460000000|100%|HC|  |TAMS 0x0000000460000000| PB 0x000000045f800000| Complete 
| 192|0x0000000460000000, 0x0000000460800000, 0x0000000460800000|100%|HC|  |TAMS 0x0000000460800000| PB 0x0000000460000000| Complete 
| 193|0x0000000460800000, 0x0000000461000000, 0x0000000461000000|100%|HC|  |TAMS 0x0000000461000000| PB 0x0000000460800000| Complete 
| 194|0x0000000461000000, 0x0000000461800000, 0x0000000461800000|100%|HC|  |TAMS 0x0000000461800000| PB 0x0000000461000000| Complete 
| 195|0x0000000461800000, 0x0000000462000000, 0x0000000462000000|100%|HC|  |TAMS 0x0000000462000000| PB 0x0000000461800000| Complete 
| 196|0x0000000462000000, 0x0000000462800000, 0x0000000462800000|100%|HC|  |TAMS 0x0000000462800000| PB 0x0000000462000000| Complete 
| 197|0x0000000462800000, 0x0000000463000000, 0x0000000463000000|100%|HC|  |TAMS 0x0000000463000000| PB 0x0000000462800000| Complete 
| 198|0x0000000463000000, 0x0000000463800000, 0x0000000463800000|100%|HC|  |TAMS 0x0000000463800000| PB 0x0000000463000000| Complete 
| 199|0x0000000463800000, 0x0000000464000000, 0x0000000464000000|100%|HC|  |TAMS 0x0000000464000000| PB 0x0000000463800000| Complete 
| 200|0x0000000464000000, 0x0000000464800000, 0x0000000464800000|100%|HC|  |TAMS 0x0000000464800000| PB 0x0000000464000000| Complete 
| 201|0x0000000464800000, 0x0000000465000000, 0x0000000465000000|100%|HC|  |TAMS 0x0000000465000000| PB 0x0000000464800000| Complete 
| 202|0x0000000465000000, 0x0000000465800000, 0x0000000465800000|100%|HC|  |TAMS 0x0000000465800000| PB 0x0000000465000000| Complete 
| 203|0x0000000465800000, 0x0000000466000000, 0x0000000466000000|100%|HC|  |TAMS 0x0000000466000000| PB 0x0000000465800000| Complete 
| 204|0x0000000466000000, 0x0000000466800000, 0x0000000466800000|100%|HC|  |TAMS 0x0000000466800000| PB 0x0000000466000000| Complete 
| 205|0x0000000466800000, 0x0000000467000000, 0x0000000467000000|100%|HC|  |TAMS 0x0000000467000000| PB 0x0000000466800000| Complete 
| 206|0x0000000467000000, 0x0000000467800000, 0x0000000467800000|100%|HC|  |TAMS 0x0000000467800000| PB 0x0000000467000000| Complete 
| 207|0x0000000467800000, 0x0000000468000000, 0x0000000468000000|100%|HC|  |TAMS 0x0000000468000000| PB 0x0000000467800000| Complete 
| 208|0x0000000468000000, 0x0000000468800000, 0x0000000468800000|100%|HC|  |TAMS 0x0000000468800000| PB 0x0000000468000000| Complete 
| 209|0x0000000468800000, 0x0000000469000000, 0x0000000469000000|100%|HC|  |TAMS 0x0000000469000000| PB 0x0000000468800000| Complete 
| 210|0x0000000469000000, 0x0000000469800000, 0x0000000469800000|100%|HC|  |TAMS 0x0000000469800000| PB 0x0000000469000000| Complete 
| 211|0x0000000469800000, 0x000000046a000000, 0x000000046a000000|100%|HC|  |TAMS 0x000000046a000000| PB 0x0000000469800000| Complete 
| 212|0x000000046a000000, 0x000000046a800000, 0x000000046a800000|100%|HC|  |TAMS 0x000000046a800000| PB 0x000000046a000000| Complete 
| 213|0x000000046a800000, 0x000000046b000000, 0x000000046b000000|100%|HC|  |TAMS 0x000000046b000000| PB 0x000000046a800000| Complete 
| 214|0x000000046b000000, 0x000000046b800000, 0x000000046b800000|100%|HC|  |TAMS 0x000000046b800000| PB 0x000000046b000000| Complete 
| 215|0x000000046b800000, 0x000000046c000000, 0x000000046c000000|100%|HC|  |TAMS 0x000000046c000000| PB 0x000000046b800000| Complete 
| 216|0x000000046c000000, 0x000000046c800000, 0x000000046c800000|100%|HC|  |TAMS 0x000000046c800000| PB 0x000000046c000000| Complete 
| 217|0x000000046c800000, 0x000000046d000000, 0x000000046d000000|100%|HC|  |TAMS 0x000000046d000000| PB 0x000000046c800000| Complete 
| 218|0x000000046d000000, 0x000000046d800000, 0x000000046d800000|100%|HC|  |TAMS 0x000000046d800000| PB 0x000000046d000000| Complete 
| 219|0x000000046d800000, 0x000000046e000000, 0x000000046e000000|100%|HC|  |TAMS 0x000000046e000000| PB 0x000000046d800000| Complete 
| 220|0x000000046e000000, 0x000000046e800000, 0x000000046e800000|100%|HC|  |TAMS 0x000000046e800000| PB 0x000000046e000000| Complete 
| 221|0x000000046e800000, 0x000000046f000000, 0x000000046f000000|100%|HC|  |TAMS 0x000000046f000000| PB 0x000000046e800000| Complete 
| 222|0x000000046f000000, 0x000000046f800000, 0x000000046f800000|100%|HC|  |TAMS 0x000000046f800000| PB 0x000000046f000000| Complete 
| 223|0x000000046f800000, 0x0000000470000000, 0x0000000470000000|100%|HC|  |TAMS 0x0000000470000000| PB 0x000000046f800000| Complete 
| 224|0x0000000470000000, 0x0000000470800000, 0x0000000470800000|100%|HC|  |TAMS 0x0000000470800000| PB 0x0000000470000000| Complete 
| 225|0x0000000470800000, 0x0000000471000000, 0x0000000471000000|100%|HC|  |TAMS 0x0000000471000000| PB 0x0000000470800000| Complete 
| 226|0x0000000471000000, 0x0000000471800000, 0x0000000471800000|100%|HC|  |TAMS 0x0000000471800000| PB 0x0000000471000000| Complete 
| 227|0x0000000471800000, 0x0000000472000000, 0x0000000472000000|100%|HC|  |TAMS 0x0000000472000000| PB 0x0000000471800000| Complete 
| 228|0x0000000472000000, 0x0000000472800000, 0x0000000472800000|100%|HC|  |TAMS 0x0000000472800000| PB 0x0000000472000000| Complete 
| 229|0x0000000472800000, 0x0000000473000000, 0x0000000473000000|100%|HC|  |TAMS 0x0000000473000000| PB 0x0000000472800000| Complete 
| 230|0x0000000473000000, 0x0000000473800000, 0x0000000473800000|100%|HC|  |TAMS 0x0000000473800000| PB 0x0000000473000000| Complete 
| 231|0x0000000473800000, 0x0000000474000000, 0x0000000474000000|100%|HC|  |TAMS 0x0000000474000000| PB 0x0000000473800000| Complete 
| 232|0x0000000474000000, 0x0000000474800000, 0x0000000474800000|100%|HC|  |TAMS 0x0000000474800000| PB 0x0000000474000000| Complete 
| 233|0x0000000474800000, 0x0000000475000000, 0x0000000475000000|100%|HC|  |TAMS 0x0000000475000000| PB 0x0000000474800000| Complete 
| 234|0x0000000475000000, 0x0000000475800000, 0x0000000475800000|100%|HC|  |TAMS 0x0000000475800000| PB 0x0000000475000000| Complete 
| 235|0x0000000475800000, 0x0000000476000000, 0x0000000476000000|100%|HC|  |TAMS 0x0000000476000000| PB 0x0000000475800000| Complete 
| 236|0x0000000476000000, 0x0000000476800000, 0x0000000476800000|100%|HC|  |TAMS 0x0000000476800000| PB 0x0000000476000000| Complete 
| 237|0x0000000476800000, 0x0000000477000000, 0x0000000477000000|100%|HC|  |TAMS 0x0000000477000000| PB 0x0000000476800000| Complete 
| 238|0x0000000477000000, 0x0000000477800000, 0x0000000477800000|100%|HC|  |TAMS 0x0000000477800000| PB 0x0000000477000000| Complete 
| 239|0x0000000477800000, 0x0000000478000000, 0x0000000478000000|100%|HC|  |TAMS 0x0000000478000000| PB 0x0000000477800000| Complete 
| 240|0x0000000478000000, 0x0000000478800000, 0x0000000478800000|100%|HC|  |TAMS 0x0000000478800000| PB 0x0000000478000000| Complete 
| 241|0x0000000478800000, 0x0000000479000000, 0x0000000479000000|100%|HC|  |TAMS 0x0000000479000000| PB 0x0000000478800000| Complete 
| 242|0x0000000479000000, 0x0000000479800000, 0x0000000479800000|100%|HC|  |TAMS 0x0000000479800000| PB 0x0000000479000000| Complete 
| 243|0x0000000479800000, 0x000000047a000000, 0x000000047a000000|100%|HC|  |TAMS 0x000000047a000000| PB 0x0000000479800000| Complete 
| 244|0x000000047a000000, 0x000000047a800000, 0x000000047a800000|100%|HC|  |TAMS 0x000000047a800000| PB 0x000000047a000000| Complete 
| 245|0x000000047a800000, 0x000000047b000000, 0x000000047b000000|100%|HC|  |TAMS 0x000000047b000000| PB 0x000000047a800000| Complete 
| 246|0x000000047b000000, 0x000000047b800000, 0x000000047b800000|100%|HC|  |TAMS 0x000000047b800000| PB 0x000000047b000000| Complete 
| 247|0x000000047b800000, 0x000000047c000000, 0x000000047c000000|100%|HC|  |TAMS 0x000000047c000000| PB 0x000000047b800000| Complete 
| 248|0x000000047c000000, 0x000000047c800000, 0x000000047c800000|100%|HC|  |TAMS 0x000000047c800000| PB 0x000000047c000000| Complete 
| 249|0x000000047c800000, 0x000000047d000000, 0x000000047d000000|100%|HC|  |TAMS 0x000000047d000000| PB 0x000000047c800000| Complete 
| 250|0x000000047d000000, 0x000000047d800000, 0x000000047d800000|100%|HC|  |TAMS 0x000000047d800000| PB 0x000000047d000000| Complete 
| 251|0x000000047d800000, 0x000000047e000000, 0x000000047e000000|100%|HC|  |TAMS 0x000000047e000000| PB 0x000000047d800000| Complete 
| 252|0x000000047e000000, 0x000000047e800000, 0x000000047e800000|100%|HC|  |TAMS 0x000000047e800000| PB 0x000000047e000000| Complete 
| 253|0x000000047e800000, 0x000000047f000000, 0x000000047f000000|100%|HC|  |TAMS 0x000000047f000000| PB 0x000000047e800000| Complete 
| 254|0x000000047f000000, 0x000000047f800000, 0x000000047f800000|100%|HC|  |TAMS 0x000000047f800000| PB 0x000000047f000000| Complete 
| 255|0x000000047f800000, 0x0000000480000000, 0x0000000480000000|100%|HC|  |TAMS 0x0000000480000000| PB 0x000000047f800000| Complete 
| 256|0x0000000480000000, 0x0000000480800000, 0x0000000480800000|100%|HC|  |TAMS 0x0000000480800000| PB 0x0000000480000000| Complete 
| 257|0x0000000480800000, 0x0000000481000000, 0x0000000481000000|100%|HC|  |TAMS 0x0000000481000000| PB 0x0000000480800000| Complete 
| 258|0x0000000481000000, 0x0000000481800000, 0x0000000481800000|100%|HC|  |TAMS 0x0000000481800000| PB 0x0000000481000000| Complete 
| 259|0x0000000481800000, 0x0000000482000000, 0x0000000482000000|100%|HC|  |TAMS 0x0000000482000000| PB 0x0000000481800000| Complete 
| 260|0x0000000482000000, 0x0000000482800000, 0x0000000482800000|100%|HC|  |TAMS 0x0000000482800000| PB 0x0000000482000000| Complete 
| 261|0x0000000482800000, 0x0000000483000000, 0x0000000483000000|100%|HC|  |TAMS 0x0000000483000000| PB 0x0000000482800000| Complete 
| 262|0x0000000483000000, 0x0000000483800000, 0x0000000483800000|100%|HC|  |TAMS 0x0000000483800000| PB 0x0000000483000000| Complete 
| 263|0x0000000483800000, 0x0000000484000000, 0x0000000484000000|100%|HC|  |TAMS 0x0000000484000000| PB 0x0000000483800000| Complete 
| 264|0x0000000484000000, 0x0000000484800000, 0x0000000484800000|100%|HC|  |TAMS 0x0000000484800000| PB 0x0000000484000000| Complete 
| 265|0x0000000484800000, 0x0000000485000000, 0x0000000485000000|100%|HC|  |TAMS 0x0000000485000000| PB 0x0000000484800000| Complete 
| 266|0x0000000485000000, 0x0000000485800000, 0x0000000485800000|100%|HC|  |TAMS 0x0000000485800000| PB 0x0000000485000000| Complete 
| 267|0x0000000485800000, 0x0000000486000000, 0x0000000486000000|100%|HC|  |TAMS 0x0000000486000000| PB 0x0000000485800000| Complete 
| 268|0x0000000486000000, 0x0000000486800000, 0x0000000486800000|100%|HC|  |TAMS 0x0000000486800000| PB 0x0000000486000000| Complete 
| 269|0x0000000486800000, 0x0000000487000000, 0x0000000487000000|100%|HC|  |TAMS 0x0000000487000000| PB 0x0000000486800000| Complete 
| 270|0x0000000487000000, 0x0000000487800000, 0x0000000487800000|100%|HC|  |TAMS 0x0000000487800000| PB 0x0000000487000000| Complete 
| 271|0x0000000487800000, 0x0000000488000000, 0x0000000488000000|100%|HC|  |TAMS 0x0000000488000000| PB 0x0000000487800000| Complete 
| 272|0x0000000488000000, 0x0000000488800000, 0x0000000488800000|100%|HC|  |TAMS 0x0000000488800000| PB 0x0000000488000000| Complete 
| 273|0x0000000488800000, 0x0000000489000000, 0x0000000489000000|100%|HC|  |TAMS 0x0000000489000000| PB 0x0000000488800000| Complete 
| 274|0x0000000489000000, 0x0000000489800000, 0x0000000489800000|100%|HC|  |TAMS 0x0000000489800000| PB 0x0000000489000000| Complete 
| 275|0x0000000489800000, 0x000000048a000000, 0x000000048a000000|100%|HC|  |TAMS 0x000000048a000000| PB 0x0000000489800000| Complete 
| 276|0x000000048a000000, 0x000000048a800000, 0x000000048a800000|100%|HC|  |TAMS 0x000000048a800000| PB 0x000000048a000000| Complete 
| 277|0x000000048a800000, 0x000000048b000000, 0x000000048b000000|100%|HC|  |TAMS 0x000000048b000000| PB 0x000000048a800000| Complete 
| 278|0x000000048b000000, 0x000000048b800000, 0x000000048b800000|100%|HC|  |TAMS 0x000000048b800000| PB 0x000000048b000000| Complete 
| 279|0x000000048b800000, 0x000000048c000000, 0x000000048c000000|100%|HC|  |TAMS 0x000000048c000000| PB 0x000000048b800000| Complete 
| 280|0x000000048c000000, 0x000000048c800000, 0x000000048c800000|100%|HC|  |TAMS 0x000000048c800000| PB 0x000000048c000000| Complete 
| 281|0x000000048c800000, 0x000000048d000000, 0x000000048d000000|100%|HC|  |TAMS 0x000000048d000000| PB 0x000000048c800000| Complete 
| 282|0x000000048d000000, 0x000000048d800000, 0x000000048d800000|100%|HC|  |TAMS 0x000000048d800000| PB 0x000000048d000000| Complete 
| 283|0x000000048d800000, 0x000000048e000000, 0x000000048e000000|100%|HC|  |TAMS 0x000000048e000000| PB 0x000000048d800000| Complete 
| 284|0x000000048e000000, 0x000000048e800000, 0x000000048e800000|100%|HC|  |TAMS 0x000000048e800000| PB 0x000000048e000000| Complete 
| 285|0x000000048e800000, 0x000000048f000000, 0x000000048f000000|100%|HC|  |TAMS 0x000000048f000000| PB 0x000000048e800000| Complete 
| 286|0x000000048f000000, 0x000000048f800000, 0x000000048f800000|100%|HC|  |TAMS 0x000000048f800000| PB 0x000000048f000000| Complete 
| 287|0x000000048f800000, 0x0000000490000000, 0x0000000490000000|100%|HC|  |TAMS 0x0000000490000000| PB 0x000000048f800000| Complete 
| 288|0x0000000490000000, 0x0000000490800000, 0x0000000490800000|100%|HC|  |TAMS 0x0000000490800000| PB 0x0000000490000000| Complete 
| 289|0x0000000490800000, 0x0000000491000000, 0x0000000491000000|100%|HC|  |TAMS 0x0000000491000000| PB 0x0000000490800000| Complete 
| 290|0x0000000491000000, 0x0000000491800000, 0x0000000491800000|100%|HC|  |TAMS 0x0000000491800000| PB 0x0000000491000000| Complete 
| 291|0x0000000491800000, 0x0000000492000000, 0x0000000492000000|100%|HC|  |TAMS 0x0000000492000000| PB 0x0000000491800000| Complete 
| 292|0x0000000492000000, 0x0000000492800000, 0x0000000492800000|100%|HC|  |TAMS 0x0000000492800000| PB 0x0000000492000000| Complete 
| 293|0x0000000492800000, 0x0000000493000000, 0x0000000493000000|100%|HC|  |TAMS 0x0000000493000000| PB 0x0000000492800000| Complete 
| 294|0x0000000493000000, 0x0000000493800000, 0x0000000493800000|100%|HC|  |TAMS 0x0000000493800000| PB 0x0000000493000000| Complete 
| 295|0x0000000493800000, 0x0000000494000000, 0x0000000494000000|100%|HC|  |TAMS 0x0000000494000000| PB 0x0000000493800000| Complete 
| 296|0x0000000494000000, 0x0000000494800000, 0x0000000494800000|100%|HC|  |TAMS 0x0000000494800000| PB 0x0000000494000000| Complete 
| 297|0x0000000494800000, 0x0000000495000000, 0x0000000495000000|100%|HC|  |TAMS 0x0000000495000000| PB 0x0000000494800000| Complete 
| 298|0x0000000495000000, 0x0000000495800000, 0x0000000495800000|100%|HC|  |TAMS 0x0000000495800000| PB 0x0000000495000000| Complete 
| 299|0x0000000495800000, 0x0000000496000000, 0x0000000496000000|100%|HC|  |TAMS 0x0000000496000000| PB 0x0000000495800000| Complete 
| 300|0x0000000496000000, 0x0000000496800000, 0x0000000496800000|100%|HC|  |TAMS 0x0000000496800000| PB 0x0000000496000000| Complete 
| 301|0x0000000496800000, 0x0000000497000000, 0x0000000497000000|100%|HC|  |TAMS 0x0000000497000000| PB 0x0000000496800000| Complete 
| 302|0x0000000497000000, 0x0000000497800000, 0x0000000497800000|100%|HC|  |TAMS 0x0000000497800000| PB 0x0000000497000000| Complete 
| 303|0x0000000497800000, 0x0000000498000000, 0x0000000498000000|100%|HC|  |TAMS 0x0000000498000000| PB 0x0000000497800000| Complete 
| 304|0x0000000498000000, 0x0000000498800000, 0x0000000498800000|100%|HC|  |TAMS 0x0000000498800000| PB 0x0000000498000000| Complete 
| 305|0x0000000498800000, 0x0000000499000000, 0x0000000499000000|100%|HC|  |TAMS 0x0000000499000000| PB 0x0000000498800000| Complete 
| 306|0x0000000499000000, 0x0000000499800000, 0x0000000499800000|100%|HC|  |TAMS 0x0000000499800000| PB 0x0000000499000000| Complete 
| 307|0x0000000499800000, 0x000000049a000000, 0x000000049a000000|100%|HC|  |TAMS 0x000000049a000000| PB 0x0000000499800000| Complete 
| 308|0x000000049a000000, 0x000000049a800000, 0x000000049a800000|100%|HC|  |TAMS 0x000000049a800000| PB 0x000000049a000000| Complete 
| 309|0x000000049a800000, 0x000000049b000000, 0x000000049b000000|100%|HC|  |TAMS 0x000000049b000000| PB 0x000000049a800000| Complete 
| 310|0x000000049b000000, 0x000000049b800000, 0x000000049b800000|100%|HC|  |TAMS 0x000000049b800000| PB 0x000000049b000000| Complete 
| 311|0x000000049b800000, 0x000000049c000000, 0x000000049c000000|100%|HC|  |TAMS 0x000000049c000000| PB 0x000000049b800000| Complete 
| 312|0x000000049c000000, 0x000000049c800000, 0x000000049c800000|100%|HC|  |TAMS 0x000000049c800000| PB 0x000000049c000000| Complete 
| 313|0x000000049c800000, 0x000000049d000000, 0x000000049d000000|100%|HC|  |TAMS 0x000000049d000000| PB 0x000000049c800000| Complete 
| 314|0x000000049d000000, 0x000000049d800000, 0x000000049d800000|100%|HC|  |TAMS 0x000000049d800000| PB 0x000000049d000000| Complete 
| 315|0x000000049d800000, 0x000000049e000000, 0x000000049e000000|100%|HC|  |TAMS 0x000000049e000000| PB 0x000000049d800000| Complete 
| 316|0x000000049e000000, 0x000000049e800000, 0x000000049e800000|100%|HC|  |TAMS 0x000000049e800000| PB 0x000000049e000000| Complete 
| 317|0x000000049e800000, 0x000000049f000000, 0x000000049f000000|100%|HC|  |TAMS 0x000000049f000000| PB 0x000000049e800000| Complete 
| 318|0x000000049f000000, 0x000000049f800000, 0x000000049f800000|100%|HC|  |TAMS 0x000000049f800000| PB 0x000000049f000000| Complete 
| 319|0x000000049f800000, 0x00000004a0000000, 0x00000004a0000000|100%|HC|  |TAMS 0x00000004a0000000| PB 0x000000049f800000| Complete 
| 320|0x00000004a0000000, 0x00000004a0800000, 0x00000004a0800000|100%|HC|  |TAMS 0x00000004a0800000| PB 0x00000004a0000000| Complete 
| 321|0x00000004a0800000, 0x00000004a1000000, 0x00000004a1000000|100%|HC|  |TAMS 0x00000004a1000000| PB 0x00000004a0800000| Complete 
| 322|0x00000004a1000000, 0x00000004a1800000, 0x00000004a1800000|100%|HC|  |TAMS 0x00000004a1800000| PB 0x00000004a1000000| Complete 
| 323|0x00000004a1800000, 0x00000004a2000000, 0x00000004a2000000|100%|HC|  |TAMS 0x00000004a2000000| PB 0x00000004a1800000| Complete 
| 324|0x00000004a2000000, 0x00000004a2800000, 0x00000004a2800000|100%|HC|  |TAMS 0x00000004a2800000| PB 0x00000004a2000000| Complete 
| 325|0x00000004a2800000, 0x00000004a3000000, 0x00000004a3000000|100%|HC|  |TAMS 0x00000004a3000000| PB 0x00000004a2800000| Complete 
| 326|0x00000004a3000000, 0x00000004a3800000, 0x00000004a3800000|100%|HC|  |TAMS 0x00000004a3800000| PB 0x00000004a3000000| Complete 
| 327|0x00000004a3800000, 0x00000004a4000000, 0x00000004a4000000|100%|HC|  |TAMS 0x00000004a4000000| PB 0x00000004a3800000| Complete 
| 328|0x00000004a4000000, 0x00000004a4800000, 0x00000004a4800000|100%|HC|  |TAMS 0x00000004a4800000| PB 0x00000004a4000000| Complete 
| 329|0x00000004a4800000, 0x00000004a5000000, 0x00000004a5000000|100%|HC|  |TAMS 0x00000004a5000000| PB 0x00000004a4800000| Complete 
| 330|0x00000004a5000000, 0x00000004a5800000, 0x00000004a5800000|100%|HC|  |TAMS 0x00000004a5800000| PB 0x00000004a5000000| Complete 
| 331|0x00000004a5800000, 0x00000004a6000000, 0x00000004a6000000|100%|HC|  |TAMS 0x00000004a6000000| PB 0x00000004a5800000| Complete 
| 332|0x00000004a6000000, 0x00000004a6800000, 0x00000004a6800000|100%|HC|  |TAMS 0x00000004a6800000| PB 0x00000004a6000000| Complete 
| 333|0x00000004a6800000, 0x00000004a7000000, 0x00000004a7000000|100%|HC|  |TAMS 0x00000004a7000000| PB 0x00000004a6800000| Complete 
| 334|0x00000004a7000000, 0x00000004a7800000, 0x00000004a7800000|100%|HC|  |TAMS 0x00000004a7800000| PB 0x00000004a7000000| Complete 
| 335|0x00000004a7800000, 0x00000004a8000000, 0x00000004a8000000|100%|HC|  |TAMS 0x00000004a8000000| PB 0x00000004a7800000| Complete 
| 336|0x00000004a8000000, 0x00000004a8800000, 0x00000004a8800000|100%|HC|  |TAMS 0x00000004a8800000| PB 0x00000004a8000000| Complete 
| 337|0x00000004a8800000, 0x00000004a9000000, 0x00000004a9000000|100%|HC|  |TAMS 0x00000004a9000000| PB 0x00000004a8800000| Complete 
| 338|0x00000004a9000000, 0x00000004a9800000, 0x00000004a9800000|100%|HC|  |TAMS 0x00000004a9800000| PB 0x00000004a9000000| Complete 
| 339|0x00000004a9800000, 0x00000004aa000000, 0x00000004aa000000|100%|HC|  |TAMS 0x00000004aa000000| PB 0x00000004a9800000| Complete 
| 340|0x00000004aa000000, 0x00000004aa800000, 0x00000004aa800000|100%|HC|  |TAMS 0x00000004aa800000| PB 0x00000004aa000000| Complete 
| 341|0x00000004aa800000, 0x00000004ab000000, 0x00000004ab000000|100%|HC|  |TAMS 0x00000004ab000000| PB 0x00000004aa800000| Complete 
| 342|0x00000004ab000000, 0x00000004ab800000, 0x00000004ab800000|100%|HC|  |TAMS 0x00000004ab800000| PB 0x00000004ab000000| Complete 
| 343|0x00000004ab800000, 0x00000004ac000000, 0x00000004ac000000|100%|HC|  |TAMS 0x00000004ac000000| PB 0x00000004ab800000| Complete 
| 344|0x00000004ac000000, 0x00000004ac800000, 0x00000004ac800000|100%|HC|  |TAMS 0x00000004ac800000| PB 0x00000004ac000000| Complete 
| 345|0x00000004ac800000, 0x00000004ad000000, 0x00000004ad000000|100%|HC|  |TAMS 0x00000004ad000000| PB 0x00000004ac800000| Complete 
| 346|0x00000004ad000000, 0x00000004ad800000, 0x00000004ad800000|100%|HC|  |TAMS 0x00000004ad800000| PB 0x00000004ad000000| Complete 
| 347|0x00000004ad800000, 0x00000004ae000000, 0x00000004ae000000|100%|HC|  |TAMS 0x00000004ae000000| PB 0x00000004ad800000| Complete 
| 348|0x00000004ae000000, 0x00000004ae800000, 0x00000004ae800000|100%|HC|  |TAMS 0x00000004ae800000| PB 0x00000004ae000000| Complete 
| 349|0x00000004ae800000, 0x00000004af000000, 0x00000004af000000|100%|HC|  |TAMS 0x00000004af000000| PB 0x00000004ae800000| Complete 
| 350|0x00000004af000000, 0x00000004af800000, 0x00000004af800000|100%|HC|  |TAMS 0x00000004af800000| PB 0x00000004af000000| Complete 
| 351|0x00000004af800000, 0x00000004b0000000, 0x00000004b0000000|100%|HC|  |TAMS 0x00000004b0000000| PB 0x00000004af800000| Complete 
| 352|0x00000004b0000000, 0x00000004b0800000, 0x00000004b0800000|100%|HC|  |TAMS 0x00000004b0800000| PB 0x00000004b0000000| Complete 
| 353|0x00000004b0800000, 0x00000004b1000000, 0x00000004b1000000|100%|HC|  |TAMS 0x00000004b1000000| PB 0x00000004b0800000| Complete 
| 354|0x00000004b1000000, 0x00000004b1800000, 0x00000004b1800000|100%|HC|  |TAMS 0x00000004b1800000| PB 0x00000004b1000000| Complete 
| 355|0x00000004b1800000, 0x00000004b2000000, 0x00000004b2000000|100%|HC|  |TAMS 0x00000004b2000000| PB 0x00000004b1800000| Complete 
| 356|0x00000004b2000000, 0x00000004b2800000, 0x00000004b2800000|100%|HC|  |TAMS 0x00000004b2800000| PB 0x00000004b2000000| Complete 
| 357|0x00000004b2800000, 0x00000004b3000000, 0x00000004b3000000|100%|HC|  |TAMS 0x00000004b3000000| PB 0x00000004b2800000| Complete 
| 358|0x00000004b3000000, 0x00000004b3800000, 0x00000004b3800000|100%|HC|  |TAMS 0x00000004b3800000| PB 0x00000004b3000000| Complete 
| 359|0x00000004b3800000, 0x00000004b4000000, 0x00000004b4000000|100%|HC|  |TAMS 0x00000004b4000000| PB 0x00000004b3800000| Complete 
| 360|0x00000004b4000000, 0x00000004b4800000, 0x00000004b4800000|100%|HC|  |TAMS 0x00000004b4800000| PB 0x00000004b4000000| Complete 
| 361|0x00000004b4800000, 0x00000004b5000000, 0x00000004b5000000|100%|HC|  |TAMS 0x00000004b5000000| PB 0x00000004b4800000| Complete 
| 362|0x00000004b5000000, 0x00000004b5800000, 0x00000004b5800000|100%|HC|  |TAMS 0x00000004b5800000| PB 0x00000004b5000000| Complete 
| 363|0x00000004b5800000, 0x00000004b6000000, 0x00000004b6000000|100%|HC|  |TAMS 0x00000004b6000000| PB 0x00000004b5800000| Complete 
| 364|0x00000004b6000000, 0x00000004b6800000, 0x00000004b6800000|100%|HC|  |TAMS 0x00000004b6800000| PB 0x00000004b6000000| Complete 
| 365|0x00000004b6800000, 0x00000004b7000000, 0x00000004b7000000|100%|HC|  |TAMS 0x00000004b7000000| PB 0x00000004b6800000| Complete 
| 366|0x00000004b7000000, 0x00000004b7800000, 0x00000004b7800000|100%|HC|  |TAMS 0x00000004b7800000| PB 0x00000004b7000000| Complete 
| 367|0x00000004b7800000, 0x00000004b8000000, 0x00000004b8000000|100%|HC|  |TAMS 0x00000004b8000000| PB 0x00000004b7800000| Complete 
| 368|0x00000004b8000000, 0x00000004b8800000, 0x00000004b8800000|100%|HC|  |TAMS 0x00000004b8800000| PB 0x00000004b8000000| Complete 
| 369|0x00000004b8800000, 0x00000004b9000000, 0x00000004b9000000|100%|HC|  |TAMS 0x00000004b9000000| PB 0x00000004b8800000| Complete 
| 370|0x00000004b9000000, 0x00000004b9800000, 0x00000004b9800000|100%|HC|  |TAMS 0x00000004b9800000| PB 0x00000004b9000000| Complete 
| 371|0x00000004b9800000, 0x00000004ba000000, 0x00000004ba000000|100%|HC|  |TAMS 0x00000004ba000000| PB 0x00000004b9800000| Complete 
| 372|0x00000004ba000000, 0x00000004ba800000, 0x00000004ba800000|100%|HC|  |TAMS 0x00000004ba800000| PB 0x00000004ba000000| Complete 
| 373|0x00000004ba800000, 0x00000004bb000000, 0x00000004bb000000|100%|HC|  |TAMS 0x00000004bb000000| PB 0x00000004ba800000| Complete 
| 374|0x00000004bb000000, 0x00000004bb800000, 0x00000004bb800000|100%|HC|  |TAMS 0x00000004bb800000| PB 0x00000004bb000000| Complete 
| 375|0x00000004bb800000, 0x00000004bc000000, 0x00000004bc000000|100%|HC|  |TAMS 0x00000004bc000000| PB 0x00000004bb800000| Complete 
| 376|0x00000004bc000000, 0x00000004bc800000, 0x00000004bc800000|100%|HC|  |TAMS 0x00000004bc800000| PB 0x00000004bc000000| Complete 
| 377|0x00000004bc800000, 0x00000004bd000000, 0x00000004bd000000|100%|HC|  |TAMS 0x00000004bd000000| PB 0x00000004bc800000| Complete 
| 378|0x00000004bd000000, 0x00000004bd800000, 0x00000004bd800000|100%|HC|  |TAMS 0x00000004bd800000| PB 0x00000004bd000000| Complete 
| 379|0x00000004bd800000, 0x00000004be000000, 0x00000004be000000|100%|HC|  |TAMS 0x00000004be000000| PB 0x00000004bd800000| Complete 
| 380|0x00000004be000000, 0x00000004be800000, 0x00000004be800000|100%|HC|  |TAMS 0x00000004be800000| PB 0x00000004be000000| Complete 
| 381|0x00000004be800000, 0x00000004bf000000, 0x00000004bf000000|100%|HC|  |TAMS 0x00000004bf000000| PB 0x00000004be800000| Complete 
| 382|0x00000004bf000000, 0x00000004bf800000, 0x00000004bf800000|100%|HC|  |TAMS 0x00000004bf800000| PB 0x00000004bf000000| Complete 
| 383|0x00000004bf800000, 0x00000004c0000000, 0x00000004c0000000|100%|HC|  |TAMS 0x00000004c0000000| PB 0x00000004bf800000| Complete 
| 384|0x00000004c0000000, 0x00000004c0800000, 0x00000004c0800000|100%|HC|  |TAMS 0x00000004c0800000| PB 0x00000004c0000000| Complete 
| 385|0x00000004c0800000, 0x00000004c1000000, 0x00000004c1000000|100%|HC|  |TAMS 0x00000004c1000000| PB 0x00000004c0800000| Complete 
| 386|0x00000004c1000000, 0x00000004c1800000, 0x00000004c1800000|100%|HC|  |TAMS 0x00000004c1800000| PB 0x00000004c1000000| Complete 
| 387|0x00000004c1800000, 0x00000004c2000000, 0x00000004c2000000|100%|HC|  |TAMS 0x00000004c2000000| PB 0x00000004c1800000| Complete 
| 388|0x00000004c2000000, 0x00000004c2800000, 0x00000004c2800000|100%|HC|  |TAMS 0x00000004c2800000| PB 0x00000004c2000000| Complete 
| 389|0x00000004c2800000, 0x00000004c3000000, 0x00000004c3000000|100%|HC|  |TAMS 0x00000004c3000000| PB 0x00000004c2800000| Complete 
| 390|0x00000004c3000000, 0x00000004c3800000, 0x00000004c3800000|100%|HC|  |TAMS 0x00000004c3800000| PB 0x00000004c3000000| Complete 
| 391|0x00000004c3800000, 0x00000004c4000000, 0x00000004c4000000|100%|HC|  |TAMS 0x00000004c4000000| PB 0x00000004c3800000| Complete 
| 392|0x00000004c4000000, 0x00000004c4800000, 0x00000004c4800000|100%|HC|  |TAMS 0x00000004c4800000| PB 0x00000004c4000000| Complete 
| 393|0x00000004c4800000, 0x00000004c5000000, 0x00000004c5000000|100%|HC|  |TAMS 0x00000004c5000000| PB 0x00000004c4800000| Complete 
| 394|0x00000004c5000000, 0x00000004c5800000, 0x00000004c5800000|100%|HC|  |TAMS 0x00000004c5800000| PB 0x00000004c5000000| Complete 
| 395|0x00000004c5800000, 0x00000004c6000000, 0x00000004c6000000|100%|HC|  |TAMS 0x00000004c6000000| PB 0x00000004c5800000| Complete 
| 396|0x00000004c6000000, 0x00000004c6800000, 0x00000004c6800000|100%|HC|  |TAMS 0x00000004c6800000| PB 0x00000004c6000000| Complete 
| 397|0x00000004c6800000, 0x00000004c7000000, 0x00000004c7000000|100%|HC|  |TAMS 0x00000004c7000000| PB 0x00000004c6800000| Complete 
| 398|0x00000004c7000000, 0x00000004c7800000, 0x00000004c7800000|100%|HC|  |TAMS 0x00000004c7800000| PB 0x00000004c7000000| Complete 
| 399|0x00000004c7800000, 0x00000004c8000000, 0x00000004c8000000|100%|HC|  |TAMS 0x00000004c8000000| PB 0x00000004c7800000| Complete 
| 400|0x00000004c8000000, 0x00000004c8800000, 0x00000004c8800000|100%|HC|  |TAMS 0x00000004c8800000| PB 0x00000004c8000000| Complete 
| 401|0x00000004c8800000, 0x00000004c9000000, 0x00000004c9000000|100%|HC|  |TAMS 0x00000004c9000000| PB 0x00000004c8800000| Complete 
| 402|0x00000004c9000000, 0x00000004c9800000, 0x00000004c9800000|100%|HC|  |TAMS 0x00000004c9800000| PB 0x00000004c9000000| Complete 
| 403|0x00000004c9800000, 0x00000004ca000000, 0x00000004ca000000|100%|HC|  |TAMS 0x00000004ca000000| PB 0x00000004c9800000| Complete 
| 404|0x00000004ca000000, 0x00000004ca800000, 0x00000004ca800000|100%|HC|  |TAMS 0x00000004ca800000| PB 0x00000004ca000000| Complete 
| 405|0x00000004ca800000, 0x00000004cb000000, 0x00000004cb000000|100%|HC|  |TAMS 0x00000004cb000000| PB 0x00000004ca800000| Complete 
| 406|0x00000004cb000000, 0x00000004cb800000, 0x00000004cb800000|100%|HC|  |TAMS 0x00000004cb800000| PB 0x00000004cb000000| Complete 
| 407|0x00000004cb800000, 0x00000004cc000000, 0x00000004cc000000|100%|HC|  |TAMS 0x00000004cc000000| PB 0x00000004cb800000| Complete 
| 408|0x00000004cc000000, 0x00000004cc800000, 0x00000004cc800000|100%|HC|  |TAMS 0x00000004cc800000| PB 0x00000004cc000000| Complete 
| 409|0x00000004cc800000, 0x00000004cd000000, 0x00000004cd000000|100%|HC|  |TAMS 0x00000004cd000000| PB 0x00000004cc800000| Complete 
| 410|0x00000004cd000000, 0x00000004cd800000, 0x00000004cd800000|100%|HC|  |TAMS 0x00000004cd800000| PB 0x00000004cd000000| Complete 
| 411|0x00000004cd800000, 0x00000004ce000000, 0x00000004ce000000|100%|HC|  |TAMS 0x00000004ce000000| PB 0x00000004cd800000| Complete 
| 412|0x00000004ce000000, 0x00000004ce800000, 0x00000004ce800000|100%|HC|  |TAMS 0x00000004ce800000| PB 0x00000004ce000000| Complete 
| 413|0x00000004ce800000, 0x00000004cf000000, 0x00000004cf000000|100%|HC|  |TAMS 0x00000004cf000000| PB 0x00000004ce800000| Complete 
| 414|0x00000004cf000000, 0x00000004cf800000, 0x00000004cf800000|100%|HC|  |TAMS 0x00000004cf800000| PB 0x00000004cf000000| Complete 
| 415|0x00000004cf800000, 0x00000004d0000000, 0x00000004d0000000|100%|HC|  |TAMS 0x00000004d0000000| PB 0x00000004cf800000| Complete 
| 416|0x00000004d0000000, 0x00000004d0800000, 0x00000004d0800000|100%|HC|  |TAMS 0x00000004d0800000| PB 0x00000004d0000000| Complete 
| 417|0x00000004d0800000, 0x00000004d1000000, 0x00000004d1000000|100%|HC|  |TAMS 0x00000004d1000000| PB 0x00000004d0800000| Complete 
| 418|0x00000004d1000000, 0x00000004d1800000, 0x00000004d1800000|100%|HC|  |TAMS 0x00000004d1800000| PB 0x00000004d1000000| Complete 
| 419|0x00000004d1800000, 0x00000004d2000000, 0x00000004d2000000|100%|HC|  |TAMS 0x00000004d2000000| PB 0x00000004d1800000| Complete 
| 420|0x00000004d2000000, 0x00000004d2800000, 0x00000004d2800000|100%|HC|  |TAMS 0x00000004d2800000| PB 0x00000004d2000000| Complete 
| 421|0x00000004d2800000, 0x00000004d3000000, 0x00000004d3000000|100%|HC|  |TAMS 0x00000004d3000000| PB 0x00000004d2800000| Complete 
| 422|0x00000004d3000000, 0x00000004d3800000, 0x00000004d3800000|100%|HC|  |TAMS 0x00000004d3800000| PB 0x00000004d3000000| Complete 
| 423|0x00000004d3800000, 0x00000004d4000000, 0x00000004d4000000|100%|HC|  |TAMS 0x00000004d4000000| PB 0x00000004d3800000| Complete 
| 424|0x00000004d4000000, 0x00000004d4800000, 0x00000004d4800000|100%|HC|  |TAMS 0x00000004d4800000| PB 0x00000004d4000000| Complete 
| 425|0x00000004d4800000, 0x00000004d5000000, 0x00000004d5000000|100%|HC|  |TAMS 0x00000004d5000000| PB 0x00000004d4800000| Complete 
| 426|0x00000004d5000000, 0x00000004d5800000, 0x00000004d5800000|100%|HC|  |TAMS 0x00000004d5800000| PB 0x00000004d5000000| Complete 
| 427|0x00000004d5800000, 0x00000004d6000000, 0x00000004d6000000|100%|HC|  |TAMS 0x00000004d6000000| PB 0x00000004d5800000| Complete 
| 428|0x00000004d6000000, 0x00000004d6800000, 0x00000004d6800000|100%|HC|  |TAMS 0x00000004d6800000| PB 0x00000004d6000000| Complete 
| 429|0x00000004d6800000, 0x00000004d7000000, 0x00000004d7000000|100%|HC|  |TAMS 0x00000004d7000000| PB 0x00000004d6800000| Complete 
| 430|0x00000004d7000000, 0x00000004d7800000, 0x00000004d7800000|100%|HC|  |TAMS 0x00000004d7800000| PB 0x00000004d7000000| Complete 
| 431|0x00000004d7800000, 0x00000004d8000000, 0x00000004d8000000|100%|HC|  |TAMS 0x00000004d8000000| PB 0x00000004d7800000| Complete 
| 432|0x00000004d8000000, 0x00000004d8800000, 0x00000004d8800000|100%|HC|  |TAMS 0x00000004d8800000| PB 0x00000004d8000000| Complete 
| 433|0x00000004d8800000, 0x00000004d9000000, 0x00000004d9000000|100%|HC|  |TAMS 0x00000004d9000000| PB 0x00000004d8800000| Complete 
| 434|0x00000004d9000000, 0x00000004d9800000, 0x00000004d9800000|100%|HC|  |TAMS 0x00000004d9800000| PB 0x00000004d9000000| Complete 
| 435|0x00000004d9800000, 0x00000004da000000, 0x00000004da000000|100%|HC|  |TAMS 0x00000004da000000| PB 0x00000004d9800000| Complete 
| 436|0x00000004da000000, 0x00000004da800000, 0x00000004da800000|100%|HC|  |TAMS 0x00000004da800000| PB 0x00000004da000000| Complete 
| 437|0x00000004da800000, 0x00000004db000000, 0x00000004db000000|100%|HC|  |TAMS 0x00000004db000000| PB 0x00000004da800000| Complete 
| 438|0x00000004db000000, 0x00000004db800000, 0x00000004db800000|100%|HC|  |TAMS 0x00000004db800000| PB 0x00000004db000000| Complete 
| 439|0x00000004db800000, 0x00000004dc000000, 0x00000004dc000000|100%|HC|  |TAMS 0x00000004dc000000| PB 0x00000004db800000| Complete 
| 440|0x00000004dc000000, 0x00000004dc800000, 0x00000004dc800000|100%|HC|  |TAMS 0x00000004dc800000| PB 0x00000004dc000000| Complete 
| 441|0x00000004dc800000, 0x00000004dd000000, 0x00000004dd000000|100%|HC|  |TAMS 0x00000004dd000000| PB 0x00000004dc800000| Complete 
| 442|0x00000004dd000000, 0x00000004dd800000, 0x00000004dd800000|100%|HC|  |TAMS 0x00000004dd800000| PB 0x00000004dd000000| Complete 
| 443|0x00000004dd800000, 0x00000004de000000, 0x00000004de000000|100%|HC|  |TAMS 0x00000004de000000| PB 0x00000004dd800000| Complete 
| 444|0x00000004de000000, 0x00000004de800000, 0x00000004de800000|100%|HC|  |TAMS 0x00000004de800000| PB 0x00000004de000000| Complete 
| 445|0x00000004de800000, 0x00000004df000000, 0x00000004df000000|100%|HC|  |TAMS 0x00000004df000000| PB 0x00000004de800000| Complete 
| 446|0x00000004df000000, 0x00000004df800000, 0x00000004df800000|100%|HC|  |TAMS 0x00000004df800000| PB 0x00000004df000000| Complete 
| 447|0x00000004df800000, 0x00000004e0000000, 0x00000004e0000000|100%|HC|  |TAMS 0x00000004e0000000| PB 0x00000004df800000| Complete 
| 448|0x00000004e0000000, 0x00000004e0800000, 0x00000004e0800000|100%|HC|  |TAMS 0x00000004e0800000| PB 0x00000004e0000000| Complete 
| 449|0x00000004e0800000, 0x00000004e1000000, 0x00000004e1000000|100%|HC|  |TAMS 0x00000004e1000000| PB 0x00000004e0800000| Complete 
| 450|0x00000004e1000000, 0x00000004e1800000, 0x00000004e1800000|100%|HC|  |TAMS 0x00000004e1800000| PB 0x00000004e1000000| Complete 
| 451|0x00000004e1800000, 0x00000004e2000000, 0x00000004e2000000|100%|HC|  |TAMS 0x00000004e2000000| PB 0x00000004e1800000| Complete 
| 452|0x00000004e2000000, 0x00000004e2800000, 0x00000004e2800000|100%|HC|  |TAMS 0x00000004e2800000| PB 0x00000004e2000000| Complete 
| 453|0x00000004e2800000, 0x00000004e3000000, 0x00000004e3000000|100%|HC|  |TAMS 0x00000004e3000000| PB 0x00000004e2800000| Complete 
| 454|0x00000004e3000000, 0x00000004e3800000, 0x00000004e3800000|100%|HC|  |TAMS 0x00000004e3800000| PB 0x00000004e3000000| Complete 
| 455|0x00000004e3800000, 0x00000004e4000000, 0x00000004e4000000|100%|HC|  |TAMS 0x00000004e4000000| PB 0x00000004e3800000| Complete 
| 456|0x00000004e4000000, 0x00000004e4800000, 0x00000004e4800000|100%|HC|  |TAMS 0x00000004e4800000| PB 0x00000004e4000000| Complete 
| 457|0x00000004e4800000, 0x00000004e5000000, 0x00000004e5000000|100%|HC|  |TAMS 0x00000004e5000000| PB 0x00000004e4800000| Complete 
| 458|0x00000004e5000000, 0x00000004e5800000, 0x00000004e5800000|100%|HC|  |TAMS 0x00000004e5800000| PB 0x00000004e5000000| Complete 
| 459|0x00000004e5800000, 0x00000004e6000000, 0x00000004e6000000|100%|HC|  |TAMS 0x00000004e6000000| PB 0x00000004e5800000| Complete 
| 460|0x00000004e6000000, 0x00000004e6800000, 0x00000004e6800000|100%|HC|  |TAMS 0x00000004e6800000| PB 0x00000004e6000000| Complete 
| 461|0x00000004e6800000, 0x00000004e7000000, 0x00000004e7000000|100%|HC|  |TAMS 0x00000004e7000000| PB 0x00000004e6800000| Complete 
| 462|0x00000004e7000000, 0x00000004e7800000, 0x00000004e7800000|100%|HC|  |TAMS 0x00000004e7800000| PB 0x00000004e7000000| Complete 
| 463|0x00000004e7800000, 0x00000004e8000000, 0x00000004e8000000|100%|HC|  |TAMS 0x00000004e8000000| PB 0x00000004e7800000| Complete 
| 464|0x00000004e8000000, 0x00000004e8800000, 0x00000004e8800000|100%|HC|  |TAMS 0x00000004e8800000| PB 0x00000004e8000000| Complete 
| 465|0x00000004e8800000, 0x00000004e9000000, 0x00000004e9000000|100%|HC|  |TAMS 0x00000004e9000000| PB 0x00000004e8800000| Complete 
| 466|0x00000004e9000000, 0x00000004e9800000, 0x00000004e9800000|100%|HC|  |TAMS 0x00000004e9800000| PB 0x00000004e9000000| Complete 
| 467|0x00000004e9800000, 0x00000004ea000000, 0x00000004ea000000|100%|HC|  |TAMS 0x00000004ea000000| PB 0x00000004e9800000| Complete 
| 468|0x00000004ea000000, 0x00000004ea800000, 0x00000004ea800000|100%|HC|  |TAMS 0x00000004ea800000| PB 0x00000004ea000000| Complete 
| 469|0x00000004ea800000, 0x00000004eb000000, 0x00000004eb000000|100%|HC|  |TAMS 0x00000004eb000000| PB 0x00000004ea800000| Complete 
| 470|0x00000004eb000000, 0x00000004eb800000, 0x00000004eb800000|100%|HC|  |TAMS 0x00000004eb800000| PB 0x00000004eb000000| Complete 
| 471|0x00000004eb800000, 0x00000004ec000000, 0x00000004ec000000|100%|HC|  |TAMS 0x00000004ec000000| PB 0x00000004eb800000| Complete 
| 472|0x00000004ec000000, 0x00000004ec800000, 0x00000004ec800000|100%|HC|  |TAMS 0x00000004ec800000| PB 0x00000004ec000000| Complete 
| 473|0x00000004ec800000, 0x00000004ed000000, 0x00000004ed000000|100%|HC|  |TAMS 0x00000004ed000000| PB 0x00000004ec800000| Complete 
| 474|0x00000004ed000000, 0x00000004ed800000, 0x00000004ed800000|100%|HC|  |TAMS 0x00000004ed800000| PB 0x00000004ed000000| Complete 
| 475|0x00000004ed800000, 0x00000004ee000000, 0x00000004ee000000|100%|HC|  |TAMS 0x00000004ee000000| PB 0x00000004ed800000| Complete 
| 476|0x00000004ee000000, 0x00000004ee800000, 0x00000004ee800000|100%|HC|  |TAMS 0x00000004ee800000| PB 0x00000004ee000000| Complete 
| 477|0x00000004ee800000, 0x00000004ef000000, 0x00000004ef000000|100%|HC|  |TAMS 0x00000004ef000000| PB 0x00000004ee800000| Complete 
| 478|0x00000004ef000000, 0x00000004ef800000, 0x00000004ef800000|100%|HC|  |TAMS 0x00000004ef800000| PB 0x00000004ef000000| Complete 
| 479|0x00000004ef800000, 0x00000004f0000000, 0x00000004f0000000|100%|HC|  |TAMS 0x00000004f0000000| PB 0x00000004ef800000| Complete 
| 480|0x00000004f0000000, 0x00000004f0800000, 0x00000004f0800000|100%|HC|  |TAMS 0x00000004f0800000| PB 0x00000004f0000000| Complete 
| 481|0x00000004f0800000, 0x00000004f1000000, 0x00000004f1000000|100%|HC|  |TAMS 0x00000004f1000000| PB 0x00000004f0800000| Complete 
| 482|0x00000004f1000000, 0x00000004f1800000, 0x00000004f1800000|100%|HC|  |TAMS 0x00000004f1800000| PB 0x00000004f1000000| Complete 
| 483|0x00000004f1800000, 0x00000004f2000000, 0x00000004f2000000|100%|HC|  |TAMS 0x00000004f2000000| PB 0x00000004f1800000| Complete 
| 484|0x00000004f2000000, 0x00000004f2800000, 0x00000004f2800000|100%|HC|  |TAMS 0x00000004f2800000| PB 0x00000004f2000000| Complete 
| 485|0x00000004f2800000, 0x00000004f3000000, 0x00000004f3000000|100%|HC|  |TAMS 0x00000004f3000000| PB 0x00000004f2800000| Complete 
| 486|0x00000004f3000000, 0x00000004f3800000, 0x00000004f3800000|100%|HC|  |TAMS 0x00000004f3800000| PB 0x00000004f3000000| Complete 
| 487|0x00000004f3800000, 0x00000004f4000000, 0x00000004f4000000|100%|HC|  |TAMS 0x00000004f4000000| PB 0x00000004f3800000| Complete 
| 488|0x00000004f4000000, 0x00000004f4800000, 0x00000004f4800000|100%|HC|  |TAMS 0x00000004f4800000| PB 0x00000004f4000000| Complete 
| 489|0x00000004f4800000, 0x00000004f5000000, 0x00000004f5000000|100%|HC|  |TAMS 0x00000004f5000000| PB 0x00000004f4800000| Complete 
| 490|0x00000004f5000000, 0x00000004f5800000, 0x00000004f5800000|100%|HC|  |TAMS 0x00000004f5800000| PB 0x00000004f5000000| Complete 
| 491|0x00000004f5800000, 0x00000004f6000000, 0x00000004f6000000|100%|HC|  |TAMS 0x00000004f6000000| PB 0x00000004f5800000| Complete 
| 492|0x00000004f6000000, 0x00000004f6800000, 0x00000004f6800000|100%|HC|  |TAMS 0x00000004f6800000| PB 0x00000004f6000000| Complete 
| 493|0x00000004f6800000, 0x00000004f7000000, 0x00000004f7000000|100%|HC|  |TAMS 0x00000004f7000000| PB 0x00000004f6800000| Complete 
| 494|0x00000004f7000000, 0x00000004f7800000, 0x00000004f7800000|100%|HC|  |TAMS 0x00000004f7800000| PB 0x00000004f7000000| Complete 
| 495|0x00000004f7800000, 0x00000004f8000000, 0x00000004f8000000|100%|HC|  |TAMS 0x00000004f8000000| PB 0x00000004f7800000| Complete 
| 496|0x00000004f8000000, 0x00000004f8800000, 0x00000004f8800000|100%|HC|  |TAMS 0x00000004f8800000| PB 0x00000004f8000000| Complete 
| 497|0x00000004f8800000, 0x00000004f9000000, 0x00000004f9000000|100%|HC|  |TAMS 0x00000004f9000000| PB 0x00000004f8800000| Complete 
| 498|0x00000004f9000000, 0x00000004f9800000, 0x00000004f9800000|100%|HC|  |TAMS 0x00000004f9800000| PB 0x00000004f9000000| Complete 
| 499|0x00000004f9800000, 0x00000004fa000000, 0x00000004fa000000|100%|HC|  |TAMS 0x00000004fa000000| PB 0x00000004f9800000| Complete 
| 500|0x00000004fa000000, 0x00000004fa800000, 0x00000004fa800000|100%|HC|  |TAMS 0x00000004fa800000| PB 0x00000004fa000000| Complete 
| 501|0x00000004fa800000, 0x00000004fb000000, 0x00000004fb000000|100%|HC|  |TAMS 0x00000004fb000000| PB 0x00000004fa800000| Complete 
| 502|0x00000004fb000000, 0x00000004fb800000, 0x00000004fb800000|100%|HC|  |TAMS 0x00000004fb800000| PB 0x00000004fb000000| Complete 
| 503|0x00000004fb800000, 0x00000004fc000000, 0x00000004fc000000|100%|HC|  |TAMS 0x00000004fc000000| PB 0x00000004fb800000| Complete 
| 504|0x00000004fc000000, 0x00000004fc800000, 0x00000004fc800000|100%|HC|  |TAMS 0x00000004fc800000| PB 0x00000004fc000000| Complete 
| 505|0x00000004fc800000, 0x00000004fd000000, 0x00000004fd000000|100%|HC|  |TAMS 0x00000004fd000000| PB 0x00000004fc800000| Complete 
| 506|0x00000004fd000000, 0x00000004fd800000, 0x00000004fd800000|100%|HC|  |TAMS 0x00000004fd800000| PB 0x00000004fd000000| Complete 
| 507|0x00000004fd800000, 0x00000004fe000000, 0x00000004fe000000|100%|HC|  |TAMS 0x00000004fe000000| PB 0x00000004fd800000| Complete 
| 508|0x00000004fe000000, 0x00000004fe800000, 0x00000004fe800000|100%|HC|  |TAMS 0x00000004fe800000| PB 0x00000004fe000000| Complete 
| 509|0x00000004fe800000, 0x00000004ff000000, 0x00000004ff000000|100%|HC|  |TAMS 0x00000004ff000000| PB 0x00000004fe800000| Complete 
| 510|0x00000004ff000000, 0x00000004ff800000, 0x00000004ff800000|100%|HC|  |TAMS 0x00000004ff800000| PB 0x00000004ff000000| Complete 
| 511|0x00000004ff800000, 0x0000000500000000, 0x0000000500000000|100%|HC|  |TAMS 0x0000000500000000| PB 0x00000004ff800000| Complete 
| 512|0x0000000500000000, 0x0000000500800000, 0x0000000500800000|100%|HC|  |TAMS 0x0000000500800000| PB 0x0000000500000000| Complete 
| 513|0x0000000500800000, 0x0000000501000000, 0x0000000501000000|100%|HC|  |TAMS 0x0000000501000000| PB 0x0000000500800000| Complete 
| 514|0x0000000501000000, 0x0000000501800000, 0x0000000501800000|100%|HC|  |TAMS 0x0000000501800000| PB 0x0000000501000000| Complete 
| 515|0x0000000501800000, 0x0000000502000000, 0x0000000502000000|100%|HC|  |TAMS 0x0000000502000000| PB 0x0000000501800000| Complete 
| 516|0x0000000502000000, 0x0000000502800000, 0x0000000502800000|100%|HC|  |TAMS 0x0000000502800000| PB 0x0000000502000000| Complete 
| 517|0x0000000502800000, 0x0000000503000000, 0x0000000503000000|100%|HC|  |TAMS 0x0000000503000000| PB 0x0000000502800000| Complete 
| 518|0x0000000503000000, 0x0000000503800000, 0x0000000503800000|100%|HC|  |TAMS 0x0000000503800000| PB 0x0000000503000000| Complete 
| 519|0x0000000503800000, 0x0000000504000000, 0x0000000504000000|100%|HC|  |TAMS 0x0000000504000000| PB 0x0000000503800000| Complete 
| 520|0x0000000504000000, 0x0000000504800000, 0x0000000504800000|100%|HC|  |TAMS 0x0000000504800000| PB 0x0000000504000000| Complete 
| 521|0x0000000504800000, 0x0000000505000000, 0x0000000505000000|100%|HC|  |TAMS 0x0000000505000000| PB 0x0000000504800000| Complete 
| 522|0x0000000505000000, 0x0000000505800000, 0x0000000505800000|100%|HC|  |TAMS 0x0000000505800000| PB 0x0000000505000000| Complete 
| 523|0x0000000505800000, 0x0000000506000000, 0x0000000506000000|100%|HC|  |TAMS 0x0000000506000000| PB 0x0000000505800000| Complete 
| 524|0x0000000506000000, 0x0000000506800000, 0x0000000506800000|100%|HC|  |TAMS 0x0000000506800000| PB 0x0000000506000000| Complete 
| 525|0x0000000506800000, 0x0000000507000000, 0x0000000507000000|100%|HC|  |TAMS 0x0000000507000000| PB 0x0000000506800000| Complete 
| 526|0x0000000507000000, 0x0000000507800000, 0x0000000507800000|100%|HC|  |TAMS 0x0000000507800000| PB 0x0000000507000000| Complete 
| 527|0x0000000507800000, 0x0000000508000000, 0x0000000508000000|100%|HC|  |TAMS 0x0000000508000000| PB 0x0000000507800000| Complete 
| 528|0x0000000508000000, 0x0000000508800000, 0x0000000508800000|100%|HC|  |TAMS 0x0000000508800000| PB 0x0000000508000000| Complete 
| 529|0x0000000508800000, 0x0000000509000000, 0x0000000509000000|100%|HC|  |TAMS 0x0000000509000000| PB 0x0000000508800000| Complete 
| 530|0x0000000509000000, 0x0000000509800000, 0x0000000509800000|100%|HC|  |TAMS 0x0000000509800000| PB 0x0000000509000000| Complete 
| 531|0x0000000509800000, 0x000000050a000000, 0x000000050a000000|100%|HC|  |TAMS 0x000000050a000000| PB 0x0000000509800000| Complete 
| 532|0x000000050a000000, 0x000000050a800000, 0x000000050a800000|100%|HC|  |TAMS 0x000000050a800000| PB 0x000000050a000000| Complete 
| 533|0x000000050a800000, 0x000000050b000000, 0x000000050b000000|100%|HC|  |TAMS 0x000000050b000000| PB 0x000000050a800000| Complete 
| 534|0x000000050b000000, 0x000000050b800000, 0x000000050b800000|100%|HC|  |TAMS 0x000000050b800000| PB 0x000000050b000000| Complete 
| 535|0x000000050b800000, 0x000000050c000000, 0x000000050c000000|100%|HC|  |TAMS 0x000000050c000000| PB 0x000000050b800000| Complete 
| 536|0x000000050c000000, 0x000000050c800000, 0x000000050c800000|100%|HC|  |TAMS 0x000000050c800000| PB 0x000000050c000000| Complete 
| 537|0x000000050c800000, 0x000000050d000000, 0x000000050d000000|100%|HC|  |TAMS 0x000000050d000000| PB 0x000000050c800000| Complete 
| 538|0x000000050d000000, 0x000000050d800000, 0x000000050d800000|100%|HC|  |TAMS 0x000000050d800000| PB 0x000000050d000000| Complete 
| 539|0x000000050d800000, 0x000000050e000000, 0x000000050e000000|100%|HC|  |TAMS 0x000000050e000000| PB 0x000000050d800000| Complete 
| 540|0x000000050e000000, 0x000000050e800000, 0x000000050e800000|100%|HC|  |TAMS 0x000000050e800000| PB 0x000000050e000000| Complete 
| 541|0x000000050e800000, 0x000000050f000000, 0x000000050f000000|100%|HC|  |TAMS 0x000000050f000000| PB 0x000000050e800000| Complete 
| 542|0x000000050f000000, 0x000000050f800000, 0x000000050f800000|100%|HC|  |TAMS 0x000000050f800000| PB 0x000000050f000000| Complete 
| 543|0x000000050f800000, 0x0000000510000000, 0x0000000510000000|100%|HC|  |TAMS 0x0000000510000000| PB 0x000000050f800000| Complete 
| 544|0x0000000510000000, 0x0000000510800000, 0x0000000510800000|100%|HC|  |TAMS 0x0000000510800000| PB 0x0000000510000000| Complete 
| 545|0x0000000510800000, 0x0000000511000000, 0x0000000511000000|100%|HC|  |TAMS 0x0000000511000000| PB 0x0000000510800000| Complete 
| 546|0x0000000511000000, 0x0000000511800000, 0x0000000511800000|100%|HC|  |TAMS 0x0000000511800000| PB 0x0000000511000000| Complete 
| 547|0x0000000511800000, 0x0000000512000000, 0x0000000512000000|100%|HC|  |TAMS 0x0000000512000000| PB 0x0000000511800000| Complete 
| 548|0x0000000512000000, 0x0000000512800000, 0x0000000512800000|100%|HC|  |TAMS 0x0000000512800000| PB 0x0000000512000000| Complete 
| 549|0x0000000512800000, 0x0000000513000000, 0x0000000513000000|100%|HC|  |TAMS 0x0000000513000000| PB 0x0000000512800000| Complete 
| 550|0x0000000513000000, 0x0000000513800000, 0x0000000513800000|100%|HC|  |TAMS 0x0000000513800000| PB 0x0000000513000000| Complete 
| 551|0x0000000513800000, 0x0000000514000000, 0x0000000514000000|100%|HC|  |TAMS 0x0000000514000000| PB 0x0000000513800000| Complete 
| 552|0x0000000514000000, 0x0000000514800000, 0x0000000514800000|100%|HC|  |TAMS 0x0000000514800000| PB 0x0000000514000000| Complete 
| 553|0x0000000514800000, 0x0000000515000000, 0x0000000515000000|100%|HC|  |TAMS 0x0000000515000000| PB 0x0000000514800000| Complete 
| 554|0x0000000515000000, 0x0000000515800000, 0x0000000515800000|100%|HC|  |TAMS 0x0000000515800000| PB 0x0000000515000000| Complete 
| 555|0x0000000515800000, 0x0000000516000000, 0x0000000516000000|100%|HC|  |TAMS 0x0000000516000000| PB 0x0000000515800000| Complete 
| 556|0x0000000516000000, 0x0000000516800000, 0x0000000516800000|100%|HC|  |TAMS 0x0000000516800000| PB 0x0000000516000000| Complete 
| 557|0x0000000516800000, 0x0000000517000000, 0x0000000517000000|100%|HC|  |TAMS 0x0000000517000000| PB 0x0000000516800000| Complete 
| 558|0x0000000517000000, 0x0000000517800000, 0x0000000517800000|100%|HC|  |TAMS 0x0000000517800000| PB 0x0000000517000000| Complete 
| 559|0x0000000517800000, 0x0000000518000000, 0x0000000518000000|100%|HC|  |TAMS 0x0000000518000000| PB 0x0000000517800000| Complete 
| 560|0x0000000518000000, 0x0000000518800000, 0x0000000518800000|100%|HC|  |TAMS 0x0000000518800000| PB 0x0000000518000000| Complete 
| 561|0x0000000518800000, 0x0000000519000000, 0x0000000519000000|100%|HC|  |TAMS 0x0000000519000000| PB 0x0000000518800000| Complete 
| 562|0x0000000519000000, 0x0000000519800000, 0x0000000519800000|100%|HC|  |TAMS 0x0000000519800000| PB 0x0000000519000000| Complete 
| 563|0x0000000519800000, 0x000000051a000000, 0x000000051a000000|100%|HC|  |TAMS 0x000000051a000000| PB 0x0000000519800000| Complete 
| 564|0x000000051a000000, 0x000000051a800000, 0x000000051a800000|100%|HC|  |TAMS 0x000000051a800000| PB 0x000000051a000000| Complete 
| 565|0x000000051a800000, 0x000000051b000000, 0x000000051b000000|100%|HC|  |TAMS 0x000000051b000000| PB 0x000000051a800000| Complete 
| 566|0x000000051b000000, 0x000000051b800000, 0x000000051b800000|100%|HC|  |TAMS 0x000000051b800000| PB 0x000000051b000000| Complete 
| 567|0x000000051b800000, 0x000000051c000000, 0x000000051c000000|100%|HC|  |TAMS 0x000000051c000000| PB 0x000000051b800000| Complete 
| 568|0x000000051c000000, 0x000000051c800000, 0x000000051c800000|100%|HC|  |TAMS 0x000000051c800000| PB 0x000000051c000000| Complete 
| 569|0x000000051c800000, 0x000000051d000000, 0x000000051d000000|100%|HC|  |TAMS 0x000000051d000000| PB 0x000000051c800000| Complete 
| 570|0x000000051d000000, 0x000000051d800000, 0x000000051d800000|100%|HC|  |TAMS 0x000000051d800000| PB 0x000000051d000000| Complete 
| 571|0x000000051d800000, 0x000000051e000000, 0x000000051e000000|100%|HC|  |TAMS 0x000000051e000000| PB 0x000000051d800000| Complete 
| 572|0x000000051e000000, 0x000000051e800000, 0x000000051e800000|100%|HC|  |TAMS 0x000000051e800000| PB 0x000000051e000000| Complete 
| 573|0x000000051e800000, 0x000000051f000000, 0x000000051f000000|100%|HC|  |TAMS 0x000000051f000000| PB 0x000000051e800000| Complete 
| 574|0x000000051f000000, 0x000000051f800000, 0x000000051f800000|100%|HC|  |TAMS 0x000000051f800000| PB 0x000000051f000000| Complete 
| 575|0x000000051f800000, 0x0000000520000000, 0x0000000520000000|100%|HC|  |TAMS 0x0000000520000000| PB 0x000000051f800000| Complete 
| 576|0x0000000520000000, 0x0000000520800000, 0x0000000520800000|100%|HC|  |TAMS 0x0000000520800000| PB 0x0000000520000000| Complete 
| 577|0x0000000520800000, 0x0000000521000000, 0x0000000521000000|100%|HC|  |TAMS 0x0000000521000000| PB 0x0000000520800000| Complete 
| 578|0x0000000521000000, 0x0000000521800000, 0x0000000521800000|100%|HC|  |TAMS 0x0000000521800000| PB 0x0000000521000000| Complete 
| 579|0x0000000521800000, 0x0000000522000000, 0x0000000522000000|100%|HC|  |TAMS 0x0000000522000000| PB 0x0000000521800000| Complete 
| 580|0x0000000522000000, 0x0000000522800000, 0x0000000522800000|100%|HC|  |TAMS 0x0000000522800000| PB 0x0000000522000000| Complete 
| 581|0x0000000522800000, 0x0000000523000000, 0x0000000523000000|100%|HC|  |TAMS 0x0000000523000000| PB 0x0000000522800000| Complete 
| 582|0x0000000523000000, 0x0000000523800000, 0x0000000523800000|100%|HC|  |TAMS 0x0000000523800000| PB 0x0000000523000000| Complete 
| 583|0x0000000523800000, 0x0000000524000000, 0x0000000524000000|100%|HC|  |TAMS 0x0000000524000000| PB 0x0000000523800000| Complete 
| 584|0x0000000524000000, 0x0000000524800000, 0x0000000524800000|100%|HC|  |TAMS 0x0000000524800000| PB 0x0000000524000000| Complete 
| 585|0x0000000524800000, 0x0000000525000000, 0x0000000525000000|100%|HC|  |TAMS 0x0000000525000000| PB 0x0000000524800000| Complete 
| 586|0x0000000525000000, 0x0000000525800000, 0x0000000525800000|100%|HC|  |TAMS 0x0000000525800000| PB 0x0000000525000000| Complete 
| 587|0x0000000525800000, 0x0000000526000000, 0x0000000526000000|100%|HC|  |TAMS 0x0000000526000000| PB 0x0000000525800000| Complete 
| 588|0x0000000526000000, 0x0000000526800000, 0x0000000526800000|100%|HC|  |TAMS 0x0000000526800000| PB 0x0000000526000000| Complete 
| 589|0x0000000526800000, 0x0000000527000000, 0x0000000527000000|100%|HC|  |TAMS 0x0000000527000000| PB 0x0000000526800000| Complete 
| 590|0x0000000527000000, 0x0000000527800000, 0x0000000527800000|100%|HC|  |TAMS 0x0000000527800000| PB 0x0000000527000000| Complete 
| 591|0x0000000527800000, 0x0000000528000000, 0x0000000528000000|100%|HC|  |TAMS 0x0000000528000000| PB 0x0000000527800000| Complete 
| 592|0x0000000528000000, 0x0000000528800000, 0x0000000528800000|100%|HC|  |TAMS 0x0000000528800000| PB 0x0000000528000000| Complete 
| 593|0x0000000528800000, 0x0000000529000000, 0x0000000529000000|100%|HC|  |TAMS 0x0000000529000000| PB 0x0000000528800000| Complete 
| 594|0x0000000529000000, 0x0000000529800000, 0x0000000529800000|100%|HC|  |TAMS 0x0000000529800000| PB 0x0000000529000000| Complete 
| 595|0x0000000529800000, 0x000000052a000000, 0x000000052a000000|100%|HC|  |TAMS 0x000000052a000000| PB 0x0000000529800000| Complete 
| 596|0x000000052a000000, 0x000000052a800000, 0x000000052a800000|100%|HC|  |TAMS 0x000000052a800000| PB 0x000000052a000000| Complete 
| 597|0x000000052a800000, 0x000000052b000000, 0x000000052b000000|100%|HC|  |TAMS 0x000000052b000000| PB 0x000000052a800000| Complete 
| 598|0x000000052b000000, 0x000000052b800000, 0x000000052b800000|100%|HC|  |TAMS 0x000000052b800000| PB 0x000000052b000000| Complete 
| 599|0x000000052b800000, 0x000000052c000000, 0x000000052c000000|100%|HC|  |TAMS 0x000000052c000000| PB 0x000000052b800000| Complete 
| 600|0x000000052c000000, 0x000000052c800000, 0x000000052c800000|100%|HC|  |TAMS 0x000000052c800000| PB 0x000000052c000000| Complete 
| 601|0x000000052c800000, 0x000000052d000000, 0x000000052d000000|100%|HC|  |TAMS 0x000000052d000000| PB 0x000000052c800000| Complete 
| 602|0x000000052d000000, 0x000000052d800000, 0x000000052d800000|100%|HC|  |TAMS 0x000000052d800000| PB 0x000000052d000000| Complete 
| 603|0x000000052d800000, 0x000000052e000000, 0x000000052e000000|100%|HC|  |TAMS 0x000000052e000000| PB 0x000000052d800000| Complete 
| 604|0x000000052e000000, 0x000000052e800000, 0x000000052e800000|100%|HC|  |TAMS 0x000000052e800000| PB 0x000000052e000000| Complete 
| 605|0x000000052e800000, 0x000000052f000000, 0x000000052f000000|100%|HC|  |TAMS 0x000000052f000000| PB 0x000000052e800000| Complete 
| 606|0x000000052f000000, 0x000000052f800000, 0x000000052f800000|100%|HC|  |TAMS 0x000000052f800000| PB 0x000000052f000000| Complete 
| 607|0x000000052f800000, 0x0000000530000000, 0x0000000530000000|100%|HC|  |TAMS 0x0000000530000000| PB 0x000000052f800000| Complete 
| 608|0x0000000530000000, 0x0000000530800000, 0x0000000530800000|100%|HC|  |TAMS 0x0000000530800000| PB 0x0000000530000000| Complete 
| 609|0x0000000530800000, 0x0000000531000000, 0x0000000531000000|100%|HC|  |TAMS 0x0000000531000000| PB 0x0000000530800000| Complete 
| 610|0x0000000531000000, 0x0000000531800000, 0x0000000531800000|100%|HC|  |TAMS 0x0000000531800000| PB 0x0000000531000000| Complete 
| 611|0x0000000531800000, 0x0000000532000000, 0x0000000532000000|100%|HC|  |TAMS 0x0000000532000000| PB 0x0000000531800000| Complete 
| 612|0x0000000532000000, 0x0000000532800000, 0x0000000532800000|100%|HC|  |TAMS 0x0000000532800000| PB 0x0000000532000000| Complete 
| 613|0x0000000532800000, 0x0000000533000000, 0x0000000533000000|100%|HC|  |TAMS 0x0000000533000000| PB 0x0000000532800000| Complete 
| 614|0x0000000533000000, 0x0000000533800000, 0x0000000533800000|100%|HC|  |TAMS 0x0000000533800000| PB 0x0000000533000000| Complete 
| 615|0x0000000533800000, 0x0000000534000000, 0x0000000534000000|100%|HC|  |TAMS 0x0000000534000000| PB 0x0000000533800000| Complete 
| 616|0x0000000534000000, 0x0000000534800000, 0x0000000534800000|100%|HC|  |TAMS 0x0000000534800000| PB 0x0000000534000000| Complete 
| 617|0x0000000534800000, 0x0000000535000000, 0x0000000535000000|100%|HC|  |TAMS 0x0000000535000000| PB 0x0000000534800000| Complete 
| 618|0x0000000535000000, 0x0000000535800000, 0x0000000535800000|100%|HC|  |TAMS 0x0000000535800000| PB 0x0000000535000000| Complete 
| 619|0x0000000535800000, 0x0000000536000000, 0x0000000536000000|100%|HC|  |TAMS 0x0000000536000000| PB 0x0000000535800000| Complete 
| 620|0x0000000536000000, 0x0000000536800000, 0x0000000536800000|100%|HC|  |TAMS 0x0000000536800000| PB 0x0000000536000000| Complete 
| 621|0x0000000536800000, 0x0000000537000000, 0x0000000537000000|100%|HC|  |TAMS 0x0000000537000000| PB 0x0000000536800000| Complete 
| 622|0x0000000537000000, 0x0000000537800000, 0x0000000537800000|100%|HC|  |TAMS 0x0000000537800000| PB 0x0000000537000000| Complete 
| 623|0x0000000537800000, 0x0000000538000000, 0x0000000538000000|100%|HC|  |TAMS 0x0000000538000000| PB 0x0000000537800000| Complete 
| 624|0x0000000538000000, 0x0000000538800000, 0x0000000538800000|100%|HC|  |TAMS 0x0000000538800000| PB 0x0000000538000000| Complete 
| 625|0x0000000538800000, 0x0000000539000000, 0x0000000539000000|100%|HC|  |TAMS 0x0000000539000000| PB 0x0000000538800000| Complete 
| 626|0x0000000539000000, 0x0000000539800000, 0x0000000539800000|100%|HC|  |TAMS 0x0000000539800000| PB 0x0000000539000000| Complete 
| 627|0x0000000539800000, 0x000000053a000000, 0x000000053a000000|100%|HC|  |TAMS 0x000000053a000000| PB 0x0000000539800000| Complete 
| 628|0x000000053a000000, 0x000000053a800000, 0x000000053a800000|100%|HC|  |TAMS 0x000000053a800000| PB 0x000000053a000000| Complete 
| 629|0x000000053a800000, 0x000000053b000000, 0x000000053b000000|100%|HC|  |TAMS 0x000000053b000000| PB 0x000000053a800000| Complete 
| 630|0x000000053b000000, 0x000000053b800000, 0x000000053b800000|100%|HC|  |TAMS 0x000000053b800000| PB 0x000000053b000000| Complete 
| 631|0x000000053b800000, 0x000000053c000000, 0x000000053c000000|100%|HC|  |TAMS 0x000000053c000000| PB 0x000000053b800000| Complete 
| 632|0x000000053c000000, 0x000000053c800000, 0x000000053c800000|100%|HC|  |TAMS 0x000000053c800000| PB 0x000000053c000000| Complete 
| 633|0x000000053c800000, 0x000000053d000000, 0x000000053d000000|100%|HC|  |TAMS 0x000000053d000000| PB 0x000000053c800000| Complete 
| 634|0x000000053d000000, 0x000000053d800000, 0x000000053d800000|100%|HC|  |TAMS 0x000000053d800000| PB 0x000000053d000000| Complete 
| 635|0x000000053d800000, 0x000000053e000000, 0x000000053e000000|100%|HC|  |TAMS 0x000000053e000000| PB 0x000000053d800000| Complete 
| 636|0x000000053e000000, 0x000000053e800000, 0x000000053e800000|100%|HC|  |TAMS 0x000000053e800000| PB 0x000000053e000000| Complete 
| 637|0x000000053e800000, 0x000000053f000000, 0x000000053f000000|100%|HC|  |TAMS 0x000000053f000000| PB 0x000000053e800000| Complete 
| 638|0x000000053f000000, 0x000000053f800000, 0x000000053f800000|100%|HC|  |TAMS 0x000000053f800000| PB 0x000000053f000000| Complete 
| 639|0x000000053f800000, 0x0000000540000000, 0x0000000540000000|100%|HC|  |TAMS 0x0000000540000000| PB 0x000000053f800000| Complete 
| 640|0x0000000540000000, 0x0000000540800000, 0x0000000540800000|100%|HC|  |TAMS 0x0000000540800000| PB 0x0000000540000000| Complete 
| 641|0x0000000540800000, 0x0000000541000000, 0x0000000541000000|100%|HC|  |TAMS 0x0000000541000000| PB 0x0000000540800000| Complete 
| 642|0x0000000541000000, 0x0000000541800000, 0x0000000541800000|100%|HC|  |TAMS 0x0000000541800000| PB 0x0000000541000000| Complete 
| 643|0x0000000541800000, 0x0000000542000000, 0x0000000542000000|100%|HC|  |TAMS 0x0000000542000000| PB 0x0000000541800000| Complete 
| 644|0x0000000542000000, 0x0000000542800000, 0x0000000542800000|100%|HC|  |TAMS 0x0000000542800000| PB 0x0000000542000000| Complete 
| 645|0x0000000542800000, 0x0000000543000000, 0x0000000543000000|100%|HC|  |TAMS 0x0000000543000000| PB 0x0000000542800000| Complete 
| 646|0x0000000543000000, 0x0000000543800000, 0x0000000543800000|100%|HC|  |TAMS 0x0000000543800000| PB 0x0000000543000000| Complete 
| 647|0x0000000543800000, 0x0000000544000000, 0x0000000544000000|100%|HC|  |TAMS 0x0000000544000000| PB 0x0000000543800000| Complete 
| 648|0x0000000544000000, 0x0000000544800000, 0x0000000544800000|100%|HC|  |TAMS 0x0000000544800000| PB 0x0000000544000000| Complete 
| 649|0x0000000544800000, 0x0000000545000000, 0x0000000545000000|100%|HC|  |TAMS 0x0000000545000000| PB 0x0000000544800000| Complete 
| 650|0x0000000545000000, 0x0000000545800000, 0x0000000545800000|100%|HC|  |TAMS 0x0000000545800000| PB 0x0000000545000000| Complete 
| 651|0x0000000545800000, 0x0000000546000000, 0x0000000546000000|100%|HC|  |TAMS 0x0000000546000000| PB 0x0000000545800000| Complete 
| 652|0x0000000546000000, 0x0000000546800000, 0x0000000546800000|100%|HC|  |TAMS 0x0000000546800000| PB 0x0000000546000000| Complete 
| 653|0x0000000546800000, 0x0000000547000000, 0x0000000547000000|100%|HC|  |TAMS 0x0000000547000000| PB 0x0000000546800000| Complete 
| 654|0x0000000547000000, 0x0000000547800000, 0x0000000547800000|100%|HC|  |TAMS 0x0000000547800000| PB 0x0000000547000000| Complete 
| 655|0x0000000547800000, 0x0000000548000000, 0x0000000548000000|100%|HC|  |TAMS 0x0000000548000000| PB 0x0000000547800000| Complete 
| 656|0x0000000548000000, 0x0000000548800000, 0x0000000548800000|100%|HC|  |TAMS 0x0000000548800000| PB 0x0000000548000000| Complete 
| 657|0x0000000548800000, 0x0000000549000000, 0x0000000549000000|100%|HC|  |TAMS 0x0000000549000000| PB 0x0000000548800000| Complete 
| 658|0x0000000549000000, 0x0000000549800000, 0x0000000549800000|100%|HC|  |TAMS 0x0000000549800000| PB 0x0000000549000000| Complete 
| 659|0x0000000549800000, 0x000000054a000000, 0x000000054a000000|100%|HC|  |TAMS 0x000000054a000000| PB 0x0000000549800000| Complete 
| 660|0x000000054a000000, 0x000000054a800000, 0x000000054a800000|100%|HC|  |TAMS 0x000000054a800000| PB 0x000000054a000000| Complete 
| 661|0x000000054a800000, 0x000000054b000000, 0x000000054b000000|100%|HC|  |TAMS 0x000000054b000000| PB 0x000000054a800000| Complete 
| 662|0x000000054b000000, 0x000000054b800000, 0x000000054b800000|100%|HC|  |TAMS 0x000000054b800000| PB 0x000000054b000000| Complete 
| 663|0x000000054b800000, 0x000000054c000000, 0x000000054c000000|100%|HC|  |TAMS 0x000000054c000000| PB 0x000000054b800000| Complete 
| 664|0x000000054c000000, 0x000000054c800000, 0x000000054c800000|100%|HC|  |TAMS 0x000000054c800000| PB 0x000000054c000000| Complete 
| 665|0x000000054c800000, 0x000000054d000000, 0x000000054d000000|100%|HC|  |TAMS 0x000000054d000000| PB 0x000000054c800000| Complete 
| 666|0x000000054d000000, 0x000000054d800000, 0x000000054d800000|100%|HC|  |TAMS 0x000000054d800000| PB 0x000000054d000000| Complete 
| 667|0x000000054d800000, 0x000000054e000000, 0x000000054e000000|100%|HC|  |TAMS 0x000000054e000000| PB 0x000000054d800000| Complete 
| 668|0x000000054e000000, 0x000000054e800000, 0x000000054e800000|100%|HC|  |TAMS 0x000000054e800000| PB 0x000000054e000000| Complete 
| 669|0x000000054e800000, 0x000000054f000000, 0x000000054f000000|100%|HC|  |TAMS 0x000000054f000000| PB 0x000000054e800000| Complete 
| 670|0x000000054f000000, 0x000000054f800000, 0x000000054f800000|100%|HC|  |TAMS 0x000000054f800000| PB 0x000000054f000000| Complete 
| 671|0x000000054f800000, 0x0000000550000000, 0x0000000550000000|100%|HC|  |TAMS 0x0000000550000000| PB 0x000000054f800000| Complete 
| 672|0x0000000550000000, 0x0000000550800000, 0x0000000550800000|100%|HC|  |TAMS 0x0000000550800000| PB 0x0000000550000000| Complete 
| 673|0x0000000550800000, 0x0000000551000000, 0x0000000551000000|100%|HC|  |TAMS 0x0000000551000000| PB 0x0000000550800000| Complete 
| 674|0x0000000551000000, 0x0000000551800000, 0x0000000551800000|100%|HC|  |TAMS 0x0000000551800000| PB 0x0000000551000000| Complete 
| 675|0x0000000551800000, 0x0000000552000000, 0x0000000552000000|100%|HC|  |TAMS 0x0000000552000000| PB 0x0000000551800000| Complete 
| 676|0x0000000552000000, 0x0000000552800000, 0x0000000552800000|100%|HC|  |TAMS 0x0000000552800000| PB 0x0000000552000000| Complete 
| 677|0x0000000552800000, 0x0000000553000000, 0x0000000553000000|100%|HC|  |TAMS 0x0000000553000000| PB 0x0000000552800000| Complete 
| 678|0x0000000553000000, 0x0000000553800000, 0x0000000553800000|100%|HC|  |TAMS 0x0000000553800000| PB 0x0000000553000000| Complete 
| 679|0x0000000553800000, 0x0000000554000000, 0x0000000554000000|100%|HC|  |TAMS 0x0000000554000000| PB 0x0000000553800000| Complete 
| 680|0x0000000554000000, 0x0000000554800000, 0x0000000554800000|100%|HC|  |TAMS 0x0000000554800000| PB 0x0000000554000000| Complete 
| 681|0x0000000554800000, 0x0000000555000000, 0x0000000555000000|100%|HC|  |TAMS 0x0000000555000000| PB 0x0000000554800000| Complete 
| 682|0x0000000555000000, 0x0000000555800000, 0x0000000555800000|100%|HC|  |TAMS 0x0000000555800000| PB 0x0000000555000000| Complete 
| 683|0x0000000555800000, 0x0000000556000000, 0x0000000556000000|100%|HC|  |TAMS 0x0000000556000000| PB 0x0000000555800000| Complete 
| 684|0x0000000556000000, 0x0000000556800000, 0x0000000556800000|100%|HC|  |TAMS 0x0000000556800000| PB 0x0000000556000000| Complete 
| 685|0x0000000556800000, 0x0000000557000000, 0x0000000557000000|100%|HC|  |TAMS 0x0000000557000000| PB 0x0000000556800000| Complete 
| 686|0x0000000557000000, 0x0000000557800000, 0x0000000557800000|100%|HC|  |TAMS 0x0000000557800000| PB 0x0000000557000000| Complete 
| 687|0x0000000557800000, 0x0000000558000000, 0x0000000558000000|100%|HC|  |TAMS 0x0000000558000000| PB 0x0000000557800000| Complete 
| 688|0x0000000558000000, 0x0000000558800000, 0x0000000558800000|100%|HC|  |TAMS 0x0000000558800000| PB 0x0000000558000000| Complete 
| 689|0x0000000558800000, 0x0000000559000000, 0x0000000559000000|100%|HC|  |TAMS 0x0000000559000000| PB 0x0000000558800000| Complete 
| 690|0x0000000559000000, 0x0000000559800000, 0x0000000559800000|100%|HC|  |TAMS 0x0000000559800000| PB 0x0000000559000000| Complete 
| 691|0x0000000559800000, 0x000000055a000000, 0x000000055a000000|100%|HC|  |TAMS 0x000000055a000000| PB 0x0000000559800000| Complete 
| 692|0x000000055a000000, 0x000000055a800000, 0x000000055a800000|100%|HC|  |TAMS 0x000000055a800000| PB 0x000000055a000000| Complete 
| 693|0x000000055a800000, 0x000000055b000000, 0x000000055b000000|100%|HC|  |TAMS 0x000000055b000000| PB 0x000000055a800000| Complete 
| 694|0x000000055b000000, 0x000000055b800000, 0x000000055b800000|100%|HC|  |TAMS 0x000000055b800000| PB 0x000000055b000000| Complete 
| 695|0x000000055b800000, 0x000000055c000000, 0x000000055c000000|100%|HC|  |TAMS 0x000000055c000000| PB 0x000000055b800000| Complete 
| 696|0x000000055c000000, 0x000000055c800000, 0x000000055c800000|100%|HC|  |TAMS 0x000000055c800000| PB 0x000000055c000000| Complete 
| 697|0x000000055c800000, 0x000000055d000000, 0x000000055d000000|100%|HC|  |TAMS 0x000000055d000000| PB 0x000000055c800000| Complete 
| 698|0x000000055d000000, 0x000000055d800000, 0x000000055d800000|100%|HC|  |TAMS 0x000000055d800000| PB 0x000000055d000000| Complete 
| 699|0x000000055d800000, 0x000000055e000000, 0x000000055e000000|100%|HC|  |TAMS 0x000000055e000000| PB 0x000000055d800000| Complete 
| 700|0x000000055e000000, 0x000000055e800000, 0x000000055e800000|100%|HC|  |TAMS 0x000000055e800000| PB 0x000000055e000000| Complete 
| 701|0x000000055e800000, 0x000000055f000000, 0x000000055f000000|100%|HC|  |TAMS 0x000000055f000000| PB 0x000000055e800000| Complete 
| 702|0x000000055f000000, 0x000000055f800000, 0x000000055f800000|100%|HC|  |TAMS 0x000000055f800000| PB 0x000000055f000000| Complete 
| 703|0x000000055f800000, 0x0000000560000000, 0x0000000560000000|100%|HC|  |TAMS 0x0000000560000000| PB 0x000000055f800000| Complete 
| 704|0x0000000560000000, 0x0000000560800000, 0x0000000560800000|100%|HC|  |TAMS 0x0000000560800000| PB 0x0000000560000000| Complete 
| 705|0x0000000560800000, 0x0000000561000000, 0x0000000561000000|100%|HC|  |TAMS 0x0000000561000000| PB 0x0000000560800000| Complete 
| 706|0x0000000561000000, 0x0000000561800000, 0x0000000561800000|100%|HC|  |TAMS 0x0000000561800000| PB 0x0000000561000000| Complete 
| 707|0x0000000561800000, 0x0000000562000000, 0x0000000562000000|100%|HC|  |TAMS 0x0000000562000000| PB 0x0000000561800000| Complete 
| 708|0x0000000562000000, 0x0000000562800000, 0x0000000562800000|100%|HC|  |TAMS 0x0000000562800000| PB 0x0000000562000000| Complete 
| 709|0x0000000562800000, 0x0000000563000000, 0x0000000563000000|100%|HC|  |TAMS 0x0000000563000000| PB 0x0000000562800000| Complete 
| 710|0x0000000563000000, 0x0000000563800000, 0x0000000563800000|100%|HC|  |TAMS 0x0000000563800000| PB 0x0000000563000000| Complete 
| 711|0x0000000563800000, 0x0000000564000000, 0x0000000564000000|100%|HC|  |TAMS 0x0000000564000000| PB 0x0000000563800000| Complete 
| 712|0x0000000564000000, 0x0000000564800000, 0x0000000564800000|100%|HC|  |TAMS 0x0000000564800000| PB 0x0000000564000000| Complete 
| 713|0x0000000564800000, 0x0000000565000000, 0x0000000565000000|100%|HC|  |TAMS 0x0000000565000000| PB 0x0000000564800000| Complete 
| 714|0x0000000565000000, 0x0000000565800000, 0x0000000565800000|100%|HC|  |TAMS 0x0000000565800000| PB 0x0000000565000000| Complete 
| 715|0x0000000565800000, 0x0000000566000000, 0x0000000566000000|100%|HC|  |TAMS 0x0000000566000000| PB 0x0000000565800000| Complete 
| 716|0x0000000566000000, 0x0000000566800000, 0x0000000566800000|100%|HC|  |TAMS 0x0000000566800000| PB 0x0000000566000000| Complete 
| 717|0x0000000566800000, 0x0000000567000000, 0x0000000567000000|100%|HC|  |TAMS 0x0000000567000000| PB 0x0000000566800000| Complete 
| 718|0x0000000567000000, 0x0000000567800000, 0x0000000567800000|100%|HC|  |TAMS 0x0000000567800000| PB 0x0000000567000000| Complete 
| 719|0x0000000567800000, 0x0000000568000000, 0x0000000568000000|100%|HC|  |TAMS 0x0000000568000000| PB 0x0000000567800000| Complete 
| 720|0x0000000568000000, 0x0000000568800000, 0x0000000568800000|100%|HC|  |TAMS 0x0000000568800000| PB 0x0000000568000000| Complete 
| 721|0x0000000568800000, 0x0000000569000000, 0x0000000569000000|100%|HC|  |TAMS 0x0000000569000000| PB 0x0000000568800000| Complete 
| 722|0x0000000569000000, 0x0000000569800000, 0x0000000569800000|100%|HC|  |TAMS 0x0000000569800000| PB 0x0000000569000000| Complete 
| 723|0x0000000569800000, 0x000000056a000000, 0x000000056a000000|100%|HC|  |TAMS 0x000000056a000000| PB 0x0000000569800000| Complete 
| 724|0x000000056a000000, 0x000000056a800000, 0x000000056a800000|100%|HC|  |TAMS 0x000000056a800000| PB 0x000000056a000000| Complete 
| 725|0x000000056a800000, 0x000000056b000000, 0x000000056b000000|100%|HC|  |TAMS 0x000000056b000000| PB 0x000000056a800000| Complete 
| 726|0x000000056b000000, 0x000000056b800000, 0x000000056b800000|100%|HC|  |TAMS 0x000000056b800000| PB 0x000000056b000000| Complete 
| 727|0x000000056b800000, 0x000000056c000000, 0x000000056c000000|100%|HC|  |TAMS 0x000000056c000000| PB 0x000000056b800000| Complete 
| 728|0x000000056c000000, 0x000000056c800000, 0x000000056c800000|100%|HC|  |TAMS 0x000000056c800000| PB 0x000000056c000000| Complete 
| 729|0x000000056c800000, 0x000000056d000000, 0x000000056d000000|100%|HC|  |TAMS 0x000000056d000000| PB 0x000000056c800000| Complete 
| 730|0x000000056d000000, 0x000000056d800000, 0x000000056d800000|100%|HC|  |TAMS 0x000000056d800000| PB 0x000000056d000000| Complete 
| 731|0x000000056d800000, 0x000000056e000000, 0x000000056e000000|100%|HC|  |TAMS 0x000000056e000000| PB 0x000000056d800000| Complete 
| 732|0x000000056e000000, 0x000000056e800000, 0x000000056e800000|100%|HC|  |TAMS 0x000000056e800000| PB 0x000000056e000000| Complete 
| 733|0x000000056e800000, 0x000000056f000000, 0x000000056f000000|100%|HC|  |TAMS 0x000000056f000000| PB 0x000000056e800000| Complete 
| 734|0x000000056f000000, 0x000000056f800000, 0x000000056f800000|100%|HC|  |TAMS 0x000000056f800000| PB 0x000000056f000000| Complete 
| 735|0x000000056f800000, 0x0000000570000000, 0x0000000570000000|100%|HC|  |TAMS 0x0000000570000000| PB 0x000000056f800000| Complete 
| 736|0x0000000570000000, 0x0000000570800000, 0x0000000570800000|100%|HC|  |TAMS 0x0000000570800000| PB 0x0000000570000000| Complete 
| 737|0x0000000570800000, 0x0000000571000000, 0x0000000571000000|100%|HC|  |TAMS 0x0000000571000000| PB 0x0000000570800000| Complete 
| 738|0x0000000571000000, 0x0000000571800000, 0x0000000571800000|100%|HC|  |TAMS 0x0000000571800000| PB 0x0000000571000000| Complete 
| 739|0x0000000571800000, 0x0000000572000000, 0x0000000572000000|100%|HC|  |TAMS 0x0000000572000000| PB 0x0000000571800000| Complete 
| 740|0x0000000572000000, 0x0000000572800000, 0x0000000572800000|100%|HC|  |TAMS 0x0000000572800000| PB 0x0000000572000000| Complete 
| 741|0x0000000572800000, 0x0000000573000000, 0x0000000573000000|100%|HC|  |TAMS 0x0000000573000000| PB 0x0000000572800000| Complete 
| 742|0x0000000573000000, 0x0000000573800000, 0x0000000573800000|100%|HC|  |TAMS 0x0000000573800000| PB 0x0000000573000000| Complete 
| 743|0x0000000573800000, 0x0000000574000000, 0x0000000574000000|100%|HC|  |TAMS 0x0000000574000000| PB 0x0000000573800000| Complete 
| 744|0x0000000574000000, 0x0000000574800000, 0x0000000574800000|100%|HC|  |TAMS 0x0000000574800000| PB 0x0000000574000000| Complete 
| 745|0x0000000574800000, 0x0000000575000000, 0x0000000575000000|100%|HC|  |TAMS 0x0000000575000000| PB 0x0000000574800000| Complete 
| 746|0x0000000575000000, 0x0000000575800000, 0x0000000575800000|100%|HC|  |TAMS 0x0000000575800000| PB 0x0000000575000000| Complete 
| 747|0x0000000575800000, 0x0000000576000000, 0x0000000576000000|100%|HC|  |TAMS 0x0000000576000000| PB 0x0000000575800000| Complete 
| 748|0x0000000576000000, 0x0000000576800000, 0x0000000576800000|100%|HC|  |TAMS 0x0000000576800000| PB 0x0000000576000000| Complete 
| 749|0x0000000576800000, 0x0000000577000000, 0x0000000577000000|100%|HC|  |TAMS 0x0000000577000000| PB 0x0000000576800000| Complete 
| 750|0x0000000577000000, 0x0000000577800000, 0x0000000577800000|100%|HC|  |TAMS 0x0000000577800000| PB 0x0000000577000000| Complete 
| 751|0x0000000577800000, 0x0000000578000000, 0x0000000578000000|100%|HC|  |TAMS 0x0000000578000000| PB 0x0000000577800000| Complete 
| 752|0x0000000578000000, 0x0000000578800000, 0x0000000578800000|100%|HC|  |TAMS 0x0000000578800000| PB 0x0000000578000000| Complete 
| 753|0x0000000578800000, 0x0000000579000000, 0x0000000579000000|100%|HC|  |TAMS 0x0000000579000000| PB 0x0000000578800000| Complete 
| 754|0x0000000579000000, 0x0000000579800000, 0x0000000579800000|100%|HC|  |TAMS 0x0000000579800000| PB 0x0000000579000000| Complete 
| 755|0x0000000579800000, 0x000000057a000000, 0x000000057a000000|100%|HC|  |TAMS 0x000000057a000000| PB 0x0000000579800000| Complete 
| 756|0x000000057a000000, 0x000000057a800000, 0x000000057a800000|100%|HC|  |TAMS 0x000000057a800000| PB 0x000000057a000000| Complete 
| 757|0x000000057a800000, 0x000000057b000000, 0x000000057b000000|100%|HC|  |TAMS 0x000000057b000000| PB 0x000000057a800000| Complete 
| 758|0x000000057b000000, 0x000000057b800000, 0x000000057b800000|100%|HC|  |TAMS 0x000000057b800000| PB 0x000000057b000000| Complete 
| 759|0x000000057b800000, 0x000000057c000000, 0x000000057c000000|100%|HC|  |TAMS 0x000000057c000000| PB 0x000000057b800000| Complete 
| 760|0x000000057c000000, 0x000000057c800000, 0x000000057c800000|100%|HC|  |TAMS 0x000000057c800000| PB 0x000000057c000000| Complete 
| 761|0x000000057c800000, 0x000000057d000000, 0x000000057d000000|100%|HC|  |TAMS 0x000000057d000000| PB 0x000000057c800000| Complete 
| 762|0x000000057d000000, 0x000000057d800000, 0x000000057d800000|100%|HC|  |TAMS 0x000000057d800000| PB 0x000000057d000000| Complete 
| 763|0x000000057d800000, 0x000000057e000000, 0x000000057e000000|100%|HC|  |TAMS 0x000000057e000000| PB 0x000000057d800000| Complete 
| 764|0x000000057e000000, 0x000000057e800000, 0x000000057e800000|100%|HC|  |TAMS 0x000000057e800000| PB 0x000000057e000000| Complete 
| 765|0x000000057e800000, 0x000000057f000000, 0x000000057f000000|100%|HC|  |TAMS 0x000000057f000000| PB 0x000000057e800000| Complete 
| 766|0x000000057f000000, 0x000000057f800000, 0x000000057f800000|100%|HC|  |TAMS 0x000000057f800000| PB 0x000000057f000000| Complete 
| 767|0x000000057f800000, 0x0000000580000000, 0x0000000580000000|100%|HC|  |TAMS 0x0000000580000000| PB 0x000000057f800000| Complete 
| 768|0x0000000580000000, 0x0000000580800000, 0x0000000580800000|100%|HC|  |TAMS 0x0000000580800000| PB 0x0000000580000000| Complete 
| 769|0x0000000580800000, 0x0000000581000000, 0x0000000581000000|100%|HC|  |TAMS 0x0000000581000000| PB 0x0000000580800000| Complete 
| 770|0x0000000581000000, 0x0000000581800000, 0x0000000581800000|100%|HC|  |TAMS 0x0000000581800000| PB 0x0000000581000000| Complete 
| 771|0x0000000581800000, 0x0000000582000000, 0x0000000582000000|100%|HC|  |TAMS 0x0000000582000000| PB 0x0000000581800000| Complete 
| 772|0x0000000582000000, 0x0000000582800000, 0x0000000582800000|100%|HC|  |TAMS 0x0000000582800000| PB 0x0000000582000000| Complete 
| 773|0x0000000582800000, 0x0000000583000000, 0x0000000583000000|100%|HC|  |TAMS 0x0000000583000000| PB 0x0000000582800000| Complete 
| 774|0x0000000583000000, 0x0000000583800000, 0x0000000583800000|100%|HC|  |TAMS 0x0000000583800000| PB 0x0000000583000000| Complete 
| 775|0x0000000583800000, 0x0000000584000000, 0x0000000584000000|100%|HC|  |TAMS 0x0000000584000000| PB 0x0000000583800000| Complete 
| 776|0x0000000584000000, 0x0000000584800000, 0x0000000584800000|100%|HC|  |TAMS 0x0000000584800000| PB 0x0000000584000000| Complete 
| 777|0x0000000584800000, 0x0000000585000000, 0x0000000585000000|100%|HC|  |TAMS 0x0000000585000000| PB 0x0000000584800000| Complete 
| 778|0x0000000585000000, 0x0000000585800000, 0x0000000585800000|100%|HC|  |TAMS 0x0000000585800000| PB 0x0000000585000000| Complete 
| 779|0x0000000585800000, 0x0000000586000000, 0x0000000586000000|100%|HC|  |TAMS 0x0000000586000000| PB 0x0000000585800000| Complete 
| 780|0x0000000586000000, 0x0000000586800000, 0x0000000586800000|100%|HC|  |TAMS 0x0000000586800000| PB 0x0000000586000000| Complete 
| 781|0x0000000586800000, 0x0000000587000000, 0x0000000587000000|100%|HC|  |TAMS 0x0000000587000000| PB 0x0000000586800000| Complete 
| 782|0x0000000587000000, 0x0000000587800000, 0x0000000587800000|100%|HC|  |TAMS 0x0000000587800000| PB 0x0000000587000000| Complete 
| 783|0x0000000587800000, 0x0000000588000000, 0x0000000588000000|100%|HC|  |TAMS 0x0000000588000000| PB 0x0000000587800000| Complete 
| 784|0x0000000588000000, 0x0000000588800000, 0x0000000588800000|100%|HC|  |TAMS 0x0000000588800000| PB 0x0000000588000000| Complete 
| 785|0x0000000588800000, 0x0000000589000000, 0x0000000589000000|100%|HC|  |TAMS 0x0000000589000000| PB 0x0000000588800000| Complete 
| 786|0x0000000589000000, 0x0000000589800000, 0x0000000589800000|100%|HC|  |TAMS 0x0000000589800000| PB 0x0000000589000000| Complete 
| 787|0x0000000589800000, 0x000000058a000000, 0x000000058a000000|100%|HC|  |TAMS 0x000000058a000000| PB 0x0000000589800000| Complete 
| 788|0x000000058a000000, 0x000000058a800000, 0x000000058a800000|100%|HC|  |TAMS 0x000000058a800000| PB 0x000000058a000000| Complete 
| 789|0x000000058a800000, 0x000000058b000000, 0x000000058b000000|100%|HC|  |TAMS 0x000000058b000000| PB 0x000000058a800000| Complete 
| 790|0x000000058b000000, 0x000000058b800000, 0x000000058b800000|100%|HC|  |TAMS 0x000000058b800000| PB 0x000000058b000000| Complete 
| 791|0x000000058b800000, 0x000000058c000000, 0x000000058c000000|100%|HC|  |TAMS 0x000000058c000000| PB 0x000000058b800000| Complete 
| 792|0x000000058c000000, 0x000000058c800000, 0x000000058c800000|100%|HC|  |TAMS 0x000000058c800000| PB 0x000000058c000000| Complete 
| 793|0x000000058c800000, 0x000000058d000000, 0x000000058d000000|100%|HC|  |TAMS 0x000000058d000000| PB 0x000000058c800000| Complete 
| 794|0x000000058d000000, 0x000000058d800000, 0x000000058d800000|100%|HC|  |TAMS 0x000000058d800000| PB 0x000000058d000000| Complete 
| 795|0x000000058d800000, 0x000000058e000000, 0x000000058e000000|100%|HC|  |TAMS 0x000000058e000000| PB 0x000000058d800000| Complete 
| 796|0x000000058e000000, 0x000000058e800000, 0x000000058e800000|100%|HC|  |TAMS 0x000000058e800000| PB 0x000000058e000000| Complete 
| 797|0x000000058e800000, 0x000000058f000000, 0x000000058f000000|100%|HC|  |TAMS 0x000000058f000000| PB 0x000000058e800000| Complete 
| 798|0x000000058f000000, 0x000000058f800000, 0x000000058f800000|100%|HC|  |TAMS 0x000000058f800000| PB 0x000000058f000000| Complete 
| 799|0x000000058f800000, 0x0000000590000000, 0x0000000590000000|100%|HC|  |TAMS 0x0000000590000000| PB 0x000000058f800000| Complete 
| 800|0x0000000590000000, 0x0000000590800000, 0x0000000590800000|100%|HC|  |TAMS 0x0000000590800000| PB 0x0000000590000000| Complete 
| 801|0x0000000590800000, 0x0000000591000000, 0x0000000591000000|100%|HC|  |TAMS 0x0000000591000000| PB 0x0000000590800000| Complete 
| 802|0x0000000591000000, 0x0000000591800000, 0x0000000591800000|100%|HC|  |TAMS 0x0000000591800000| PB 0x0000000591000000| Complete 
| 803|0x0000000591800000, 0x0000000592000000, 0x0000000592000000|100%|HC|  |TAMS 0x0000000592000000| PB 0x0000000591800000| Complete 
| 804|0x0000000592000000, 0x0000000592800000, 0x0000000592800000|100%|HC|  |TAMS 0x0000000592800000| PB 0x0000000592000000| Complete 
| 805|0x0000000592800000, 0x0000000593000000, 0x0000000593000000|100%|HC|  |TAMS 0x0000000593000000| PB 0x0000000592800000| Complete 
| 806|0x0000000593000000, 0x0000000593800000, 0x0000000593800000|100%|HC|  |TAMS 0x0000000593800000| PB 0x0000000593000000| Complete 
| 807|0x0000000593800000, 0x0000000594000000, 0x0000000594000000|100%|HC|  |TAMS 0x0000000594000000| PB 0x0000000593800000| Complete 
| 808|0x0000000594000000, 0x0000000594800000, 0x0000000594800000|100%|HC|  |TAMS 0x0000000594800000| PB 0x0000000594000000| Complete 
| 809|0x0000000594800000, 0x0000000595000000, 0x0000000595000000|100%|HC|  |TAMS 0x0000000595000000| PB 0x0000000594800000| Complete 
| 810|0x0000000595000000, 0x0000000595800000, 0x0000000595800000|100%|HC|  |TAMS 0x0000000595800000| PB 0x0000000595000000| Complete 
| 811|0x0000000595800000, 0x0000000596000000, 0x0000000596000000|100%|HC|  |TAMS 0x0000000596000000| PB 0x0000000595800000| Complete 
| 812|0x0000000596000000, 0x0000000596800000, 0x0000000596800000|100%|HC|  |TAMS 0x0000000596800000| PB 0x0000000596000000| Complete 
| 813|0x0000000596800000, 0x0000000597000000, 0x0000000597000000|100%|HC|  |TAMS 0x0000000597000000| PB 0x0000000596800000| Complete 
| 814|0x0000000597000000, 0x0000000597800000, 0x0000000597800000|100%|HC|  |TAMS 0x0000000597800000| PB 0x0000000597000000| Complete 
| 815|0x0000000597800000, 0x0000000598000000, 0x0000000598000000|100%|HC|  |TAMS 0x0000000598000000| PB 0x0000000597800000| Complete 
| 816|0x0000000598000000, 0x0000000598800000, 0x0000000598800000|100%|HC|  |TAMS 0x0000000598800000| PB 0x0000000598000000| Complete 
| 817|0x0000000598800000, 0x0000000599000000, 0x0000000599000000|100%|HC|  |TAMS 0x0000000599000000| PB 0x0000000598800000| Complete 
| 818|0x0000000599000000, 0x0000000599800000, 0x0000000599800000|100%|HC|  |TAMS 0x0000000599800000| PB 0x0000000599000000| Complete 
| 819|0x0000000599800000, 0x000000059a000000, 0x000000059a000000|100%|HC|  |TAMS 0x000000059a000000| PB 0x0000000599800000| Complete 
| 820|0x000000059a000000, 0x000000059a800000, 0x000000059a800000|100%|HC|  |TAMS 0x000000059a800000| PB 0x000000059a000000| Complete 
| 821|0x000000059a800000, 0x000000059b000000, 0x000000059b000000|100%|HC|  |TAMS 0x000000059b000000| PB 0x000000059a800000| Complete 
| 822|0x000000059b000000, 0x000000059b800000, 0x000000059b800000|100%|HC|  |TAMS 0x000000059b800000| PB 0x000000059b000000| Complete 
| 823|0x000000059b800000, 0x000000059c000000, 0x000000059c000000|100%|HC|  |TAMS 0x000000059c000000| PB 0x000000059b800000| Complete 
| 824|0x000000059c000000, 0x000000059c800000, 0x000000059c800000|100%|HC|  |TAMS 0x000000059c800000| PB 0x000000059c000000| Complete 
| 825|0x000000059c800000, 0x000000059d000000, 0x000000059d000000|100%|HC|  |TAMS 0x000000059d000000| PB 0x000000059c800000| Complete 
| 826|0x000000059d000000, 0x000000059d800000, 0x000000059d800000|100%|HC|  |TAMS 0x000000059d800000| PB 0x000000059d000000| Complete 
| 827|0x000000059d800000, 0x000000059e000000, 0x000000059e000000|100%|HC|  |TAMS 0x000000059e000000| PB 0x000000059d800000| Complete 
| 828|0x000000059e000000, 0x000000059e800000, 0x000000059e800000|100%|HC|  |TAMS 0x000000059e800000| PB 0x000000059e000000| Complete 
| 829|0x000000059e800000, 0x000000059f000000, 0x000000059f000000|100%|HC|  |TAMS 0x000000059f000000| PB 0x000000059e800000| Complete 
| 830|0x000000059f000000, 0x000000059f800000, 0x000000059f800000|100%|HC|  |TAMS 0x000000059f800000| PB 0x000000059f000000| Complete 
| 831|0x000000059f800000, 0x00000005a0000000, 0x00000005a0000000|100%|HC|  |TAMS 0x00000005a0000000| PB 0x000000059f800000| Complete 
| 832|0x00000005a0000000, 0x00000005a0800000, 0x00000005a0800000|100%|HC|  |TAMS 0x00000005a0800000| PB 0x00000005a0000000| Complete 
| 833|0x00000005a0800000, 0x00000005a1000000, 0x00000005a1000000|100%|HC|  |TAMS 0x00000005a1000000| PB 0x00000005a0800000| Complete 
| 834|0x00000005a1000000, 0x00000005a1800000, 0x00000005a1800000|100%|HC|  |TAMS 0x00000005a1800000| PB 0x00000005a1000000| Complete 
| 835|0x00000005a1800000, 0x00000005a2000000, 0x00000005a2000000|100%|HC|  |TAMS 0x00000005a2000000| PB 0x00000005a1800000| Complete 
| 836|0x00000005a2000000, 0x00000005a2800000, 0x00000005a2800000|100%|HC|  |TAMS 0x00000005a2800000| PB 0x00000005a2000000| Complete 
| 837|0x00000005a2800000, 0x00000005a3000000, 0x00000005a3000000|100%|HC|  |TAMS 0x00000005a3000000| PB 0x00000005a2800000| Complete 
| 838|0x00000005a3000000, 0x00000005a3800000, 0x00000005a3800000|100%|HC|  |TAMS 0x00000005a3800000| PB 0x00000005a3000000| Complete 
| 839|0x00000005a3800000, 0x00000005a4000000, 0x00000005a4000000|100%|HC|  |TAMS 0x00000005a4000000| PB 0x00000005a3800000| Complete 
| 840|0x00000005a4000000, 0x00000005a4800000, 0x00000005a4800000|100%|HC|  |TAMS 0x00000005a4800000| PB 0x00000005a4000000| Complete 
| 841|0x00000005a4800000, 0x00000005a5000000, 0x00000005a5000000|100%|HC|  |TAMS 0x00000005a5000000| PB 0x00000005a4800000| Complete 
| 842|0x00000005a5000000, 0x00000005a5800000, 0x00000005a5800000|100%|HC|  |TAMS 0x00000005a5800000| PB 0x00000005a5000000| Complete 
| 843|0x00000005a5800000, 0x00000005a6000000, 0x00000005a6000000|100%|HC|  |TAMS 0x00000005a6000000| PB 0x00000005a5800000| Complete 
| 844|0x00000005a6000000, 0x00000005a6800000, 0x00000005a6800000|100%|HC|  |TAMS 0x00000005a6800000| PB 0x00000005a6000000| Complete 
| 845|0x00000005a6800000, 0x00000005a7000000, 0x00000005a7000000|100%|HC|  |TAMS 0x00000005a7000000| PB 0x00000005a6800000| Complete 
| 846|0x00000005a7000000, 0x00000005a7800000, 0x00000005a7800000|100%|HC|  |TAMS 0x00000005a7800000| PB 0x00000005a7000000| Complete 
| 847|0x00000005a7800000, 0x00000005a8000000, 0x00000005a8000000|100%|HC|  |TAMS 0x00000005a8000000| PB 0x00000005a7800000| Complete 
| 848|0x00000005a8000000, 0x00000005a8800000, 0x00000005a8800000|100%|HC|  |TAMS 0x00000005a8800000| PB 0x00000005a8000000| Complete 
| 849|0x00000005a8800000, 0x00000005a9000000, 0x00000005a9000000|100%|HC|  |TAMS 0x00000005a9000000| PB 0x00000005a8800000| Complete 
| 850|0x00000005a9000000, 0x00000005a9800000, 0x00000005a9800000|100%|HC|  |TAMS 0x00000005a9800000| PB 0x00000005a9000000| Complete 
| 851|0x00000005a9800000, 0x00000005aa000000, 0x00000005aa000000|100%|HC|  |TAMS 0x00000005aa000000| PB 0x00000005a9800000| Complete 
| 852|0x00000005aa000000, 0x00000005aa800000, 0x00000005aa800000|100%|HC|  |TAMS 0x00000005aa800000| PB 0x00000005aa000000| Complete 
| 853|0x00000005aa800000, 0x00000005ab000000, 0x00000005ab000000|100%|HC|  |TAMS 0x00000005ab000000| PB 0x00000005aa800000| Complete 
| 854|0x00000005ab000000, 0x00000005ab800000, 0x00000005ab800000|100%|HC|  |TAMS 0x00000005ab800000| PB 0x00000005ab000000| Complete 
| 855|0x00000005ab800000, 0x00000005ac000000, 0x00000005ac000000|100%|HC|  |TAMS 0x00000005ac000000| PB 0x00000005ab800000| Complete 
| 856|0x00000005ac000000, 0x00000005ac800000, 0x00000005ac800000|100%|HC|  |TAMS 0x00000005ac800000| PB 0x00000005ac000000| Complete 
| 857|0x00000005ac800000, 0x00000005ad000000, 0x00000005ad000000|100%|HC|  |TAMS 0x00000005ad000000| PB 0x00000005ac800000| Complete 
| 858|0x00000005ad000000, 0x00000005ad800000, 0x00000005ad800000|100%|HC|  |TAMS 0x00000005ad800000| PB 0x00000005ad000000| Complete 
| 859|0x00000005ad800000, 0x00000005ae000000, 0x00000005ae000000|100%|HC|  |TAMS 0x00000005ae000000| PB 0x00000005ad800000| Complete 
| 860|0x00000005ae000000, 0x00000005ae800000, 0x00000005ae800000|100%|HC|  |TAMS 0x00000005ae800000| PB 0x00000005ae000000| Complete 
| 861|0x00000005ae800000, 0x00000005af000000, 0x00000005af000000|100%|HC|  |TAMS 0x00000005af000000| PB 0x00000005ae800000| Complete 
| 862|0x00000005af000000, 0x00000005af800000, 0x00000005af800000|100%|HC|  |TAMS 0x00000005af800000| PB 0x00000005af000000| Complete 
| 863|0x00000005af800000, 0x00000005b0000000, 0x00000005b0000000|100%|HC|  |TAMS 0x00000005b0000000| PB 0x00000005af800000| Complete 
| 864|0x00000005b0000000, 0x00000005b0800000, 0x00000005b0800000|100%|HC|  |TAMS 0x00000005b0800000| PB 0x00000005b0000000| Complete 
| 865|0x00000005b0800000, 0x00000005b1000000, 0x00000005b1000000|100%|HC|  |TAMS 0x00000005b1000000| PB 0x00000005b0800000| Complete 
| 866|0x00000005b1000000, 0x00000005b1800000, 0x00000005b1800000|100%|HC|  |TAMS 0x00000005b1800000| PB 0x00000005b1000000| Complete 
| 867|0x00000005b1800000, 0x00000005b2000000, 0x00000005b2000000|100%|HC|  |TAMS 0x00000005b2000000| PB 0x00000005b1800000| Complete 
| 868|0x00000005b2000000, 0x00000005b2800000, 0x00000005b2800000|100%|HC|  |TAMS 0x00000005b2800000| PB 0x00000005b2000000| Complete 
| 869|0x00000005b2800000, 0x00000005b3000000, 0x00000005b3000000|100%|HC|  |TAMS 0x00000005b3000000| PB 0x00000005b2800000| Complete 
| 870|0x00000005b3000000, 0x00000005b3800000, 0x00000005b3800000|100%|HC|  |TAMS 0x00000005b3800000| PB 0x00000005b3000000| Complete 
| 871|0x00000005b3800000, 0x00000005b4000000, 0x00000005b4000000|100%|HC|  |TAMS 0x00000005b4000000| PB 0x00000005b3800000| Complete 
| 872|0x00000005b4000000, 0x00000005b4800000, 0x00000005b4800000|100%|HC|  |TAMS 0x00000005b4800000| PB 0x00000005b4000000| Complete 
| 873|0x00000005b4800000, 0x00000005b5000000, 0x00000005b5000000|100%|HC|  |TAMS 0x00000005b5000000| PB 0x00000005b4800000| Complete 
| 874|0x00000005b5000000, 0x00000005b5800000, 0x00000005b5800000|100%|HC|  |TAMS 0x00000005b5800000| PB 0x00000005b5000000| Complete 
| 875|0x00000005b5800000, 0x00000005b6000000, 0x00000005b6000000|100%|HC|  |TAMS 0x00000005b6000000| PB 0x00000005b5800000| Complete 
| 876|0x00000005b6000000, 0x00000005b6800000, 0x00000005b6800000|100%|HC|  |TAMS 0x00000005b6800000| PB 0x00000005b6000000| Complete 
| 877|0x00000005b6800000, 0x00000005b7000000, 0x00000005b7000000|100%|HC|  |TAMS 0x00000005b7000000| PB 0x00000005b6800000| Complete 
| 878|0x00000005b7000000, 0x00000005b7800000, 0x00000005b7800000|100%|HC|  |TAMS 0x00000005b7800000| PB 0x00000005b7000000| Complete 
| 879|0x00000005b7800000, 0x00000005b8000000, 0x00000005b8000000|100%|HC|  |TAMS 0x00000005b8000000| PB 0x00000005b7800000| Complete 
| 880|0x00000005b8000000, 0x00000005b8800000, 0x00000005b8800000|100%|HC|  |TAMS 0x00000005b8800000| PB 0x00000005b8000000| Complete 
| 881|0x00000005b8800000, 0x00000005b9000000, 0x00000005b9000000|100%|HC|  |TAMS 0x00000005b9000000| PB 0x00000005b8800000| Complete 
| 882|0x00000005b9000000, 0x00000005b9800000, 0x00000005b9800000|100%|HC|  |TAMS 0x00000005b9800000| PB 0x00000005b9000000| Complete 
| 883|0x00000005b9800000, 0x00000005ba000000, 0x00000005ba000000|100%|HC|  |TAMS 0x00000005ba000000| PB 0x00000005b9800000| Complete 
| 884|0x00000005ba000000, 0x00000005ba800000, 0x00000005ba800000|100%|HC|  |TAMS 0x00000005ba800000| PB 0x00000005ba000000| Complete 
| 885|0x00000005ba800000, 0x00000005bb000000, 0x00000005bb000000|100%|HC|  |TAMS 0x00000005bb000000| PB 0x00000005ba800000| Complete 
| 886|0x00000005bb000000, 0x00000005bb800000, 0x00000005bb800000|100%|HC|  |TAMS 0x00000005bb800000| PB 0x00000005bb000000| Complete 
| 887|0x00000005bb800000, 0x00000005bc000000, 0x00000005bc000000|100%|HC|  |TAMS 0x00000005bc000000| PB 0x00000005bb800000| Complete 
| 888|0x00000005bc000000, 0x00000005bc800000, 0x00000005bc800000|100%|HC|  |TAMS 0x00000005bc800000| PB 0x00000005bc000000| Complete 
| 889|0x00000005bc800000, 0x00000005bd000000, 0x00000005bd000000|100%|HC|  |TAMS 0x00000005bd000000| PB 0x00000005bc800000| Complete 
| 890|0x00000005bd000000, 0x00000005bd800000, 0x00000005bd800000|100%|HC|  |TAMS 0x00000005bd800000| PB 0x00000005bd000000| Complete 
| 891|0x00000005bd800000, 0x00000005be000000, 0x00000005be000000|100%|HC|  |TAMS 0x00000005be000000| PB 0x00000005bd800000| Complete 
| 892|0x00000005be000000, 0x00000005be800000, 0x00000005be800000|100%|HC|  |TAMS 0x00000005be800000| PB 0x00000005be000000| Complete 
| 893|0x00000005be800000, 0x00000005bf000000, 0x00000005bf000000|100%|HC|  |TAMS 0x00000005bf000000| PB 0x00000005be800000| Complete 
| 894|0x00000005bf000000, 0x00000005bf800000, 0x00000005bf800000|100%|HC|  |TAMS 0x00000005bf800000| PB 0x00000005bf000000| Complete 
| 895|0x00000005bf800000, 0x00000005c0000000, 0x00000005c0000000|100%|HC|  |TAMS 0x00000005c0000000| PB 0x00000005bf800000| Complete 
| 896|0x00000005c0000000, 0x00000005c0800000, 0x00000005c0800000|100%|HC|  |TAMS 0x00000005c0800000| PB 0x00000005c0000000| Complete 
| 897|0x00000005c0800000, 0x00000005c1000000, 0x00000005c1000000|100%|HC|  |TAMS 0x00000005c1000000| PB 0x00000005c0800000| Complete 
| 898|0x00000005c1000000, 0x00000005c1800000, 0x00000005c1800000|100%|HC|  |TAMS 0x00000005c1800000| PB 0x00000005c1000000| Complete 
| 899|0x00000005c1800000, 0x00000005c2000000, 0x00000005c2000000|100%|HC|  |TAMS 0x00000005c2000000| PB 0x00000005c1800000| Complete 
| 900|0x00000005c2000000, 0x00000005c2800000, 0x00000005c2800000|100%|HC|  |TAMS 0x00000005c2800000| PB 0x00000005c2000000| Complete 
| 901|0x00000005c2800000, 0x00000005c3000000, 0x00000005c3000000|100%|HC|  |TAMS 0x00000005c3000000| PB 0x00000005c2800000| Complete 
| 902|0x00000005c3000000, 0x00000005c3800000, 0x00000005c3800000|100%|HC|  |TAMS 0x00000005c3800000| PB 0x00000005c3000000| Complete 
| 903|0x00000005c3800000, 0x00000005c4000000, 0x00000005c4000000|100%|HC|  |TAMS 0x00000005c4000000| PB 0x00000005c3800000| Complete 
| 904|0x00000005c4000000, 0x00000005c4800000, 0x00000005c4800000|100%|HC|  |TAMS 0x00000005c4800000| PB 0x00000005c4000000| Complete 
| 905|0x00000005c4800000, 0x00000005c5000000, 0x00000005c5000000|100%|HC|  |TAMS 0x00000005c5000000| PB 0x00000005c4800000| Complete 
| 906|0x00000005c5000000, 0x00000005c5800000, 0x00000005c5800000|100%|HC|  |TAMS 0x00000005c5800000| PB 0x00000005c5000000| Complete 
| 907|0x00000005c5800000, 0x00000005c6000000, 0x00000005c6000000|100%|HC|  |TAMS 0x00000005c6000000| PB 0x00000005c5800000| Complete 
| 908|0x00000005c6000000, 0x00000005c6800000, 0x00000005c6800000|100%|HC|  |TAMS 0x00000005c6800000| PB 0x00000005c6000000| Complete 
| 909|0x00000005c6800000, 0x00000005c7000000, 0x00000005c7000000|100%|HC|  |TAMS 0x00000005c7000000| PB 0x00000005c6800000| Complete 
| 910|0x00000005c7000000, 0x00000005c7800000, 0x00000005c7800000|100%|HC|  |TAMS 0x00000005c7800000| PB 0x00000005c7000000| Complete 
| 911|0x00000005c7800000, 0x00000005c8000000, 0x00000005c8000000|100%|HC|  |TAMS 0x00000005c8000000| PB 0x00000005c7800000| Complete 
| 912|0x00000005c8000000, 0x00000005c8800000, 0x00000005c8800000|100%|HC|  |TAMS 0x00000005c8800000| PB 0x00000005c8000000| Complete 
| 913|0x00000005c8800000, 0x00000005c9000000, 0x00000005c9000000|100%|HC|  |TAMS 0x00000005c9000000| PB 0x00000005c8800000| Complete 
| 914|0x00000005c9000000, 0x00000005c9800000, 0x00000005c9800000|100%|HC|  |TAMS 0x00000005c9800000| PB 0x00000005c9000000| Complete 
| 915|0x00000005c9800000, 0x00000005ca000000, 0x00000005ca000000|100%|HC|  |TAMS 0x00000005ca000000| PB 0x00000005c9800000| Complete 
| 916|0x00000005ca000000, 0x00000005ca800000, 0x00000005ca800000|100%|HC|  |TAMS 0x00000005ca800000| PB 0x00000005ca000000| Complete 
| 917|0x00000005ca800000, 0x00000005cb000000, 0x00000005cb000000|100%|HC|  |TAMS 0x00000005cb000000| PB 0x00000005ca800000| Complete 
| 918|0x00000005cb000000, 0x00000005cb800000, 0x00000005cb800000|100%|HC|  |TAMS 0x00000005cb800000| PB 0x00000005cb000000| Complete 
| 919|0x00000005cb800000, 0x00000005cc000000, 0x00000005cc000000|100%|HC|  |TAMS 0x00000005cc000000| PB 0x00000005cb800000| Complete 
| 920|0x00000005cc000000, 0x00000005cc800000, 0x00000005cc800000|100%|HC|  |TAMS 0x00000005cc800000| PB 0x00000005cc000000| Complete 
| 921|0x00000005cc800000, 0x00000005cd000000, 0x00000005cd000000|100%|HC|  |TAMS 0x00000005cd000000| PB 0x00000005cc800000| Complete 
| 922|0x00000005cd000000, 0x00000005cd800000, 0x00000005cd800000|100%|HC|  |TAMS 0x00000005cd800000| PB 0x00000005cd000000| Complete 
| 923|0x00000005cd800000, 0x00000005ce000000, 0x00000005ce000000|100%|HC|  |TAMS 0x00000005ce000000| PB 0x00000005cd800000| Complete 
| 924|0x00000005ce000000, 0x00000005ce800000, 0x00000005ce800000|100%|HC|  |TAMS 0x00000005ce800000| PB 0x00000005ce000000| Complete 
| 925|0x00000005ce800000, 0x00000005cf000000, 0x00000005cf000000|100%|HC|  |TAMS 0x00000005cf000000| PB 0x00000005ce800000| Complete 
| 926|0x00000005cf000000, 0x00000005cf800000, 0x00000005cf800000|100%|HC|  |TAMS 0x00000005cf800000| PB 0x00000005cf000000| Complete 
| 927|0x00000005cf800000, 0x00000005d0000000, 0x00000005d0000000|100%|HC|  |TAMS 0x00000005d0000000| PB 0x00000005cf800000| Complete 
| 928|0x00000005d0000000, 0x00000005d0800000, 0x00000005d0800000|100%|HC|  |TAMS 0x00000005d0800000| PB 0x00000005d0000000| Complete 
| 929|0x00000005d0800000, 0x00000005d1000000, 0x00000005d1000000|100%|HC|  |TAMS 0x00000005d1000000| PB 0x00000005d0800000| Complete 
| 930|0x00000005d1000000, 0x00000005d1800000, 0x00000005d1800000|100%|HC|  |TAMS 0x00000005d1800000| PB 0x00000005d1000000| Complete 
| 931|0x00000005d1800000, 0x00000005d2000000, 0x00000005d2000000|100%|HC|  |TAMS 0x00000005d2000000| PB 0x00000005d1800000| Complete 
| 932|0x00000005d2000000, 0x00000005d2800000, 0x00000005d2800000|100%|HC|  |TAMS 0x00000005d2800000| PB 0x00000005d2000000| Complete 
| 933|0x00000005d2800000, 0x00000005d3000000, 0x00000005d3000000|100%|HC|  |TAMS 0x00000005d3000000| PB 0x00000005d2800000| Complete 
| 934|0x00000005d3000000, 0x00000005d3800000, 0x00000005d3800000|100%|HC|  |TAMS 0x00000005d3800000| PB 0x00000005d3000000| Complete 
| 935|0x00000005d3800000, 0x00000005d4000000, 0x00000005d4000000|100%|HC|  |TAMS 0x00000005d4000000| PB 0x00000005d3800000| Complete 
| 936|0x00000005d4000000, 0x00000005d4800000, 0x00000005d4800000|100%|HC|  |TAMS 0x00000005d4800000| PB 0x00000005d4000000| Complete 
| 937|0x00000005d4800000, 0x00000005d5000000, 0x00000005d5000000|100%|HC|  |TAMS 0x00000005d5000000| PB 0x00000005d4800000| Complete 
| 938|0x00000005d5000000, 0x00000005d5800000, 0x00000005d5800000|100%|HC|  |TAMS 0x00000005d5800000| PB 0x00000005d5000000| Complete 
| 939|0x00000005d5800000, 0x00000005d6000000, 0x00000005d6000000|100%|HC|  |TAMS 0x00000005d6000000| PB 0x00000005d5800000| Complete 
| 940|0x00000005d6000000, 0x00000005d6800000, 0x00000005d6800000|100%|HC|  |TAMS 0x00000005d6800000| PB 0x00000005d6000000| Complete 
| 941|0x00000005d6800000, 0x00000005d7000000, 0x00000005d7000000|100%|HC|  |TAMS 0x00000005d7000000| PB 0x00000005d6800000| Complete 
| 942|0x00000005d7000000, 0x00000005d7800000, 0x00000005d7800000|100%|HC|  |TAMS 0x00000005d7800000| PB 0x00000005d7000000| Complete 
| 943|0x00000005d7800000, 0x00000005d8000000, 0x00000005d8000000|100%|HC|  |TAMS 0x00000005d8000000| PB 0x00000005d7800000| Complete 
| 944|0x00000005d8000000, 0x00000005d8800000, 0x00000005d8800000|100%|HC|  |TAMS 0x00000005d8800000| PB 0x00000005d8000000| Complete 
| 945|0x00000005d8800000, 0x00000005d9000000, 0x00000005d9000000|100%|HC|  |TAMS 0x00000005d9000000| PB 0x00000005d8800000| Complete 
| 946|0x00000005d9000000, 0x00000005d9800000, 0x00000005d9800000|100%|HC|  |TAMS 0x00000005d9800000| PB 0x00000005d9000000| Complete 
| 947|0x00000005d9800000, 0x00000005da000000, 0x00000005da000000|100%|HC|  |TAMS 0x00000005da000000| PB 0x00000005d9800000| Complete 
| 948|0x00000005da000000, 0x00000005da800000, 0x00000005da800000|100%|HC|  |TAMS 0x00000005da800000| PB 0x00000005da000000| Complete 
| 949|0x00000005da800000, 0x00000005db000000, 0x00000005db000000|100%|HC|  |TAMS 0x00000005db000000| PB 0x00000005da800000| Complete 
| 950|0x00000005db000000, 0x00000005db800000, 0x00000005db800000|100%|HC|  |TAMS 0x00000005db800000| PB 0x00000005db000000| Complete 
| 951|0x00000005db800000, 0x00000005dc000000, 0x00000005dc000000|100%|HC|  |TAMS 0x00000005dc000000| PB 0x00000005db800000| Complete 
| 952|0x00000005dc000000, 0x00000005dc800000, 0x00000005dc800000|100%|HC|  |TAMS 0x00000005dc800000| PB 0x00000005dc000000| Complete 
| 953|0x00000005dc800000, 0x00000005dd000000, 0x00000005dd000000|100%|HC|  |TAMS 0x00000005dd000000| PB 0x00000005dc800000| Complete 
| 954|0x00000005dd000000, 0x00000005dd800000, 0x00000005dd800000|100%|HC|  |TAMS 0x00000005dd800000| PB 0x00000005dd000000| Complete 
| 955|0x00000005dd800000, 0x00000005de000000, 0x00000005de000000|100%|HC|  |TAMS 0x00000005de000000| PB 0x00000005dd800000| Complete 
| 956|0x00000005de000000, 0x00000005de800000, 0x00000005de800000|100%|HC|  |TAMS 0x00000005de800000| PB 0x00000005de000000| Complete 
| 957|0x00000005de800000, 0x00000005df000000, 0x00000005df000000|100%|HC|  |TAMS 0x00000005df000000| PB 0x00000005de800000| Complete 
| 958|0x00000005df000000, 0x00000005df800000, 0x00000005df800000|100%|HC|  |TAMS 0x00000005df800000| PB 0x00000005df000000| Complete 
| 959|0x00000005df800000, 0x00000005e0000000, 0x00000005e0000000|100%|HC|  |TAMS 0x00000005e0000000| PB 0x00000005df800000| Complete 
| 960|0x00000005e0000000, 0x00000005e0800000, 0x00000005e0800000|100%|HC|  |TAMS 0x00000005e0800000| PB 0x00000005e0000000| Complete 
| 961|0x00000005e0800000, 0x00000005e1000000, 0x00000005e1000000|100%|HC|  |TAMS 0x00000005e1000000| PB 0x00000005e0800000| Complete 
| 962|0x00000005e1000000, 0x00000005e1800000, 0x00000005e1800000|100%|HC|  |TAMS 0x00000005e1800000| PB 0x00000005e1000000| Complete 
| 963|0x00000005e1800000, 0x00000005e2000000, 0x00000005e2000000|100%|HC|  |TAMS 0x00000005e2000000| PB 0x00000005e1800000| Complete 
| 964|0x00000005e2000000, 0x00000005e2800000, 0x00000005e2800000|100%|HC|  |TAMS 0x00000005e2800000| PB 0x00000005e2000000| Complete 
| 965|0x00000005e2800000, 0x00000005e3000000, 0x00000005e3000000|100%|HC|  |TAMS 0x00000005e3000000| PB 0x00000005e2800000| Complete 
| 966|0x00000005e3000000, 0x00000005e3800000, 0x00000005e3800000|100%|HC|  |TAMS 0x00000005e3800000| PB 0x00000005e3000000| Complete 
| 967|0x00000005e3800000, 0x00000005e4000000, 0x00000005e4000000|100%|HC|  |TAMS 0x00000005e4000000| PB 0x00000005e3800000| Complete 
| 968|0x00000005e4000000, 0x00000005e4800000, 0x00000005e4800000|100%|HC|  |TAMS 0x00000005e4800000| PB 0x00000005e4000000| Complete 
| 969|0x00000005e4800000, 0x00000005e5000000, 0x00000005e5000000|100%|HC|  |TAMS 0x00000005e5000000| PB 0x00000005e4800000| Complete 
| 970|0x00000005e5000000, 0x00000005e5800000, 0x00000005e5800000|100%|HC|  |TAMS 0x00000005e5800000| PB 0x00000005e5000000| Complete 
| 971|0x00000005e5800000, 0x00000005e6000000, 0x00000005e6000000|100%|HC|  |TAMS 0x00000005e6000000| PB 0x00000005e5800000| Complete 
| 972|0x00000005e6000000, 0x00000005e6800000, 0x00000005e6800000|100%|HC|  |TAMS 0x00000005e6800000| PB 0x00000005e6000000| Complete 
| 973|0x00000005e6800000, 0x00000005e7000000, 0x00000005e7000000|100%|HC|  |TAMS 0x00000005e7000000| PB 0x00000005e6800000| Complete 
| 974|0x00000005e7000000, 0x00000005e7800000, 0x00000005e7800000|100%|HC|  |TAMS 0x00000005e7800000| PB 0x00000005e7000000| Complete 
| 975|0x00000005e7800000, 0x00000005e8000000, 0x00000005e8000000|100%|HC|  |TAMS 0x00000005e8000000| PB 0x00000005e7800000| Complete 
| 976|0x00000005e8000000, 0x00000005e8800000, 0x00000005e8800000|100%|HC|  |TAMS 0x00000005e8800000| PB 0x00000005e8000000| Complete 
| 977|0x00000005e8800000, 0x00000005e9000000, 0x00000005e9000000|100%|HC|  |TAMS 0x00000005e9000000| PB 0x00000005e8800000| Complete 
| 978|0x00000005e9000000, 0x00000005e9800000, 0x00000005e9800000|100%|HC|  |TAMS 0x00000005e9800000| PB 0x00000005e9000000| Complete 
| 979|0x00000005e9800000, 0x00000005ea000000, 0x00000005ea000000|100%|HC|  |TAMS 0x00000005ea000000| PB 0x00000005e9800000| Complete 
| 980|0x00000005ea000000, 0x00000005ea800000, 0x00000005ea800000|100%|HC|  |TAMS 0x00000005ea800000| PB 0x00000005ea000000| Complete 
| 981|0x00000005ea800000, 0x00000005eb000000, 0x00000005eb000000|100%|HC|  |TAMS 0x00000005eb000000| PB 0x00000005ea800000| Complete 
| 982|0x00000005eb000000, 0x00000005eb800000, 0x00000005eb800000|100%|HC|  |TAMS 0x00000005eb800000| PB 0x00000005eb000000| Complete 
| 983|0x00000005eb800000, 0x00000005ec000000, 0x00000005ec000000|100%|HC|  |TAMS 0x00000005ec000000| PB 0x00000005eb800000| Complete 
| 984|0x00000005ec000000, 0x00000005ec800000, 0x00000005ec800000|100%|HC|  |TAMS 0x00000005ec800000| PB 0x00000005ec000000| Complete 
| 985|0x00000005ec800000, 0x00000005ed000000, 0x00000005ed000000|100%|HC|  |TAMS 0x00000005ed000000| PB 0x00000005ec800000| Complete 
| 986|0x00000005ed000000, 0x00000005ed800000, 0x00000005ed800000|100%|HC|  |TAMS 0x00000005ed800000| PB 0x00000005ed000000| Complete 
| 987|0x00000005ed800000, 0x00000005ee000000, 0x00000005ee000000|100%|HC|  |TAMS 0x00000005ee000000| PB 0x00000005ed800000| Complete 
| 988|0x00000005ee000000, 0x00000005ee800000, 0x00000005ee800000|100%|HC|  |TAMS 0x00000005ee800000| PB 0x00000005ee000000| Complete 
| 989|0x00000005ee800000, 0x00000005ef000000, 0x00000005ef000000|100%|HC|  |TAMS 0x00000005ef000000| PB 0x00000005ee800000| Complete 
| 990|0x00000005ef000000, 0x00000005ef800000, 0x00000005ef800000|100%|HC|  |TAMS 0x00000005ef800000| PB 0x00000005ef000000| Complete 
| 991|0x00000005ef800000, 0x00000005f0000000, 0x00000005f0000000|100%|HC|  |TAMS 0x00000005f0000000| PB 0x00000005ef800000| Complete 
| 992|0x00000005f0000000, 0x00000005f0800000, 0x00000005f0800000|100%|HC|  |TAMS 0x00000005f0800000| PB 0x00000005f0000000| Complete 
| 993|0x00000005f0800000, 0x00000005f1000000, 0x00000005f1000000|100%|HC|  |TAMS 0x00000005f1000000| PB 0x00000005f0800000| Complete 
| 994|0x00000005f1000000, 0x00000005f1800000, 0x00000005f1800000|100%|HC|  |TAMS 0x00000005f1800000| PB 0x00000005f1000000| Complete 
| 995|0x00000005f1800000, 0x00000005f2000000, 0x00000005f2000000|100%|HC|  |TAMS 0x00000005f2000000| PB 0x00000005f1800000| Complete 
| 996|0x00000005f2000000, 0x00000005f2800000, 0x00000005f2800000|100%|HC|  |TAMS 0x00000005f2800000| PB 0x00000005f2000000| Complete 
| 997|0x00000005f2800000, 0x00000005f3000000, 0x00000005f3000000|100%|HC|  |TAMS 0x00000005f3000000| PB 0x00000005f2800000| Complete 
| 998|0x00000005f3000000, 0x00000005f3800000, 0x00000005f3800000|100%|HC|  |TAMS 0x00000005f3800000| PB 0x00000005f3000000| Complete 
| 999|0x00000005f3800000, 0x00000005f4000000, 0x00000005f4000000|100%|HC|  |TAMS 0x00000005f4000000| PB 0x00000005f3800000| Complete 
|1000|0x00000005f4000000, 0x00000005f4800000, 0x00000005f4800000|100%|HC|  |TAMS 0x00000005f4800000| PB 0x00000005f4000000| Complete 
|1001|0x00000005f4800000, 0x00000005f5000000, 0x00000005f5000000|100%|HC|  |TAMS 0x00000005f5000000| PB 0x00000005f4800000| Complete 
|1002|0x00000005f5000000, 0x00000005f5800000, 0x00000005f5800000|100%|HC|  |TAMS 0x00000005f5800000| PB 0x00000005f5000000| Complete 
|1003|0x00000005f5800000, 0x00000005f6000000, 0x00000005f6000000|100%|HC|  |TAMS 0x00000005f6000000| PB 0x00000005f5800000| Complete 
|1004|0x00000005f6000000, 0x00000005f6800000, 0x00000005f6800000|100%|HC|  |TAMS 0x00000005f6800000| PB 0x00000005f6000000| Complete 
|1005|0x00000005f6800000, 0x00000005f7000000, 0x00000005f7000000|100%|HC|  |TAMS 0x00000005f7000000| PB 0x00000005f6800000| Complete 
|1006|0x00000005f7000000, 0x00000005f7800000, 0x00000005f7800000|100%|HC|  |TAMS 0x00000005f7800000| PB 0x00000005f7000000| Complete 
|1007|0x00000005f7800000, 0x00000005f8000000, 0x00000005f8000000|100%|HC|  |TAMS 0x00000005f8000000| PB 0x00000005f7800000| Complete 
|1008|0x00000005f8000000, 0x00000005f8800000, 0x00000005f8800000|100%|HC|  |TAMS 0x00000005f8800000| PB 0x00000005f8000000| Complete 
|1009|0x00000005f8800000, 0x00000005f9000000, 0x00000005f9000000|100%|HC|  |TAMS 0x00000005f9000000| PB 0x00000005f8800000| Complete 
|1010|0x00000005f9000000, 0x00000005f9800000, 0x00000005f9800000|100%|HC|  |TAMS 0x00000005f9800000| PB 0x00000005f9000000| Complete 
|1011|0x00000005f9800000, 0x00000005fa000000, 0x00000005fa000000|100%|HC|  |TAMS 0x00000005fa000000| PB 0x00000005f9800000| Complete 
|1012|0x00000005fa000000, 0x00000005fa000000, 0x00000005fa800000|  0%| F|  |TAMS 0x00000005fa000000| PB 0x00000005fa000000| Untracked 
|1013|0x00000005fa800000, 0x00000005fa800000, 0x00000005fb000000|  0%| F|  |TAMS 0x00000005fa800000| PB 0x00000005fa800000| Untracked 
|1014|0x00000005fb000000, 0x00000005fb000000, 0x00000005fb800000|  0%| F|  |TAMS 0x00000005fb000000| PB 0x00000005fb000000| Untracked 
|1015|0x00000005fb800000, 0x00000005fb800000, 0x00000005fc000000|  0%| F|  |TAMS 0x00000005fb800000| PB 0x00000005fb800000| Untracked 
|1016|0x00000005fc000000, 0x00000005fc000000, 0x00000005fc800000|  0%| F|  |TAMS 0x00000005fc000000| PB 0x00000005fc000000| Untracked 
|1017|0x00000005fc800000, 0x00000005fc800000, 0x00000005fd000000|  0%| F|  |TAMS 0x00000005fc800000| PB 0x00000005fc800000| Untracked 
|1018|0x00000005fd000000, 0x00000005fd000000, 0x00000005fd800000|  0%| F|  |TAMS 0x00000005fd000000| PB 0x00000005fd000000| Untracked 
|1019|0x00000005fd800000, 0x00000005fd800000, 0x00000005fe000000|  0%| F|  |TAMS 0x00000005fd800000| PB 0x00000005fd800000| Untracked 
|1020|0x00000005fe000000, 0x00000005fe000000, 0x00000005fe800000|  0%| F|  |TAMS 0x00000005fe000000| PB 0x00000005fe000000| Untracked 
|1021|0x00000005fe800000, 0x00000005fe800000, 0x00000005ff000000|  0%| F|  |TAMS 0x00000005fe800000| PB 0x00000005fe800000| Untracked 
|1022|0x00000005ff000000, 0x00000005ff000000, 0x00000005ff800000|  0%| F|  |TAMS 0x00000005ff000000| PB 0x00000005ff000000| Untracked 
|1023|0x00000005ff800000, 0x00000005ff800000, 0x0000000600000000|  0%| F|  |TAMS 0x00000005ff800000| PB 0x00000005ff800000| Untracked 
|1024|0x0000000600000000, 0x0000000600000000, 0x0000000600800000|  0%| F|  |TAMS 0x0000000600000000| PB 0x0000000600000000| Untracked 
|1025|0x0000000600800000, 0x0000000600800000, 0x0000000601000000|  0%| F|  |TAMS 0x0000000600800000| PB 0x0000000600800000| Untracked 
|1026|0x0000000601000000, 0x0000000601000000, 0x0000000601800000|  0%| F|  |TAMS 0x0000000601000000| PB 0x0000000601000000| Untracked 
|1027|0x0000000601800000, 0x0000000601800000, 0x0000000602000000|  0%| F|  |TAMS 0x0000000601800000| PB 0x0000000601800000| Untracked 
|1028|0x0000000602000000, 0x0000000602000000, 0x0000000602800000|  0%| F|  |TAMS 0x0000000602000000| PB 0x0000000602000000| Untracked 
|1029|0x0000000602800000, 0x0000000602800000, 0x0000000603000000|  0%| F|  |TAMS 0x0000000602800000| PB 0x0000000602800000| Untracked 
|1030|0x0000000603000000, 0x0000000603000000, 0x0000000603800000|  0%| F|  |TAMS 0x0000000603000000| PB 0x0000000603000000| Untracked 
|1031|0x0000000603800000, 0x0000000603800000, 0x0000000604000000|  0%| F|  |TAMS 0x0000000603800000| PB 0x0000000603800000| Untracked 
|1032|0x0000000604000000, 0x0000000604000000, 0x0000000604800000|  0%| F|  |TAMS 0x0000000604000000| PB 0x0000000604000000| Untracked 
|1033|0x0000000604800000, 0x0000000604800000, 0x0000000605000000|  0%| F|  |TAMS 0x0000000604800000| PB 0x0000000604800000| Untracked 
|1034|0x0000000605000000, 0x0000000605000000, 0x0000000605800000|  0%| F|  |TAMS 0x0000000605000000| PB 0x0000000605000000| Untracked 
|1035|0x0000000605800000, 0x0000000605800000, 0x0000000606000000|  0%| F|  |TAMS 0x0000000605800000| PB 0x0000000605800000| Untracked 
|1036|0x0000000606000000, 0x0000000606000000, 0x0000000606800000|  0%| F|  |TAMS 0x0000000606000000| PB 0x0000000606000000| Untracked 
|1037|0x0000000606800000, 0x0000000606800000, 0x0000000607000000|  0%| F|  |TAMS 0x0000000606800000| PB 0x0000000606800000| Untracked 
|1038|0x0000000607000000, 0x0000000607000000, 0x0000000607800000|  0%| F|  |TAMS 0x0000000607000000| PB 0x0000000607000000| Untracked 
|1039|0x0000000607800000, 0x0000000607800000, 0x0000000608000000|  0%| F|  |TAMS 0x0000000607800000| PB 0x0000000607800000| Untracked 
|1040|0x0000000608000000, 0x0000000608000000, 0x0000000608800000|  0%| F|  |TAMS 0x0000000608000000| PB 0x0000000608000000| Untracked 
|1041|0x0000000608800000, 0x0000000608800000, 0x0000000609000000|  0%| F|  |TAMS 0x0000000608800000| PB 0x0000000608800000| Untracked 
|1042|0x0000000609000000, 0x0000000609000000, 0x0000000609800000|  0%| F|  |TAMS 0x0000000609000000| PB 0x0000000609000000| Untracked 
|1043|0x0000000609800000, 0x0000000609800000, 0x000000060a000000|  0%| F|  |TAMS 0x0000000609800000| PB 0x0000000609800000| Untracked 
|1044|0x000000060a000000, 0x000000060a000000, 0x000000060a800000|  0%| F|  |TAMS 0x000000060a000000| PB 0x000000060a000000| Untracked 
|1045|0x000000060a800000, 0x000000060a800000, 0x000000060b000000|  0%| F|  |TAMS 0x000000060a800000| PB 0x000000060a800000| Untracked 
|1046|0x000000060b000000, 0x000000060b000000, 0x000000060b800000|  0%| F|  |TAMS 0x000000060b000000| PB 0x000000060b000000| Untracked 
|1047|0x000000060b800000, 0x000000060b800000, 0x000000060c000000|  0%| F|  |TAMS 0x000000060b800000| PB 0x000000060b800000| Untracked 
|1048|0x000000060c000000, 0x000000060c000000, 0x000000060c800000|  0%| F|  |TAMS 0x000000060c000000| PB 0x000000060c000000| Untracked 
|1049|0x000000060c800000, 0x000000060c800000, 0x000000060d000000|  0%| F|  |TAMS 0x000000060c800000| PB 0x000000060c800000| Untracked 
|1050|0x000000060d000000, 0x000000060d000000, 0x000000060d800000|  0%| F|  |TAMS 0x000000060d000000| PB 0x000000060d000000| Untracked 
|1051|0x000000060d800000, 0x000000060d800000, 0x000000060e000000|  0%| F|  |TAMS 0x000000060d800000| PB 0x000000060d800000| Untracked 
|1052|0x000000060e000000, 0x000000060e000000, 0x000000060e800000|  0%| F|  |TAMS 0x000000060e000000| PB 0x000000060e000000| Untracked 
|1053|0x000000060e800000, 0x000000060e800000, 0x000000060f000000|  0%| F|  |TAMS 0x000000060e800000| PB 0x000000060e800000| Untracked 
|1054|0x000000060f000000, 0x000000060f000000, 0x000000060f800000|  0%| F|  |TAMS 0x000000060f000000| PB 0x000000060f000000| Untracked 
|1055|0x000000060f800000, 0x000000060f800000, 0x0000000610000000|  0%| F|  |TAMS 0x000000060f800000| PB 0x000000060f800000| Untracked 
|1056|0x0000000610000000, 0x0000000610000000, 0x0000000610800000|  0%| F|  |TAMS 0x0000000610000000| PB 0x0000000610000000| Untracked 
|1057|0x0000000610800000, 0x0000000610800000, 0x0000000611000000|  0%| F|  |TAMS 0x0000000610800000| PB 0x0000000610800000| Untracked 
|1058|0x0000000611000000, 0x0000000611000000, 0x0000000611800000|  0%| F|  |TAMS 0x0000000611000000| PB 0x0000000611000000| Untracked 
|1059|0x0000000611800000, 0x0000000611800000, 0x0000000612000000|  0%| F|  |TAMS 0x0000000611800000| PB 0x0000000611800000| Untracked 
|1060|0x0000000612000000, 0x0000000612000000, 0x0000000612800000|  0%| F|  |TAMS 0x0000000612000000| PB 0x0000000612000000| Untracked 
|1061|0x0000000612800000, 0x0000000612800000, 0x0000000613000000|  0%| F|  |TAMS 0x0000000612800000| PB 0x0000000612800000| Untracked 
|1062|0x0000000613000000, 0x0000000613000000, 0x0000000613800000|  0%| F|  |TAMS 0x0000000613000000| PB 0x0000000613000000| Untracked 
|1063|0x0000000613800000, 0x0000000613800000, 0x0000000614000000|  0%| F|  |TAMS 0x0000000613800000| PB 0x0000000613800000| Untracked 
|1064|0x0000000614000000, 0x0000000614000000, 0x0000000614800000|  0%| F|  |TAMS 0x0000000614000000| PB 0x0000000614000000| Untracked 
|1065|0x0000000614800000, 0x0000000614800000, 0x0000000615000000|  0%| F|  |TAMS 0x0000000614800000| PB 0x0000000614800000| Untracked 
|1066|0x0000000615000000, 0x0000000615000000, 0x0000000615800000|  0%| F|  |TAMS 0x0000000615000000| PB 0x0000000615000000| Untracked 
|1067|0x0000000615800000, 0x0000000615800000, 0x0000000616000000|  0%| F|  |TAMS 0x0000000615800000| PB 0x0000000615800000| Untracked 
|1068|0x0000000616000000, 0x0000000616000000, 0x0000000616800000|  0%| F|  |TAMS 0x0000000616000000| PB 0x0000000616000000| Untracked 
|1069|0x0000000616800000, 0x0000000616800000, 0x0000000617000000|  0%| F|  |TAMS 0x0000000616800000| PB 0x0000000616800000| Untracked 
|1070|0x0000000617000000, 0x0000000617000000, 0x0000000617800000|  0%| F|  |TAMS 0x0000000617000000| PB 0x0000000617000000| Untracked 
|1071|0x0000000617800000, 0x0000000617800000, 0x0000000618000000|  0%| F|  |TAMS 0x0000000617800000| PB 0x0000000617800000| Untracked 
|1072|0x0000000618000000, 0x0000000618000000, 0x0000000618800000|  0%| F|  |TAMS 0x0000000618000000| PB 0x0000000618000000| Untracked 
|1073|0x0000000618800000, 0x0000000618800000, 0x0000000619000000|  0%| F|  |TAMS 0x0000000618800000| PB 0x0000000618800000| Untracked 
|1074|0x0000000619000000, 0x0000000619000000, 0x0000000619800000|  0%| F|  |TAMS 0x0000000619000000| PB 0x0000000619000000| Untracked 
|1075|0x0000000619800000, 0x0000000619800000, 0x000000061a000000|  0%| F|  |TAMS 0x0000000619800000| PB 0x0000000619800000| Untracked 
|1076|0x000000061a000000, 0x000000061a000000, 0x000000061a800000|  0%| F|  |TAMS 0x000000061a000000| PB 0x000000061a000000| Untracked 
|1077|0x000000061a800000, 0x000000061a800000, 0x000000061b000000|  0%| F|  |TAMS 0x000000061a800000| PB 0x000000061a800000| Untracked 
|1078|0x000000061b000000, 0x000000061b000000, 0x000000061b800000|  0%| F|  |TAMS 0x000000061b000000| PB 0x000000061b000000| Untracked 
|1079|0x000000061b800000, 0x000000061b800000, 0x000000061c000000|  0%| F|  |TAMS 0x000000061b800000| PB 0x000000061b800000| Untracked 
|1080|0x000000061c000000, 0x000000061c000000, 0x000000061c800000|  0%| F|  |TAMS 0x000000061c000000| PB 0x000000061c000000| Untracked 
|1081|0x000000061c800000, 0x000000061c800000, 0x000000061d000000|  0%| F|  |TAMS 0x000000061c800000| PB 0x000000061c800000| Untracked 
|1082|0x000000061d000000, 0x000000061d000000, 0x000000061d800000|  0%| F|  |TAMS 0x000000061d000000| PB 0x000000061d000000| Untracked 
|1083|0x000000061d800000, 0x000000061d800000, 0x000000061e000000|  0%| F|  |TAMS 0x000000061d800000| PB 0x000000061d800000| Untracked 
|1084|0x000000061e000000, 0x000000061e000000, 0x000000061e800000|  0%| F|  |TAMS 0x000000061e000000| PB 0x000000061e000000| Untracked 
|1085|0x000000061e800000, 0x000000061e800000, 0x000000061f000000|  0%| F|  |TAMS 0x000000061e800000| PB 0x000000061e800000| Untracked 
|1086|0x000000061f000000, 0x000000061f000000, 0x000000061f800000|  0%| F|  |TAMS 0x000000061f000000| PB 0x000000061f000000| Untracked 
|1087|0x000000061f800000, 0x000000061f800000, 0x0000000620000000|  0%| F|  |TAMS 0x000000061f800000| PB 0x000000061f800000| Untracked 
|1088|0x0000000620000000, 0x0000000620000000, 0x0000000620800000|  0%| F|  |TAMS 0x0000000620000000| PB 0x0000000620000000| Untracked 
|1089|0x0000000620800000, 0x0000000620800000, 0x0000000621000000|  0%| F|  |TAMS 0x0000000620800000| PB 0x0000000620800000| Untracked 
|1090|0x0000000621000000, 0x0000000621000000, 0x0000000621800000|  0%| F|  |TAMS 0x0000000621000000| PB 0x0000000621000000| Untracked 
|1091|0x0000000621800000, 0x0000000621800000, 0x0000000622000000|  0%| F|  |TAMS 0x0000000621800000| PB 0x0000000621800000| Untracked 
|1092|0x0000000622000000, 0x0000000622000000, 0x0000000622800000|  0%| F|  |TAMS 0x0000000622000000| PB 0x0000000622000000| Untracked 
|1093|0x0000000622800000, 0x0000000622800000, 0x0000000623000000|  0%| F|  |TAMS 0x0000000622800000| PB 0x0000000622800000| Untracked 
|1094|0x0000000623000000, 0x0000000623000000, 0x0000000623800000|  0%| F|  |TAMS 0x0000000623000000| PB 0x0000000623000000| Untracked 
|1095|0x0000000623800000, 0x0000000623800000, 0x0000000624000000|  0%| F|  |TAMS 0x0000000623800000| PB 0x0000000623800000| Untracked 
|1096|0x0000000624000000, 0x0000000624000000, 0x0000000624800000|  0%| F|  |TAMS 0x0000000624000000| PB 0x0000000624000000| Untracked 
|1097|0x0000000624800000, 0x0000000624800000, 0x0000000625000000|  0%| F|  |TAMS 0x0000000624800000| PB 0x0000000624800000| Untracked 
|1098|0x0000000625000000, 0x0000000625000000, 0x0000000625800000|  0%| F|  |TAMS 0x0000000625000000| PB 0x0000000625000000| Untracked 
|1099|0x0000000625800000, 0x0000000625800000, 0x0000000626000000|  0%| F|  |TAMS 0x0000000625800000| PB 0x0000000625800000| Untracked 
|1100|0x0000000626000000, 0x0000000626000000, 0x0000000626800000|  0%| F|  |TAMS 0x0000000626000000| PB 0x0000000626000000| Untracked 
|1101|0x0000000626800000, 0x0000000626800000, 0x0000000627000000|  0%| F|  |TAMS 0x0000000626800000| PB 0x0000000626800000| Untracked 
|1102|0x0000000627000000, 0x0000000627000000, 0x0000000627800000|  0%| F|  |TAMS 0x0000000627000000| PB 0x0000000627000000| Untracked 
|1103|0x0000000627800000, 0x0000000627800000, 0x0000000628000000|  0%| F|  |TAMS 0x0000000627800000| PB 0x0000000627800000| Untracked 
|1104|0x0000000628000000, 0x0000000628000000, 0x0000000628800000|  0%| F|  |TAMS 0x0000000628000000| PB 0x0000000628000000| Untracked 
|1105|0x0000000628800000, 0x0000000628800000, 0x0000000629000000|  0%| F|  |TAMS 0x0000000628800000| PB 0x0000000628800000| Untracked 
|1106|0x0000000629000000, 0x0000000629000000, 0x0000000629800000|  0%| F|  |TAMS 0x0000000629000000| PB 0x0000000629000000| Untracked 
|1107|0x0000000629800000, 0x0000000629800000, 0x000000062a000000|  0%| F|  |TAMS 0x0000000629800000| PB 0x0000000629800000| Untracked 
|1108|0x000000062a000000, 0x000000062a000000, 0x000000062a800000|  0%| F|  |TAMS 0x000000062a000000| PB 0x000000062a000000| Untracked 
|1109|0x000000062a800000, 0x000000062a800000, 0x000000062b000000|  0%| F|  |TAMS 0x000000062a800000| PB 0x000000062a800000| Untracked 
|1110|0x000000062b000000, 0x000000062b000000, 0x000000062b800000|  0%| F|  |TAMS 0x000000062b000000| PB 0x000000062b000000| Untracked 
|1111|0x000000062b800000, 0x000000062b800000, 0x000000062c000000|  0%| F|  |TAMS 0x000000062b800000| PB 0x000000062b800000| Untracked 
|1112|0x000000062c000000, 0x000000062c000000, 0x000000062c800000|  0%| F|  |TAMS 0x000000062c000000| PB 0x000000062c000000| Untracked 
|1113|0x000000062c800000, 0x000000062c800000, 0x000000062d000000|  0%| F|  |TAMS 0x000000062c800000| PB 0x000000062c800000| Untracked 
|1114|0x000000062d000000, 0x000000062d000000, 0x000000062d800000|  0%| F|  |TAMS 0x000000062d000000| PB 0x000000062d000000| Untracked 
|1115|0x000000062d800000, 0x000000062d800000, 0x000000062e000000|  0%| F|  |TAMS 0x000000062d800000| PB 0x000000062d800000| Untracked 
|1116|0x000000062e000000, 0x000000062e000000, 0x000000062e800000|  0%| F|  |TAMS 0x000000062e000000| PB 0x000000062e000000| Untracked 
|1117|0x000000062e800000, 0x000000062e800000, 0x000000062f000000|  0%| F|  |TAMS 0x000000062e800000| PB 0x000000062e800000| Untracked 
|1118|0x000000062f000000, 0x000000062f000000, 0x000000062f800000|  0%| F|  |TAMS 0x000000062f000000| PB 0x000000062f000000| Untracked 
|1119|0x000000062f800000, 0x000000062f800000, 0x0000000630000000|  0%| F|  |TAMS 0x000000062f800000| PB 0x000000062f800000| Untracked 
|1120|0x0000000630000000, 0x0000000630000000, 0x0000000630800000|  0%| F|  |TAMS 0x0000000630000000| PB 0x0000000630000000| Untracked 
|1121|0x0000000630800000, 0x0000000630800000, 0x0000000631000000|  0%| F|  |TAMS 0x0000000630800000| PB 0x0000000630800000| Untracked 
|1122|0x0000000631000000, 0x0000000631000000, 0x0000000631800000|  0%| F|  |TAMS 0x0000000631000000| PB 0x0000000631000000| Untracked 
|1123|0x0000000631800000, 0x0000000631800000, 0x0000000632000000|  0%| F|  |TAMS 0x0000000631800000| PB 0x0000000631800000| Untracked 
|1124|0x0000000632000000, 0x0000000632000000, 0x0000000632800000|  0%| F|  |TAMS 0x0000000632000000| PB 0x0000000632000000| Untracked 
|1125|0x0000000632800000, 0x0000000632800000, 0x0000000633000000|  0%| F|  |TAMS 0x0000000632800000| PB 0x0000000632800000| Untracked 
|1126|0x0000000633000000, 0x0000000633000000, 0x0000000633800000|  0%| F|  |TAMS 0x0000000633000000| PB 0x0000000633000000| Untracked 
|1127|0x0000000633800000, 0x0000000633800000, 0x0000000634000000|  0%| F|  |TAMS 0x0000000633800000| PB 0x0000000633800000| Untracked 
|1128|0x0000000634000000, 0x0000000634000000, 0x0000000634800000|  0%| F|  |TAMS 0x0000000634000000| PB 0x0000000634000000| Untracked 
|1129|0x0000000634800000, 0x0000000634800000, 0x0000000635000000|  0%| F|  |TAMS 0x0000000634800000| PB 0x0000000634800000| Untracked 
|1130|0x0000000635000000, 0x0000000635000000, 0x0000000635800000|  0%| F|  |TAMS 0x0000000635000000| PB 0x0000000635000000| Untracked 
|1131|0x0000000635800000, 0x0000000635800000, 0x0000000636000000|  0%| F|  |TAMS 0x0000000635800000| PB 0x0000000635800000| Untracked 
|1132|0x0000000636000000, 0x0000000636000000, 0x0000000636800000|  0%| F|  |TAMS 0x0000000636000000| PB 0x0000000636000000| Untracked 
|1133|0x0000000636800000, 0x0000000636800000, 0x0000000637000000|  0%| F|  |TAMS 0x0000000636800000| PB 0x0000000636800000| Untracked 
|1134|0x0000000637000000, 0x0000000637000000, 0x0000000637800000|  0%| F|  |TAMS 0x0000000637000000| PB 0x0000000637000000| Untracked 
|1135|0x0000000637800000, 0x0000000637800000, 0x0000000638000000|  0%| F|  |TAMS 0x0000000637800000| PB 0x0000000637800000| Untracked 
|1136|0x0000000638000000, 0x0000000638000000, 0x0000000638800000|  0%| F|  |TAMS 0x0000000638000000| PB 0x0000000638000000| Untracked 
|1137|0x0000000638800000, 0x0000000638800000, 0x0000000639000000|  0%| F|  |TAMS 0x0000000638800000| PB 0x0000000638800000| Untracked 
|1138|0x0000000639000000, 0x0000000639000000, 0x0000000639800000|  0%| F|  |TAMS 0x0000000639000000| PB 0x0000000639000000| Untracked 
|1139|0x0000000639800000, 0x0000000639800000, 0x000000063a000000|  0%| F|  |TAMS 0x0000000639800000| PB 0x0000000639800000| Untracked 
|1140|0x000000063a000000, 0x000000063a000000, 0x000000063a800000|  0%| F|  |TAMS 0x000000063a000000| PB 0x000000063a000000| Untracked 
|1141|0x000000063a800000, 0x000000063a800000, 0x000000063b000000|  0%| F|  |TAMS 0x000000063a800000| PB 0x000000063a800000| Untracked 
|1142|0x000000063b000000, 0x000000063b000000, 0x000000063b800000|  0%| F|  |TAMS 0x000000063b000000| PB 0x000000063b000000| Untracked 
|1143|0x000000063b800000, 0x000000063b800000, 0x000000063c000000|  0%| F|  |TAMS 0x000000063b800000| PB 0x000000063b800000| Untracked 
|1144|0x000000063c000000, 0x000000063c000000, 0x000000063c800000|  0%| F|  |TAMS 0x000000063c000000| PB 0x000000063c000000| Untracked 
|1145|0x000000063c800000, 0x000000063c800000, 0x000000063d000000|  0%| F|  |TAMS 0x000000063c800000| PB 0x000000063c800000| Untracked 
|1146|0x000000063d000000, 0x000000063d000000, 0x000000063d800000|  0%| F|  |TAMS 0x000000063d000000| PB 0x000000063d000000| Untracked 
|1147|0x000000063d800000, 0x000000063d800000, 0x000000063e000000|  0%| F|  |TAMS 0x000000063d800000| PB 0x000000063d800000| Untracked 
|1148|0x000000063e000000, 0x000000063e000000, 0x000000063e800000|  0%| F|  |TAMS 0x000000063e000000| PB 0x000000063e000000| Untracked 
|1149|0x000000063e800000, 0x000000063e800000, 0x000000063f000000|  0%| F|  |TAMS 0x000000063e800000| PB 0x000000063e800000| Untracked 
|1150|0x000000063f000000, 0x000000063f000000, 0x000000063f800000|  0%| F|  |TAMS 0x000000063f000000| PB 0x000000063f000000| Untracked 
|1151|0x000000063f800000, 0x000000063f800000, 0x0000000640000000|  0%| F|  |TAMS 0x000000063f800000| PB 0x000000063f800000| Untracked 
|1152|0x0000000640000000, 0x0000000640000000, 0x0000000640800000|  0%| F|  |TAMS 0x0000000640000000| PB 0x0000000640000000| Untracked 
|1153|0x0000000640800000, 0x0000000640800000, 0x0000000641000000|  0%| F|  |TAMS 0x0000000640800000| PB 0x0000000640800000| Untracked 
|1154|0x0000000641000000, 0x0000000641000000, 0x0000000641800000|  0%| F|  |TAMS 0x0000000641000000| PB 0x0000000641000000| Untracked 
|1155|0x0000000641800000, 0x0000000641800000, 0x0000000642000000|  0%| F|  |TAMS 0x0000000641800000| PB 0x0000000641800000| Untracked 
|1156|0x0000000642000000, 0x0000000642000000, 0x0000000642800000|  0%| F|  |TAMS 0x0000000642000000| PB 0x0000000642000000| Untracked 
|1157|0x0000000642800000, 0x0000000642800000, 0x0000000643000000|  0%| F|  |TAMS 0x0000000642800000| PB 0x0000000642800000| Untracked 
|1158|0x0000000643000000, 0x0000000643000000, 0x0000000643800000|  0%| F|  |TAMS 0x0000000643000000| PB 0x0000000643000000| Untracked 
|1159|0x0000000643800000, 0x0000000643800000, 0x0000000644000000|  0%| F|  |TAMS 0x0000000643800000| PB 0x0000000643800000| Untracked 
|1160|0x0000000644000000, 0x0000000644000000, 0x0000000644800000|  0%| F|  |TAMS 0x0000000644000000| PB 0x0000000644000000| Untracked 
|1161|0x0000000644800000, 0x0000000644800000, 0x0000000645000000|  0%| F|  |TAMS 0x0000000644800000| PB 0x0000000644800000| Untracked 
|1162|0x0000000645000000, 0x0000000645000000, 0x0000000645800000|  0%| F|  |TAMS 0x0000000645000000| PB 0x0000000645000000| Untracked 
|1163|0x0000000645800000, 0x0000000645800000, 0x0000000646000000|  0%| F|  |TAMS 0x0000000645800000| PB 0x0000000645800000| Untracked 
|1164|0x0000000646000000, 0x0000000646000000, 0x0000000646800000|  0%| F|  |TAMS 0x0000000646000000| PB 0x0000000646000000| Untracked 
|1165|0x0000000646800000, 0x0000000646800000, 0x0000000647000000|  0%| F|  |TAMS 0x0000000646800000| PB 0x0000000646800000| Untracked 
|1166|0x0000000647000000, 0x0000000647000000, 0x0000000647800000|  0%| F|  |TAMS 0x0000000647000000| PB 0x0000000647000000| Untracked 
|1167|0x0000000647800000, 0x0000000647800000, 0x0000000648000000|  0%| F|  |TAMS 0x0000000647800000| PB 0x0000000647800000| Untracked 
|1168|0x0000000648000000, 0x0000000648000000, 0x0000000648800000|  0%| F|  |TAMS 0x0000000648000000| PB 0x0000000648000000| Untracked 
|1169|0x0000000648800000, 0x0000000648800000, 0x0000000649000000|  0%| F|  |TAMS 0x0000000648800000| PB 0x0000000648800000| Untracked 
|1170|0x0000000649000000, 0x0000000649000000, 0x0000000649800000|  0%| F|  |TAMS 0x0000000649000000| PB 0x0000000649000000| Untracked 
|1171|0x0000000649800000, 0x0000000649800000, 0x000000064a000000|  0%| F|  |TAMS 0x0000000649800000| PB 0x0000000649800000| Untracked 
|1172|0x000000064a000000, 0x000000064a000000, 0x000000064a800000|  0%| F|  |TAMS 0x000000064a000000| PB 0x000000064a000000| Untracked 
|1173|0x000000064a800000, 0x000000064a800000, 0x000000064b000000|  0%| F|  |TAMS 0x000000064a800000| PB 0x000000064a800000| Untracked 
|1174|0x000000064b000000, 0x000000064b000000, 0x000000064b800000|  0%| F|  |TAMS 0x000000064b000000| PB 0x000000064b000000| Untracked 
|1175|0x000000064b800000, 0x000000064b800000, 0x000000064c000000|  0%| F|  |TAMS 0x000000064b800000| PB 0x000000064b800000| Untracked 
|1176|0x000000064c000000, 0x000000064c000000, 0x000000064c800000|  0%| F|  |TAMS 0x000000064c000000| PB 0x000000064c000000| Untracked 
|1177|0x000000064c800000, 0x000000064c800000, 0x000000064d000000|  0%| F|  |TAMS 0x000000064c800000| PB 0x000000064c800000| Untracked 
|1178|0x000000064d000000, 0x000000064d000000, 0x000000064d800000|  0%| F|  |TAMS 0x000000064d000000| PB 0x000000064d000000| Untracked 
|1179|0x000000064d800000, 0x000000064d800000, 0x000000064e000000|  0%| F|  |TAMS 0x000000064d800000| PB 0x000000064d800000| Untracked 
|1180|0x000000064e000000, 0x000000064e000000, 0x000000064e800000|  0%| F|  |TAMS 0x000000064e000000| PB 0x000000064e000000| Untracked 
|1181|0x000000064e800000, 0x000000064e800000, 0x000000064f000000|  0%| F|  |TAMS 0x000000064e800000| PB 0x000000064e800000| Untracked 
|1182|0x000000064f000000, 0x000000064f000000, 0x000000064f800000|  0%| F|  |TAMS 0x000000064f000000| PB 0x000000064f000000| Untracked 
|1183|0x000000064f800000, 0x000000064f800000, 0x0000000650000000|  0%| F|  |TAMS 0x000000064f800000| PB 0x000000064f800000| Untracked 
|1184|0x0000000650000000, 0x0000000650000000, 0x0000000650800000|  0%| F|  |TAMS 0x0000000650000000| PB 0x0000000650000000| Untracked 
|1185|0x0000000650800000, 0x0000000650800000, 0x0000000651000000|  0%| F|  |TAMS 0x0000000650800000| PB 0x0000000650800000| Untracked 
|1186|0x0000000651000000, 0x0000000651000000, 0x0000000651800000|  0%| F|  |TAMS 0x0000000651000000| PB 0x0000000651000000| Untracked 
|1187|0x0000000651800000, 0x0000000651800000, 0x0000000652000000|  0%| F|  |TAMS 0x0000000651800000| PB 0x0000000651800000| Untracked 
|1188|0x0000000652000000, 0x0000000652000000, 0x0000000652800000|  0%| F|  |TAMS 0x0000000652000000| PB 0x0000000652000000| Untracked 
|1189|0x0000000652800000, 0x0000000652800000, 0x0000000653000000|  0%| F|  |TAMS 0x0000000652800000| PB 0x0000000652800000| Untracked 
|1190|0x0000000653000000, 0x0000000653000000, 0x0000000653800000|  0%| F|  |TAMS 0x0000000653000000| PB 0x0000000653000000| Untracked 
|1191|0x0000000653800000, 0x0000000653800000, 0x0000000654000000|  0%| F|  |TAMS 0x0000000653800000| PB 0x0000000653800000| Untracked 
|1192|0x0000000654000000, 0x0000000654000000, 0x0000000654800000|  0%| F|  |TAMS 0x0000000654000000| PB 0x0000000654000000| Untracked 
|1193|0x0000000654800000, 0x0000000654800000, 0x0000000655000000|  0%| F|  |TAMS 0x0000000654800000| PB 0x0000000654800000| Untracked 
|1194|0x0000000655000000, 0x0000000655000000, 0x0000000655800000|  0%| F|  |TAMS 0x0000000655000000| PB 0x0000000655000000| Untracked 
|1195|0x0000000655800000, 0x0000000655800000, 0x0000000656000000|  0%| F|  |TAMS 0x0000000655800000| PB 0x0000000655800000| Untracked 
|1196|0x0000000656000000, 0x0000000656000000, 0x0000000656800000|  0%| F|  |TAMS 0x0000000656000000| PB 0x0000000656000000| Untracked 
|1197|0x0000000656800000, 0x0000000656800000, 0x0000000657000000|  0%| F|  |TAMS 0x0000000656800000| PB 0x0000000656800000| Untracked 
|1198|0x0000000657000000, 0x0000000657000000, 0x0000000657800000|  0%| F|  |TAMS 0x0000000657000000| PB 0x0000000657000000| Untracked 
|1199|0x0000000657800000, 0x0000000657800000, 0x0000000658000000|  0%| F|  |TAMS 0x0000000657800000| PB 0x0000000657800000| Untracked 
|1200|0x0000000658000000, 0x0000000658000000, 0x0000000658800000|  0%| F|  |TAMS 0x0000000658000000| PB 0x0000000658000000| Untracked 
|1201|0x0000000658800000, 0x0000000658800000, 0x0000000659000000|  0%| F|  |TAMS 0x0000000658800000| PB 0x0000000658800000| Untracked 
|1202|0x0000000659000000, 0x0000000659000000, 0x0000000659800000|  0%| F|  |TAMS 0x0000000659000000| PB 0x0000000659000000| Untracked 
|1203|0x0000000659800000, 0x0000000659800000, 0x000000065a000000|  0%| F|  |TAMS 0x0000000659800000| PB 0x0000000659800000| Untracked 
|1204|0x000000065a000000, 0x000000065a000000, 0x000000065a800000|  0%| F|  |TAMS 0x000000065a000000| PB 0x000000065a000000| Untracked 
|1205|0x000000065a800000, 0x000000065a800000, 0x000000065b000000|  0%| F|  |TAMS 0x000000065a800000| PB 0x000000065a800000| Untracked 
|1206|0x000000065b000000, 0x000000065b000000, 0x000000065b800000|  0%| F|  |TAMS 0x000000065b000000| PB 0x000000065b000000| Untracked 
|1207|0x000000065b800000, 0x000000065b800000, 0x000000065c000000|  0%| F|  |TAMS 0x000000065b800000| PB 0x000000065b800000| Untracked 
|1208|0x000000065c000000, 0x000000065c000000, 0x000000065c800000|  0%| F|  |TAMS 0x000000065c000000| PB 0x000000065c000000| Untracked 
|1209|0x000000065c800000, 0x000000065c800000, 0x000000065d000000|  0%| F|  |TAMS 0x000000065c800000| PB 0x000000065c800000| Untracked 
|1210|0x000000065d000000, 0x000000065d000000, 0x000000065d800000|  0%| F|  |TAMS 0x000000065d000000| PB 0x000000065d000000| Untracked 
|1211|0x000000065d800000, 0x000000065d800000, 0x000000065e000000|  0%| F|  |TAMS 0x000000065d800000| PB 0x000000065d800000| Untracked 
|1212|0x000000065e000000, 0x000000065e000000, 0x000000065e800000|  0%| F|  |TAMS 0x000000065e000000| PB 0x000000065e000000| Untracked 
|1213|0x000000065e800000, 0x000000065e800000, 0x000000065f000000|  0%| F|  |TAMS 0x000000065e800000| PB 0x000000065e800000| Untracked 
|1214|0x000000065f000000, 0x000000065f000000, 0x000000065f800000|  0%| F|  |TAMS 0x000000065f000000| PB 0x000000065f000000| Untracked 
|1215|0x000000065f800000, 0x000000065f800000, 0x0000000660000000|  0%| F|  |TAMS 0x000000065f800000| PB 0x000000065f800000| Untracked 
|1216|0x0000000660000000, 0x0000000660000000, 0x0000000660800000|  0%| F|  |TAMS 0x0000000660000000| PB 0x0000000660000000| Untracked 
|1217|0x0000000660800000, 0x0000000660800000, 0x0000000661000000|  0%| F|  |TAMS 0x0000000660800000| PB 0x0000000660800000| Untracked 
|1218|0x0000000661000000, 0x0000000661000000, 0x0000000661800000|  0%| F|  |TAMS 0x0000000661000000| PB 0x0000000661000000| Untracked 
|1219|0x0000000661800000, 0x0000000661800000, 0x0000000662000000|  0%| F|  |TAMS 0x0000000661800000| PB 0x0000000661800000| Untracked 
|1220|0x0000000662000000, 0x0000000662000000, 0x0000000662800000|  0%| F|  |TAMS 0x0000000662000000| PB 0x0000000662000000| Untracked 
|1221|0x0000000662800000, 0x0000000662800000, 0x0000000663000000|  0%| F|  |TAMS 0x0000000662800000| PB 0x0000000662800000| Untracked 
|1222|0x0000000663000000, 0x0000000663000000, 0x0000000663800000|  0%| F|  |TAMS 0x0000000663000000| PB 0x0000000663000000| Untracked 
|1223|0x0000000663800000, 0x0000000663800000, 0x0000000664000000|  0%| F|  |TAMS 0x0000000663800000| PB 0x0000000663800000| Untracked 
|1224|0x0000000664000000, 0x0000000664000000, 0x0000000664800000|  0%| F|  |TAMS 0x0000000664000000| PB 0x0000000664000000| Untracked 
|1225|0x0000000664800000, 0x0000000664800000, 0x0000000665000000|  0%| F|  |TAMS 0x0000000664800000| PB 0x0000000664800000| Untracked 
|1226|0x0000000665000000, 0x0000000665000000, 0x0000000665800000|  0%| F|  |TAMS 0x0000000665000000| PB 0x0000000665000000| Untracked 
|1227|0x0000000665800000, 0x0000000665800000, 0x0000000666000000|  0%| F|  |TAMS 0x0000000665800000| PB 0x0000000665800000| Untracked 
|1228|0x0000000666000000, 0x0000000666000000, 0x0000000666800000|  0%| F|  |TAMS 0x0000000666000000| PB 0x0000000666000000| Untracked 
|1229|0x0000000666800000, 0x0000000666800000, 0x0000000667000000|  0%| F|  |TAMS 0x0000000666800000| PB 0x0000000666800000| Untracked 
|1230|0x0000000667000000, 0x0000000667000000, 0x0000000667800000|  0%| F|  |TAMS 0x0000000667000000| PB 0x0000000667000000| Untracked 
|1231|0x0000000667800000, 0x0000000667800000, 0x0000000668000000|  0%| F|  |TAMS 0x0000000667800000| PB 0x0000000667800000| Untracked 
|1232|0x0000000668000000, 0x0000000668000000, 0x0000000668800000|  0%| F|  |TAMS 0x0000000668000000| PB 0x0000000668000000| Untracked 
|1233|0x0000000668800000, 0x0000000668800000, 0x0000000669000000|  0%| F|  |TAMS 0x0000000668800000| PB 0x0000000668800000| Untracked 
|1234|0x0000000669000000, 0x0000000669000000, 0x0000000669800000|  0%| F|  |TAMS 0x0000000669000000| PB 0x0000000669000000| Untracked 
|1235|0x0000000669800000, 0x0000000669800000, 0x000000066a000000|  0%| F|  |TAMS 0x0000000669800000| PB 0x0000000669800000| Untracked 
|1236|0x000000066a000000, 0x000000066a000000, 0x000000066a800000|  0%| F|  |TAMS 0x000000066a000000| PB 0x000000066a000000| Untracked 
|1237|0x000000066a800000, 0x000000066a800000, 0x000000066b000000|  0%| F|  |TAMS 0x000000066a800000| PB 0x000000066a800000| Untracked 
|1238|0x000000066b000000, 0x000000066b000000, 0x000000066b800000|  0%| F|  |TAMS 0x000000066b000000| PB 0x000000066b000000| Untracked 
|1239|0x000000066b800000, 0x000000066b800000, 0x000000066c000000|  0%| F|  |TAMS 0x000000066b800000| PB 0x000000066b800000| Untracked 
|1240|0x000000066c000000, 0x000000066c000000, 0x000000066c800000|  0%| F|  |TAMS 0x000000066c000000| PB 0x000000066c000000| Untracked 
|1241|0x000000066c800000, 0x000000066c800000, 0x000000066d000000|  0%| F|  |TAMS 0x000000066c800000| PB 0x000000066c800000| Untracked 
|1242|0x000000066d000000, 0x000000066d000000, 0x000000066d800000|  0%| F|  |TAMS 0x000000066d000000| PB 0x000000066d000000| Untracked 
|1243|0x000000066d800000, 0x000000066d800000, 0x000000066e000000|  0%| F|  |TAMS 0x000000066d800000| PB 0x000000066d800000| Untracked 
|1244|0x000000066e000000, 0x000000066e000000, 0x000000066e800000|  0%| F|  |TAMS 0x000000066e000000| PB 0x000000066e000000| Untracked 
|1245|0x000000066e800000, 0x000000066e800000, 0x000000066f000000|  0%| F|  |TAMS 0x000000066e800000| PB 0x000000066e800000| Untracked 
|1246|0x000000066f000000, 0x000000066f000000, 0x000000066f800000|  0%| F|  |TAMS 0x000000066f000000| PB 0x000000066f000000| Untracked 
|1247|0x000000066f800000, 0x000000066f800000, 0x0000000670000000|  0%| F|  |TAMS 0x000000066f800000| PB 0x000000066f800000| Untracked 
|1248|0x0000000670000000, 0x0000000670000000, 0x0000000670800000|  0%| F|  |TAMS 0x0000000670000000| PB 0x0000000670000000| Untracked 
|1249|0x0000000670800000, 0x0000000670800000, 0x0000000671000000|  0%| F|  |TAMS 0x0000000670800000| PB 0x0000000670800000| Untracked 
|1250|0x0000000671000000, 0x0000000671000000, 0x0000000671800000|  0%| F|  |TAMS 0x0000000671000000| PB 0x0000000671000000| Untracked 
|1251|0x0000000671800000, 0x0000000671800000, 0x0000000672000000|  0%| F|  |TAMS 0x0000000671800000| PB 0x0000000671800000| Untracked 
|1252|0x0000000672000000, 0x0000000672000000, 0x0000000672800000|  0%| F|  |TAMS 0x0000000672000000| PB 0x0000000672000000| Untracked 
|1253|0x0000000672800000, 0x0000000672800000, 0x0000000673000000|  0%| F|  |TAMS 0x0000000672800000| PB 0x0000000672800000| Untracked 
|1254|0x0000000673000000, 0x0000000673000000, 0x0000000673800000|  0%| F|  |TAMS 0x0000000673000000| PB 0x0000000673000000| Untracked 
|1255|0x0000000673800000, 0x0000000673800000, 0x0000000674000000|  0%| F|  |TAMS 0x0000000673800000| PB 0x0000000673800000| Untracked 
|1256|0x0000000674000000, 0x0000000674000000, 0x0000000674800000|  0%| F|  |TAMS 0x0000000674000000| PB 0x0000000674000000| Untracked 
|1257|0x0000000674800000, 0x0000000674800000, 0x0000000675000000|  0%| F|  |TAMS 0x0000000674800000| PB 0x0000000674800000| Untracked 
|1258|0x0000000675000000, 0x0000000675000000, 0x0000000675800000|  0%| F|  |TAMS 0x0000000675000000| PB 0x0000000675000000| Untracked 
|1259|0x0000000675800000, 0x0000000675800000, 0x0000000676000000|  0%| F|  |TAMS 0x0000000675800000| PB 0x0000000675800000| Untracked 
|1260|0x0000000676000000, 0x0000000676000000, 0x0000000676800000|  0%| F|  |TAMS 0x0000000676000000| PB 0x0000000676000000| Untracked 
|1261|0x0000000676800000, 0x0000000676800000, 0x0000000677000000|  0%| F|  |TAMS 0x0000000676800000| PB 0x0000000676800000| Untracked 
|1262|0x0000000677000000, 0x0000000677000000, 0x0000000677800000|  0%| F|  |TAMS 0x0000000677000000| PB 0x0000000677000000| Untracked 
|1263|0x0000000677800000, 0x0000000677800000, 0x0000000678000000|  0%| F|  |TAMS 0x0000000677800000| PB 0x0000000677800000| Untracked 
|1264|0x0000000678000000, 0x0000000678000000, 0x0000000678800000|  0%| F|  |TAMS 0x0000000678000000| PB 0x0000000678000000| Untracked 
|1265|0x0000000678800000, 0x0000000678800000, 0x0000000679000000|  0%| F|  |TAMS 0x0000000678800000| PB 0x0000000678800000| Untracked 
|1266|0x0000000679000000, 0x0000000679000000, 0x0000000679800000|  0%| F|  |TAMS 0x0000000679000000| PB 0x0000000679000000| Untracked 
|1267|0x0000000679800000, 0x0000000679800000, 0x000000067a000000|  0%| F|  |TAMS 0x0000000679800000| PB 0x0000000679800000| Untracked 
|1268|0x000000067a000000, 0x000000067a000000, 0x000000067a800000|  0%| F|  |TAMS 0x000000067a000000| PB 0x000000067a000000| Untracked 
|1269|0x000000067a800000, 0x000000067a800000, 0x000000067b000000|  0%| F|  |TAMS 0x000000067a800000| PB 0x000000067a800000| Untracked 
|1270|0x000000067b000000, 0x000000067b000000, 0x000000067b800000|  0%| F|  |TAMS 0x000000067b000000| PB 0x000000067b000000| Untracked 
|1271|0x000000067b800000, 0x000000067b800000, 0x000000067c000000|  0%| F|  |TAMS 0x000000067b800000| PB 0x000000067b800000| Untracked 
|1272|0x000000067c000000, 0x000000067c000000, 0x000000067c800000|  0%| F|  |TAMS 0x000000067c000000| PB 0x000000067c000000| Untracked 
|1273|0x000000067c800000, 0x000000067c800000, 0x000000067d000000|  0%| F|  |TAMS 0x000000067c800000| PB 0x000000067c800000| Untracked 
|1274|0x000000067d000000, 0x000000067d000000, 0x000000067d800000|  0%| F|  |TAMS 0x000000067d000000| PB 0x000000067d000000| Untracked 
|1275|0x000000067d800000, 0x000000067d800000, 0x000000067e000000|  0%| F|  |TAMS 0x000000067d800000| PB 0x000000067d800000| Untracked 
|1276|0x000000067e000000, 0x000000067e000000, 0x000000067e800000|  0%| F|  |TAMS 0x000000067e000000| PB 0x000000067e000000| Untracked 
|1277|0x000000067e800000, 0x000000067e800000, 0x000000067f000000|  0%| F|  |TAMS 0x000000067e800000| PB 0x000000067e800000| Untracked 
|1278|0x000000067f000000, 0x000000067f000000, 0x000000067f800000|  0%| F|  |TAMS 0x000000067f000000| PB 0x000000067f000000| Untracked 
|1279|0x000000067f800000, 0x000000067f800000, 0x0000000680000000|  0%| F|  |TAMS 0x000000067f800000| PB 0x000000067f800000| Untracked 
|1280|0x0000000680000000, 0x0000000680000000, 0x0000000680800000|  0%| F|  |TAMS 0x0000000680000000| PB 0x0000000680000000| Untracked 
|1281|0x0000000680800000, 0x0000000680800000, 0x0000000681000000|  0%| F|  |TAMS 0x0000000680800000| PB 0x0000000680800000| Untracked 
|1282|0x0000000681000000, 0x0000000681000000, 0x0000000681800000|  0%| F|  |TAMS 0x0000000681000000| PB 0x0000000681000000| Untracked 
|1283|0x0000000681800000, 0x0000000681800000, 0x0000000682000000|  0%| F|  |TAMS 0x0000000681800000| PB 0x0000000681800000| Untracked 
|1284|0x0000000682000000, 0x0000000682000000, 0x0000000682800000|  0%| F|  |TAMS 0x0000000682000000| PB 0x0000000682000000| Untracked 
|1285|0x0000000682800000, 0x0000000682800000, 0x0000000683000000|  0%| F|  |TAMS 0x0000000682800000| PB 0x0000000682800000| Untracked 
|1286|0x0000000683000000, 0x0000000683000000, 0x0000000683800000|  0%| F|  |TAMS 0x0000000683000000| PB 0x0000000683000000| Untracked 
|1287|0x0000000683800000, 0x0000000683800000, 0x0000000684000000|  0%| F|  |TAMS 0x0000000683800000| PB 0x0000000683800000| Untracked 
|1288|0x0000000684000000, 0x0000000684000000, 0x0000000684800000|  0%| F|  |TAMS 0x0000000684000000| PB 0x0000000684000000| Untracked 
|1289|0x0000000684800000, 0x0000000684800000, 0x0000000685000000|  0%| F|  |TAMS 0x0000000684800000| PB 0x0000000684800000| Untracked 
|1290|0x0000000685000000, 0x0000000685000000, 0x0000000685800000|  0%| F|  |TAMS 0x0000000685000000| PB 0x0000000685000000| Untracked 
|1291|0x0000000685800000, 0x0000000685800000, 0x0000000686000000|  0%| F|  |TAMS 0x0000000685800000| PB 0x0000000685800000| Untracked 
|1292|0x0000000686000000, 0x0000000686000000, 0x0000000686800000|  0%| F|  |TAMS 0x0000000686000000| PB 0x0000000686000000| Untracked 
|1293|0x0000000686800000, 0x0000000686800000, 0x0000000687000000|  0%| F|  |TAMS 0x0000000686800000| PB 0x0000000686800000| Untracked 
|1294|0x0000000687000000, 0x0000000687000000, 0x0000000687800000|  0%| F|  |TAMS 0x0000000687000000| PB 0x0000000687000000| Untracked 
|1295|0x0000000687800000, 0x0000000687800000, 0x0000000688000000|  0%| F|  |TAMS 0x0000000687800000| PB 0x0000000687800000| Untracked 
|1296|0x0000000688000000, 0x0000000688000000, 0x0000000688800000|  0%| F|  |TAMS 0x0000000688000000| PB 0x0000000688000000| Untracked 
|1297|0x0000000688800000, 0x0000000688800000, 0x0000000689000000|  0%| F|  |TAMS 0x0000000688800000| PB 0x0000000688800000| Untracked 
|1298|0x0000000689000000, 0x0000000689000000, 0x0000000689800000|  0%| F|  |TAMS 0x0000000689000000| PB 0x0000000689000000| Untracked 
|1299|0x0000000689800000, 0x0000000689800000, 0x000000068a000000|  0%| F|  |TAMS 0x0000000689800000| PB 0x0000000689800000| Untracked 
|1300|0x000000068a000000, 0x000000068a000000, 0x000000068a800000|  0%| F|  |TAMS 0x000000068a000000| PB 0x000000068a000000| Untracked 
|1301|0x000000068a800000, 0x000000068a800000, 0x000000068b000000|  0%| F|  |TAMS 0x000000068a800000| PB 0x000000068a800000| Untracked 
|1302|0x000000068b000000, 0x000000068b000000, 0x000000068b800000|  0%| F|  |TAMS 0x000000068b000000| PB 0x000000068b000000| Untracked 
|1303|0x000000068b800000, 0x000000068b800000, 0x000000068c000000|  0%| F|  |TAMS 0x000000068b800000| PB 0x000000068b800000| Untracked 
|1304|0x000000068c000000, 0x000000068c000000, 0x000000068c800000|  0%| F|  |TAMS 0x000000068c000000| PB 0x000000068c000000| Untracked 
|1305|0x000000068c800000, 0x000000068c800000, 0x000000068d000000|  0%| F|  |TAMS 0x000000068c800000| PB 0x000000068c800000| Untracked 
|1306|0x000000068d000000, 0x000000068d000000, 0x000000068d800000|  0%| F|  |TAMS 0x000000068d000000| PB 0x000000068d000000| Untracked 
|1307|0x000000068d800000, 0x000000068d800000, 0x000000068e000000|  0%| F|  |TAMS 0x000000068d800000| PB 0x000000068d800000| Untracked 
|1308|0x000000068e000000, 0x000000068e000000, 0x000000068e800000|  0%| F|  |TAMS 0x000000068e000000| PB 0x000000068e000000| Untracked 
|1309|0x000000068e800000, 0x000000068e800000, 0x000000068f000000|  0%| F|  |TAMS 0x000000068e800000| PB 0x000000068e800000| Untracked 
|1310|0x000000068f000000, 0x000000068f000000, 0x000000068f800000|  0%| F|  |TAMS 0x000000068f000000| PB 0x000000068f000000| Untracked 
|1311|0x000000068f800000, 0x000000068f800000, 0x0000000690000000|  0%| F|  |TAMS 0x000000068f800000| PB 0x000000068f800000| Untracked 
|1312|0x0000000690000000, 0x0000000690000000, 0x0000000690800000|  0%| F|  |TAMS 0x0000000690000000| PB 0x0000000690000000| Untracked 
|1313|0x0000000690800000, 0x0000000690800000, 0x0000000691000000|  0%| F|  |TAMS 0x0000000690800000| PB 0x0000000690800000| Untracked 
|1314|0x0000000691000000, 0x0000000691000000, 0x0000000691800000|  0%| F|  |TAMS 0x0000000691000000| PB 0x0000000691000000| Untracked 
|1315|0x0000000691800000, 0x0000000691800000, 0x0000000692000000|  0%| F|  |TAMS 0x0000000691800000| PB 0x0000000691800000| Untracked 
|1316|0x0000000692000000, 0x0000000692000000, 0x0000000692800000|  0%| F|  |TAMS 0x0000000692000000| PB 0x0000000692000000| Untracked 
|1317|0x0000000692800000, 0x0000000692800000, 0x0000000693000000|  0%| F|  |TAMS 0x0000000692800000| PB 0x0000000692800000| Untracked 
|1318|0x0000000693000000, 0x0000000693000000, 0x0000000693800000|  0%| F|  |TAMS 0x0000000693000000| PB 0x0000000693000000| Untracked 
|1319|0x0000000693800000, 0x0000000693800000, 0x0000000694000000|  0%| F|  |TAMS 0x0000000693800000| PB 0x0000000693800000| Untracked 
|1320|0x0000000694000000, 0x0000000694000000, 0x0000000694800000|  0%| F|  |TAMS 0x0000000694000000| PB 0x0000000694000000| Untracked 
|1321|0x0000000694800000, 0x0000000694800000, 0x0000000695000000|  0%| F|  |TAMS 0x0000000694800000| PB 0x0000000694800000| Untracked 
|1322|0x0000000695000000, 0x0000000695000000, 0x0000000695800000|  0%| F|  |TAMS 0x0000000695000000| PB 0x0000000695000000| Untracked 
|1323|0x0000000695800000, 0x0000000695800000, 0x0000000696000000|  0%| F|  |TAMS 0x0000000695800000| PB 0x0000000695800000| Untracked 
|1324|0x0000000696000000, 0x0000000696000000, 0x0000000696800000|  0%| F|  |TAMS 0x0000000696000000| PB 0x0000000696000000| Untracked 
|1325|0x0000000696800000, 0x0000000696800000, 0x0000000697000000|  0%| F|  |TAMS 0x0000000696800000| PB 0x0000000696800000| Untracked 
|1326|0x0000000697000000, 0x0000000697000000, 0x0000000697800000|  0%| F|  |TAMS 0x0000000697000000| PB 0x0000000697000000| Untracked 
|1327|0x0000000697800000, 0x0000000697800000, 0x0000000698000000|  0%| F|  |TAMS 0x0000000697800000| PB 0x0000000697800000| Untracked 
|1328|0x0000000698000000, 0x0000000698000000, 0x0000000698800000|  0%| F|  |TAMS 0x0000000698000000| PB 0x0000000698000000| Untracked 
|1329|0x0000000698800000, 0x0000000698800000, 0x0000000699000000|  0%| F|  |TAMS 0x0000000698800000| PB 0x0000000698800000| Untracked 
|1330|0x0000000699000000, 0x0000000699000000, 0x0000000699800000|  0%| F|  |TAMS 0x0000000699000000| PB 0x0000000699000000| Untracked 
|1331|0x0000000699800000, 0x0000000699800000, 0x000000069a000000|  0%| F|  |TAMS 0x0000000699800000| PB 0x0000000699800000| Untracked 
|1332|0x000000069a000000, 0x000000069a000000, 0x000000069a800000|  0%| F|  |TAMS 0x000000069a000000| PB 0x000000069a000000| Untracked 
|1333|0x000000069a800000, 0x000000069a800000, 0x000000069b000000|  0%| F|  |TAMS 0x000000069a800000| PB 0x000000069a800000| Untracked 
|1334|0x000000069b000000, 0x000000069b000000, 0x000000069b800000|  0%| F|  |TAMS 0x000000069b000000| PB 0x000000069b000000| Untracked 
|1335|0x000000069b800000, 0x000000069b800000, 0x000000069c000000|  0%| F|  |TAMS 0x000000069b800000| PB 0x000000069b800000| Untracked 
|1336|0x000000069c000000, 0x000000069c000000, 0x000000069c800000|  0%| F|  |TAMS 0x000000069c000000| PB 0x000000069c000000| Untracked 
|1337|0x000000069c800000, 0x000000069c800000, 0x000000069d000000|  0%| F|  |TAMS 0x000000069c800000| PB 0x000000069c800000| Untracked 
|1338|0x000000069d000000, 0x000000069d000000, 0x000000069d800000|  0%| F|  |TAMS 0x000000069d000000| PB 0x000000069d000000| Untracked 
|1339|0x000000069d800000, 0x000000069d800000, 0x000000069e000000|  0%| F|  |TAMS 0x000000069d800000| PB 0x000000069d800000| Untracked 
|1340|0x000000069e000000, 0x000000069e000000, 0x000000069e800000|  0%| F|  |TAMS 0x000000069e000000| PB 0x000000069e000000| Untracked 
|1341|0x000000069e800000, 0x000000069e800000, 0x000000069f000000|  0%| F|  |TAMS 0x000000069e800000| PB 0x000000069e800000| Untracked 
|1342|0x000000069f000000, 0x000000069f000000, 0x000000069f800000|  0%| F|  |TAMS 0x000000069f000000| PB 0x000000069f000000| Untracked 
|1343|0x000000069f800000, 0x000000069f800000, 0x00000006a0000000|  0%| F|  |TAMS 0x000000069f800000| PB 0x000000069f800000| Untracked 
|1344|0x00000006a0000000, 0x00000006a0000000, 0x00000006a0800000|  0%| F|  |TAMS 0x00000006a0000000| PB 0x00000006a0000000| Untracked 
|1345|0x00000006a0800000, 0x00000006a0800000, 0x00000006a1000000|  0%| F|  |TAMS 0x00000006a0800000| PB 0x00000006a0800000| Untracked 
|1346|0x00000006a1000000, 0x00000006a1000000, 0x00000006a1800000|  0%| F|  |TAMS 0x00000006a1000000| PB 0x00000006a1000000| Untracked 
|1347|0x00000006a1800000, 0x00000006a1800000, 0x00000006a2000000|  0%| F|  |TAMS 0x00000006a1800000| PB 0x00000006a1800000| Untracked 
|1348|0x00000006a2000000, 0x00000006a2000000, 0x00000006a2800000|  0%| F|  |TAMS 0x00000006a2000000| PB 0x00000006a2000000| Untracked 
|1349|0x00000006a2800000, 0x00000006a2800000, 0x00000006a3000000|  0%| F|  |TAMS 0x00000006a2800000| PB 0x00000006a2800000| Untracked 
|1350|0x00000006a3000000, 0x00000006a3000000, 0x00000006a3800000|  0%| F|  |TAMS 0x00000006a3000000| PB 0x00000006a3000000| Untracked 
|1351|0x00000006a3800000, 0x00000006a3800000, 0x00000006a4000000|  0%| F|  |TAMS 0x00000006a3800000| PB 0x00000006a3800000| Untracked 
|1352|0x00000006a4000000, 0x00000006a4000000, 0x00000006a4800000|  0%| F|  |TAMS 0x00000006a4000000| PB 0x00000006a4000000| Untracked 
|1353|0x00000006a4800000, 0x00000006a4800000, 0x00000006a5000000|  0%| F|  |TAMS 0x00000006a4800000| PB 0x00000006a4800000| Untracked 
|1354|0x00000006a5000000, 0x00000006a5000000, 0x00000006a5800000|  0%| F|  |TAMS 0x00000006a5000000| PB 0x00000006a5000000| Untracked 
|1355|0x00000006a5800000, 0x00000006a5800000, 0x00000006a6000000|  0%| F|  |TAMS 0x00000006a5800000| PB 0x00000006a5800000| Untracked 
|1356|0x00000006a6000000, 0x00000006a6000000, 0x00000006a6800000|  0%| F|  |TAMS 0x00000006a6000000| PB 0x00000006a6000000| Untracked 
|1357|0x00000006a6800000, 0x00000006a6800000, 0x00000006a7000000|  0%| F|  |TAMS 0x00000006a6800000| PB 0x00000006a6800000| Untracked 
|1358|0x00000006a7000000, 0x00000006a7000000, 0x00000006a7800000|  0%| F|  |TAMS 0x00000006a7000000| PB 0x00000006a7000000| Untracked 
|1359|0x00000006a7800000, 0x00000006a7800000, 0x00000006a8000000|  0%| F|  |TAMS 0x00000006a7800000| PB 0x00000006a7800000| Untracked 
|1360|0x00000006a8000000, 0x00000006a8000000, 0x00000006a8800000|  0%| F|  |TAMS 0x00000006a8000000| PB 0x00000006a8000000| Untracked 
|1361|0x00000006a8800000, 0x00000006a8800000, 0x00000006a9000000|  0%| F|  |TAMS 0x00000006a8800000| PB 0x00000006a8800000| Untracked 
|1362|0x00000006a9000000, 0x00000006a9000000, 0x00000006a9800000|  0%| F|  |TAMS 0x00000006a9000000| PB 0x00000006a9000000| Untracked 
|1363|0x00000006a9800000, 0x00000006a9800000, 0x00000006aa000000|  0%| F|  |TAMS 0x00000006a9800000| PB 0x00000006a9800000| Untracked 
|1364|0x00000006aa000000, 0x00000006aa000000, 0x00000006aa800000|  0%| F|  |TAMS 0x00000006aa000000| PB 0x00000006aa000000| Untracked 
|1365|0x00000006aa800000, 0x00000006aa800000, 0x00000006ab000000|  0%| F|  |TAMS 0x00000006aa800000| PB 0x00000006aa800000| Untracked 
|1366|0x00000006ab000000, 0x00000006ab000000, 0x00000006ab800000|  0%| F|  |TAMS 0x00000006ab000000| PB 0x00000006ab000000| Untracked 
|1367|0x00000006ab800000, 0x00000006ab800000, 0x00000006ac000000|  0%| F|  |TAMS 0x00000006ab800000| PB 0x00000006ab800000| Untracked 
|1368|0x00000006ac000000, 0x00000006ac000000, 0x00000006ac800000|  0%| F|  |TAMS 0x00000006ac000000| PB 0x00000006ac000000| Untracked 
|1369|0x00000006ac800000, 0x00000006ac800000, 0x00000006ad000000|  0%| F|  |TAMS 0x00000006ac800000| PB 0x00000006ac800000| Untracked 
|1370|0x00000006ad000000, 0x00000006ad000000, 0x00000006ad800000|  0%| F|  |TAMS 0x00000006ad000000| PB 0x00000006ad000000| Untracked 
|1371|0x00000006ad800000, 0x00000006ad800000, 0x00000006ae000000|  0%| F|  |TAMS 0x00000006ad800000| PB 0x00000006ad800000| Untracked 
|1372|0x00000006ae000000, 0x00000006ae000000, 0x00000006ae800000|  0%| F|  |TAMS 0x00000006ae000000| PB 0x00000006ae000000| Untracked 
|1373|0x00000006ae800000, 0x00000006ae800000, 0x00000006af000000|  0%| F|  |TAMS 0x00000006ae800000| PB 0x00000006ae800000| Untracked 
|1374|0x00000006af000000, 0x00000006af000000, 0x00000006af800000|  0%| F|  |TAMS 0x00000006af000000| PB 0x00000006af000000| Untracked 
|1375|0x00000006af800000, 0x00000006af800000, 0x00000006b0000000|  0%| F|  |TAMS 0x00000006af800000| PB 0x00000006af800000| Untracked 
|1376|0x00000006b0000000, 0x00000006b0000000, 0x00000006b0800000|  0%| F|  |TAMS 0x00000006b0000000| PB 0x00000006b0000000| Untracked 
|1377|0x00000006b0800000, 0x00000006b0800000, 0x00000006b1000000|  0%| F|  |TAMS 0x00000006b0800000| PB 0x00000006b0800000| Untracked 
|1378|0x00000006b1000000, 0x00000006b1000000, 0x00000006b1800000|  0%| F|  |TAMS 0x00000006b1000000| PB 0x00000006b1000000| Untracked 
|1379|0x00000006b1800000, 0x00000006b1800000, 0x00000006b2000000|  0%| F|  |TAMS 0x00000006b1800000| PB 0x00000006b1800000| Untracked 
|1380|0x00000006b2000000, 0x00000006b2000000, 0x00000006b2800000|  0%| F|  |TAMS 0x00000006b2000000| PB 0x00000006b2000000| Untracked 
|1381|0x00000006b2800000, 0x00000006b2800000, 0x00000006b3000000|  0%| F|  |TAMS 0x00000006b2800000| PB 0x00000006b2800000| Untracked 
|1382|0x00000006b3000000, 0x00000006b3000000, 0x00000006b3800000|  0%| F|  |TAMS 0x00000006b3000000| PB 0x00000006b3000000| Untracked 
|1383|0x00000006b3800000, 0x00000006b3800000, 0x00000006b4000000|  0%| F|  |TAMS 0x00000006b3800000| PB 0x00000006b3800000| Untracked 
|1384|0x00000006b4000000, 0x00000006b4000000, 0x00000006b4800000|  0%| F|  |TAMS 0x00000006b4000000| PB 0x00000006b4000000| Untracked 
|1385|0x00000006b4800000, 0x00000006b4800000, 0x00000006b5000000|  0%| F|  |TAMS 0x00000006b4800000| PB 0x00000006b4800000| Untracked 
|1386|0x00000006b5000000, 0x00000006b5000000, 0x00000006b5800000|  0%| F|  |TAMS 0x00000006b5000000| PB 0x00000006b5000000| Untracked 
|1387|0x00000006b5800000, 0x00000006b5800000, 0x00000006b6000000|  0%| F|  |TAMS 0x00000006b5800000| PB 0x00000006b5800000| Untracked 
|1388|0x00000006b6000000, 0x00000006b6000000, 0x00000006b6800000|  0%| F|  |TAMS 0x00000006b6000000| PB 0x00000006b6000000| Untracked 
|1389|0x00000006b6800000, 0x00000006b6800000, 0x00000006b7000000|  0%| F|  |TAMS 0x00000006b6800000| PB 0x00000006b6800000| Untracked 
|1390|0x00000006b7000000, 0x00000006b7000000, 0x00000006b7800000|  0%| F|  |TAMS 0x00000006b7000000| PB 0x00000006b7000000| Untracked 
|1391|0x00000006b7800000, 0x00000006b7800000, 0x00000006b8000000|  0%| F|  |TAMS 0x00000006b7800000| PB 0x00000006b7800000| Untracked 
|1392|0x00000006b8000000, 0x00000006b8000000, 0x00000006b8800000|  0%| F|  |TAMS 0x00000006b8000000| PB 0x00000006b8000000| Untracked 
|1393|0x00000006b8800000, 0x00000006b8800000, 0x00000006b9000000|  0%| F|  |TAMS 0x00000006b8800000| PB 0x00000006b8800000| Untracked 
|1394|0x00000006b9000000, 0x00000006b9000000, 0x00000006b9800000|  0%| F|  |TAMS 0x00000006b9000000| PB 0x00000006b9000000| Untracked 
|1395|0x00000006b9800000, 0x00000006b9800000, 0x00000006ba000000|  0%| F|  |TAMS 0x00000006b9800000| PB 0x00000006b9800000| Untracked 
|1396|0x00000006ba000000, 0x00000006ba000000, 0x00000006ba800000|  0%| F|  |TAMS 0x00000006ba000000| PB 0x00000006ba000000| Untracked 
|1397|0x00000006ba800000, 0x00000006ba800000, 0x00000006bb000000|  0%| F|  |TAMS 0x00000006ba800000| PB 0x00000006ba800000| Untracked 
|1398|0x00000006bb000000, 0x00000006bb000000, 0x00000006bb800000|  0%| F|  |TAMS 0x00000006bb000000| PB 0x00000006bb000000| Untracked 
|1399|0x00000006bb800000, 0x00000006bb800000, 0x00000006bc000000|  0%| F|  |TAMS 0x00000006bb800000| PB 0x00000006bb800000| Untracked 
|1400|0x00000006bc000000, 0x00000006bc000000, 0x00000006bc800000|  0%| F|  |TAMS 0x00000006bc000000| PB 0x00000006bc000000| Untracked 
|1401|0x00000006bc800000, 0x00000006bc800000, 0x00000006bd000000|  0%| F|  |TAMS 0x00000006bc800000| PB 0x00000006bc800000| Untracked 
|1402|0x00000006bd000000, 0x00000006bd000000, 0x00000006bd800000|  0%| F|  |TAMS 0x00000006bd000000| PB 0x00000006bd000000| Untracked 
|1403|0x00000006bd800000, 0x00000006bd800000, 0x00000006be000000|  0%| F|  |TAMS 0x00000006bd800000| PB 0x00000006bd800000| Untracked 
|1404|0x00000006be000000, 0x00000006be000000, 0x00000006be800000|  0%| F|  |TAMS 0x00000006be000000| PB 0x00000006be000000| Untracked 
|1405|0x00000006be800000, 0x00000006be800000, 0x00000006bf000000|  0%| F|  |TAMS 0x00000006be800000| PB 0x00000006be800000| Untracked 
|1406|0x00000006bf000000, 0x00000006bf000000, 0x00000006bf800000|  0%| F|  |TAMS 0x00000006bf000000| PB 0x00000006bf000000| Untracked 
|1407|0x00000006bf800000, 0x00000006bf800000, 0x00000006c0000000|  0%| F|  |TAMS 0x00000006bf800000| PB 0x00000006bf800000| Untracked 
|1408|0x00000006c0000000, 0x00000006c0000000, 0x00000006c0800000|  0%| F|  |TAMS 0x00000006c0000000| PB 0x00000006c0000000| Untracked 
|1409|0x00000006c0800000, 0x00000006c0800000, 0x00000006c1000000|  0%| F|  |TAMS 0x00000006c0800000| PB 0x00000006c0800000| Untracked 
|1410|0x00000006c1000000, 0x00000006c1000000, 0x00000006c1800000|  0%| F|  |TAMS 0x00000006c1000000| PB 0x00000006c1000000| Untracked 
|1411|0x00000006c1800000, 0x00000006c1800000, 0x00000006c2000000|  0%| F|  |TAMS 0x00000006c1800000| PB 0x00000006c1800000| Untracked 
|1412|0x00000006c2000000, 0x00000006c2000000, 0x00000006c2800000|  0%| F|  |TAMS 0x00000006c2000000| PB 0x00000006c2000000| Untracked 
|1413|0x00000006c2800000, 0x00000006c2800000, 0x00000006c3000000|  0%| F|  |TAMS 0x00000006c2800000| PB 0x00000006c2800000| Untracked 
|1414|0x00000006c3000000, 0x00000006c3000000, 0x00000006c3800000|  0%| F|  |TAMS 0x00000006c3000000| PB 0x00000006c3000000| Untracked 
|1415|0x00000006c3800000, 0x00000006c3800000, 0x00000006c4000000|  0%| F|  |TAMS 0x00000006c3800000| PB 0x00000006c3800000| Untracked 
|1416|0x00000006c4000000, 0x00000006c4000000, 0x00000006c4800000|  0%| F|  |TAMS 0x00000006c4000000| PB 0x00000006c4000000| Untracked 
|1417|0x00000006c4800000, 0x00000006c4800000, 0x00000006c5000000|  0%| F|  |TAMS 0x00000006c4800000| PB 0x00000006c4800000| Untracked 
|1418|0x00000006c5000000, 0x00000006c5000000, 0x00000006c5800000|  0%| F|  |TAMS 0x00000006c5000000| PB 0x00000006c5000000| Untracked 
|1419|0x00000006c5800000, 0x00000006c5800000, 0x00000006c6000000|  0%| F|  |TAMS 0x00000006c5800000| PB 0x00000006c5800000| Untracked 
|1420|0x00000006c6000000, 0x00000006c6000000, 0x00000006c6800000|  0%| F|  |TAMS 0x00000006c6000000| PB 0x00000006c6000000| Untracked 
|1421|0x00000006c6800000, 0x00000006c6800000, 0x00000006c7000000|  0%| F|  |TAMS 0x00000006c6800000| PB 0x00000006c6800000| Untracked 
|1422|0x00000006c7000000, 0x00000006c7000000, 0x00000006c7800000|  0%| F|  |TAMS 0x00000006c7000000| PB 0x00000006c7000000| Untracked 
|1423|0x00000006c7800000, 0x00000006c7800000, 0x00000006c8000000|  0%| F|  |TAMS 0x00000006c7800000| PB 0x00000006c7800000| Untracked 
|1424|0x00000006c8000000, 0x00000006c8000000, 0x00000006c8800000|  0%| F|  |TAMS 0x00000006c8000000| PB 0x00000006c8000000| Untracked 
|1425|0x00000006c8800000, 0x00000006c8800000, 0x00000006c9000000|  0%| F|  |TAMS 0x00000006c8800000| PB 0x00000006c8800000| Untracked 
|1426|0x00000006c9000000, 0x00000006c9000000, 0x00000006c9800000|  0%| F|  |TAMS 0x00000006c9000000| PB 0x00000006c9000000| Untracked 
|1427|0x00000006c9800000, 0x00000006c9800000, 0x00000006ca000000|  0%| F|  |TAMS 0x00000006c9800000| PB 0x00000006c9800000| Untracked 
|1428|0x00000006ca000000, 0x00000006ca000000, 0x00000006ca800000|  0%| F|  |TAMS 0x00000006ca000000| PB 0x00000006ca000000| Untracked 
|1429|0x00000006ca800000, 0x00000006ca800000, 0x00000006cb000000|  0%| F|  |TAMS 0x00000006ca800000| PB 0x00000006ca800000| Untracked 
|1430|0x00000006cb000000, 0x00000006cb000000, 0x00000006cb800000|  0%| F|  |TAMS 0x00000006cb000000| PB 0x00000006cb000000| Untracked 
|1431|0x00000006cb800000, 0x00000006cb800000, 0x00000006cc000000|  0%| F|  |TAMS 0x00000006cb800000| PB 0x00000006cb800000| Untracked 
|1432|0x00000006cc000000, 0x00000006cc000000, 0x00000006cc800000|  0%| F|  |TAMS 0x00000006cc000000| PB 0x00000006cc000000| Untracked 
|1433|0x00000006cc800000, 0x00000006cc800000, 0x00000006cd000000|  0%| F|  |TAMS 0x00000006cc800000| PB 0x00000006cc800000| Untracked 
|1434|0x00000006cd000000, 0x00000006cd000000, 0x00000006cd800000|  0%| F|  |TAMS 0x00000006cd000000| PB 0x00000006cd000000| Untracked 
|1435|0x00000006cd800000, 0x00000006cd800000, 0x00000006ce000000|  0%| F|  |TAMS 0x00000006cd800000| PB 0x00000006cd800000| Untracked 
|1436|0x00000006ce000000, 0x00000006ce000000, 0x00000006ce800000|  0%| F|  |TAMS 0x00000006ce000000| PB 0x00000006ce000000| Untracked 
|1437|0x00000006ce800000, 0x00000006ce800000, 0x00000006cf000000|  0%| F|  |TAMS 0x00000006ce800000| PB 0x00000006ce800000| Untracked 
|1438|0x00000006cf000000, 0x00000006cf000000, 0x00000006cf800000|  0%| F|  |TAMS 0x00000006cf000000| PB 0x00000006cf000000| Untracked 
|1439|0x00000006cf800000, 0x00000006cf800000, 0x00000006d0000000|  0%| F|  |TAMS 0x00000006cf800000| PB 0x00000006cf800000| Untracked 
|1440|0x00000006d0000000, 0x00000006d0000000, 0x00000006d0800000|  0%| F|  |TAMS 0x00000006d0000000| PB 0x00000006d0000000| Untracked 
|1441|0x00000006d0800000, 0x00000006d0800000, 0x00000006d1000000|  0%| F|  |TAMS 0x00000006d0800000| PB 0x00000006d0800000| Untracked 
|1442|0x00000006d1000000, 0x00000006d1000000, 0x00000006d1800000|  0%| F|  |TAMS 0x00000006d1000000| PB 0x00000006d1000000| Untracked 
|1443|0x00000006d1800000, 0x00000006d1800000, 0x00000006d2000000|  0%| F|  |TAMS 0x00000006d1800000| PB 0x00000006d1800000| Untracked 
|1444|0x00000006d2000000, 0x00000006d2000000, 0x00000006d2800000|  0%| F|  |TAMS 0x00000006d2000000| PB 0x00000006d2000000| Untracked 
|1445|0x00000006d2800000, 0x00000006d2800000, 0x00000006d3000000|  0%| F|  |TAMS 0x00000006d2800000| PB 0x00000006d2800000| Untracked 
|1446|0x00000006d3000000, 0x00000006d3000000, 0x00000006d3800000|  0%| F|  |TAMS 0x00000006d3000000| PB 0x00000006d3000000| Untracked 
|1447|0x00000006d3800000, 0x00000006d3800000, 0x00000006d4000000|  0%| F|  |TAMS 0x00000006d3800000| PB 0x00000006d3800000| Untracked 
|1448|0x00000006d4000000, 0x00000006d4000000, 0x00000006d4800000|  0%| F|  |TAMS 0x00000006d4000000| PB 0x00000006d4000000| Untracked 
|1449|0x00000006d4800000, 0x00000006d4800000, 0x00000006d5000000|  0%| F|  |TAMS 0x00000006d4800000| PB 0x00000006d4800000| Untracked 
|1450|0x00000006d5000000, 0x00000006d5000000, 0x00000006d5800000|  0%| F|  |TAMS 0x00000006d5000000| PB 0x00000006d5000000| Untracked 
|1451|0x00000006d5800000, 0x00000006d5800000, 0x00000006d6000000|  0%| F|  |TAMS 0x00000006d5800000| PB 0x00000006d5800000| Untracked 
|1452|0x00000006d6000000, 0x00000006d6000000, 0x00000006d6800000|  0%| F|  |TAMS 0x00000006d6000000| PB 0x00000006d6000000| Untracked 
|1453|0x00000006d6800000, 0x00000006d6800000, 0x00000006d7000000|  0%| F|  |TAMS 0x00000006d6800000| PB 0x00000006d6800000| Untracked 
|1454|0x00000006d7000000, 0x00000006d7000000, 0x00000006d7800000|  0%| F|  |TAMS 0x00000006d7000000| PB 0x00000006d7000000| Untracked 
|1455|0x00000006d7800000, 0x00000006d7800000, 0x00000006d8000000|  0%| F|  |TAMS 0x00000006d7800000| PB 0x00000006d7800000| Untracked 
|1456|0x00000006d8000000, 0x00000006d8000000, 0x00000006d8800000|  0%| F|  |TAMS 0x00000006d8000000| PB 0x00000006d8000000| Untracked 
|1457|0x00000006d8800000, 0x00000006d8800000, 0x00000006d9000000|  0%| F|  |TAMS 0x00000006d8800000| PB 0x00000006d8800000| Untracked 
|1458|0x00000006d9000000, 0x00000006d9000000, 0x00000006d9800000|  0%| F|  |TAMS 0x00000006d9000000| PB 0x00000006d9000000| Untracked 
|1459|0x00000006d9800000, 0x00000006d9800000, 0x00000006da000000|  0%| F|  |TAMS 0x00000006d9800000| PB 0x00000006d9800000| Untracked 
|1460|0x00000006da000000, 0x00000006da000000, 0x00000006da800000|  0%| F|  |TAMS 0x00000006da000000| PB 0x00000006da000000| Untracked 
|1461|0x00000006da800000, 0x00000006da800000, 0x00000006db000000|  0%| F|  |TAMS 0x00000006da800000| PB 0x00000006da800000| Untracked 
|1462|0x00000006db000000, 0x00000006db000000, 0x00000006db800000|  0%| F|  |TAMS 0x00000006db000000| PB 0x00000006db000000| Untracked 
|1463|0x00000006db800000, 0x00000006db800000, 0x00000006dc000000|  0%| F|  |TAMS 0x00000006db800000| PB 0x00000006db800000| Untracked 
|1464|0x00000006dc000000, 0x00000006dc000000, 0x00000006dc800000|  0%| F|  |TAMS 0x00000006dc000000| PB 0x00000006dc000000| Untracked 
|1465|0x00000006dc800000, 0x00000006dc800000, 0x00000006dd000000|  0%| F|  |TAMS 0x00000006dc800000| PB 0x00000006dc800000| Untracked 
|1466|0x00000006dd000000, 0x00000006dd000000, 0x00000006dd800000|  0%| F|  |TAMS 0x00000006dd000000| PB 0x00000006dd000000| Untracked 
|1467|0x00000006dd800000, 0x00000006dd800000, 0x00000006de000000|  0%| F|  |TAMS 0x00000006dd800000| PB 0x00000006dd800000| Untracked 
|1468|0x00000006de000000, 0x00000006de000000, 0x00000006de800000|  0%| F|  |TAMS 0x00000006de000000| PB 0x00000006de000000| Untracked 
|1469|0x00000006de800000, 0x00000006de800000, 0x00000006df000000|  0%| F|  |TAMS 0x00000006de800000| PB 0x00000006de800000| Untracked 
|1470|0x00000006df000000, 0x00000006df000000, 0x00000006df800000|  0%| F|  |TAMS 0x00000006df000000| PB 0x00000006df000000| Untracked 
|1471|0x00000006df800000, 0x00000006df800000, 0x00000006e0000000|  0%| F|  |TAMS 0x00000006df800000| PB 0x00000006df800000| Untracked 
|1472|0x00000006e0000000, 0x00000006e0000000, 0x00000006e0800000|  0%| F|  |TAMS 0x00000006e0000000| PB 0x00000006e0000000| Untracked 
|1473|0x00000006e0800000, 0x00000006e0800000, 0x00000006e1000000|  0%| F|  |TAMS 0x00000006e0800000| PB 0x00000006e0800000| Untracked 
|1474|0x00000006e1000000, 0x00000006e1000000, 0x00000006e1800000|  0%| F|  |TAMS 0x00000006e1000000| PB 0x00000006e1000000| Untracked 
|1475|0x00000006e1800000, 0x00000006e1800000, 0x00000006e2000000|  0%| F|  |TAMS 0x00000006e1800000| PB 0x00000006e1800000| Untracked 
|1476|0x00000006e2000000, 0x00000006e2000000, 0x00000006e2800000|  0%| F|  |TAMS 0x00000006e2000000| PB 0x00000006e2000000| Untracked 
|1477|0x00000006e2800000, 0x00000006e2800000, 0x00000006e3000000|  0%| F|  |TAMS 0x00000006e2800000| PB 0x00000006e2800000| Untracked 
|1478|0x00000006e3000000, 0x00000006e3000000, 0x00000006e3800000|  0%| F|  |TAMS 0x00000006e3000000| PB 0x00000006e3000000| Untracked 
|1479|0x00000006e3800000, 0x00000006e3800000, 0x00000006e4000000|  0%| F|  |TAMS 0x00000006e3800000| PB 0x00000006e3800000| Untracked 
|1480|0x00000006e4000000, 0x00000006e4000000, 0x00000006e4800000|  0%| F|  |TAMS 0x00000006e4000000| PB 0x00000006e4000000| Untracked 
|1481|0x00000006e4800000, 0x00000006e4800000, 0x00000006e5000000|  0%| F|  |TAMS 0x00000006e4800000| PB 0x00000006e4800000| Untracked 
|1482|0x00000006e5000000, 0x00000006e5000000, 0x00000006e5800000|  0%| F|  |TAMS 0x00000006e5000000| PB 0x00000006e5000000| Untracked 
|1483|0x00000006e5800000, 0x00000006e5800000, 0x00000006e6000000|  0%| F|  |TAMS 0x00000006e5800000| PB 0x00000006e5800000| Untracked 
|1484|0x00000006e6000000, 0x00000006e6000000, 0x00000006e6800000|  0%| F|  |TAMS 0x00000006e6000000| PB 0x00000006e6000000| Untracked 
|1485|0x00000006e6800000, 0x00000006e6800000, 0x00000006e7000000|  0%| F|  |TAMS 0x00000006e6800000| PB 0x00000006e6800000| Untracked 
|1486|0x00000006e7000000, 0x00000006e7000000, 0x00000006e7800000|  0%| F|  |TAMS 0x00000006e7000000| PB 0x00000006e7000000| Untracked 
|1487|0x00000006e7800000, 0x00000006e7800000, 0x00000006e8000000|  0%| F|  |TAMS 0x00000006e7800000| PB 0x00000006e7800000| Untracked 
|1488|0x00000006e8000000, 0x00000006e8000000, 0x00000006e8800000|  0%| F|  |TAMS 0x00000006e8000000| PB 0x00000006e8000000| Untracked 
|1489|0x00000006e8800000, 0x00000006e8800000, 0x00000006e9000000|  0%| F|  |TAMS 0x00000006e8800000| PB 0x00000006e8800000| Untracked 
|1490|0x00000006e9000000, 0x00000006e9000000, 0x00000006e9800000|  0%| F|  |TAMS 0x00000006e9000000| PB 0x00000006e9000000| Untracked 
|1491|0x00000006e9800000, 0x00000006e9800000, 0x00000006ea000000|  0%| F|  |TAMS 0x00000006e9800000| PB 0x00000006e9800000| Untracked 
|1492|0x00000006ea000000, 0x00000006ea000000, 0x00000006ea800000|  0%| F|  |TAMS 0x00000006ea000000| PB 0x00000006ea000000| Untracked 
|1493|0x00000006ea800000, 0x00000006ea800000, 0x00000006eb000000|  0%| F|  |TAMS 0x00000006ea800000| PB 0x00000006ea800000| Untracked 
|1494|0x00000006eb000000, 0x00000006eb000000, 0x00000006eb800000|  0%| F|  |TAMS 0x00000006eb000000| PB 0x00000006eb000000| Untracked 
|1495|0x00000006eb800000, 0x00000006eb800000, 0x00000006ec000000|  0%| F|  |TAMS 0x00000006eb800000| PB 0x00000006eb800000| Untracked 
|1496|0x00000006ec000000, 0x00000006ec000000, 0x00000006ec800000|  0%| F|  |TAMS 0x00000006ec000000| PB 0x00000006ec000000| Untracked 
|1497|0x00000006ec800000, 0x00000006ec800000, 0x00000006ed000000|  0%| F|  |TAMS 0x00000006ec800000| PB 0x00000006ec800000| Untracked 
|1498|0x00000006ed000000, 0x00000006ed000000, 0x00000006ed800000|  0%| F|  |TAMS 0x00000006ed000000| PB 0x00000006ed000000| Untracked 
|1499|0x00000006ed800000, 0x00000006ed800000, 0x00000006ee000000|  0%| F|  |TAMS 0x00000006ed800000| PB 0x00000006ed800000| Untracked 
|1500|0x00000006ee000000, 0x00000006ee000000, 0x00000006ee800000|  0%| F|  |TAMS 0x00000006ee000000| PB 0x00000006ee000000| Untracked 
|1501|0x00000006ee800000, 0x00000006ee800000, 0x00000006ef000000|  0%| F|  |TAMS 0x00000006ee800000| PB 0x00000006ee800000| Untracked 
|1502|0x00000006ef000000, 0x00000006ef000000, 0x00000006ef800000|  0%| F|  |TAMS 0x00000006ef000000| PB 0x00000006ef000000| Untracked 
|1503|0x00000006ef800000, 0x00000006ef800000, 0x00000006f0000000|  0%| F|  |TAMS 0x00000006ef800000| PB 0x00000006ef800000| Untracked 
|1504|0x00000006f0000000, 0x00000006f0000000, 0x00000006f0800000|  0%| F|  |TAMS 0x00000006f0000000| PB 0x00000006f0000000| Untracked 
|1505|0x00000006f0800000, 0x00000006f0800000, 0x00000006f1000000|  0%| F|  |TAMS 0x00000006f0800000| PB 0x00000006f0800000| Untracked 
|1506|0x00000006f1000000, 0x00000006f1000000, 0x00000006f1800000|  0%| F|  |TAMS 0x00000006f1000000| PB 0x00000006f1000000| Untracked 
|1507|0x00000006f1800000, 0x00000006f1800000, 0x00000006f2000000|  0%| F|  |TAMS 0x00000006f1800000| PB 0x00000006f1800000| Untracked 
|1508|0x00000006f2000000, 0x00000006f2000000, 0x00000006f2800000|  0%| F|  |TAMS 0x00000006f2000000| PB 0x00000006f2000000| Untracked 
|1509|0x00000006f2800000, 0x00000006f2800000, 0x00000006f3000000|  0%| F|  |TAMS 0x00000006f2800000| PB 0x00000006f2800000| Untracked 
|1510|0x00000006f3000000, 0x00000006f3000000, 0x00000006f3800000|  0%| F|  |TAMS 0x00000006f3000000| PB 0x00000006f3000000| Untracked 
|1511|0x00000006f3800000, 0x00000006f3800000, 0x00000006f4000000|  0%| F|  |TAMS 0x00000006f3800000| PB 0x00000006f3800000| Untracked 
|1512|0x00000006f4000000, 0x00000006f4000000, 0x00000006f4800000|  0%| F|  |TAMS 0x00000006f4000000| PB 0x00000006f4000000| Untracked 
|1513|0x00000006f4800000, 0x00000006f4800000, 0x00000006f5000000|  0%| F|  |TAMS 0x00000006f4800000| PB 0x00000006f4800000| Untracked 
|1514|0x00000006f5000000, 0x00000006f5000000, 0x00000006f5800000|  0%| F|  |TAMS 0x00000006f5000000| PB 0x00000006f5000000| Untracked 
|1515|0x00000006f5800000, 0x00000006f5800000, 0x00000006f6000000|  0%| F|  |TAMS 0x00000006f5800000| PB 0x00000006f5800000| Untracked 
|1516|0x00000006f6000000, 0x00000006f6000000, 0x00000006f6800000|  0%| F|  |TAMS 0x00000006f6000000| PB 0x00000006f6000000| Untracked 
|1517|0x00000006f6800000, 0x00000006f6800000, 0x00000006f7000000|  0%| F|  |TAMS 0x00000006f6800000| PB 0x00000006f6800000| Untracked 
|1518|0x00000006f7000000, 0x00000006f7000000, 0x00000006f7800000|  0%| F|  |TAMS 0x00000006f7000000| PB 0x00000006f7000000| Untracked 
|1519|0x00000006f7800000, 0x00000006f7800000, 0x00000006f8000000|  0%| F|  |TAMS 0x00000006f7800000| PB 0x00000006f7800000| Untracked 
|1520|0x00000006f8000000, 0x00000006f8000000, 0x00000006f8800000|  0%| F|  |TAMS 0x00000006f8000000| PB 0x00000006f8000000| Untracked 
|1521|0x00000006f8800000, 0x00000006f8800000, 0x00000006f9000000|  0%| F|  |TAMS 0x00000006f8800000| PB 0x00000006f8800000| Untracked 
|1522|0x00000006f9000000, 0x00000006f9000000, 0x00000006f9800000|  0%| F|  |TAMS 0x00000006f9000000| PB 0x00000006f9000000| Untracked 
|1523|0x00000006f9800000, 0x00000006f9800000, 0x00000006fa000000|  0%| F|  |TAMS 0x00000006f9800000| PB 0x00000006f9800000| Untracked 
|1524|0x00000006fa000000, 0x00000006fa000000, 0x00000006fa800000|  0%| F|  |TAMS 0x00000006fa000000| PB 0x00000006fa000000| Untracked 
|1525|0x00000006fa800000, 0x00000006fa800000, 0x00000006fb000000|  0%| F|  |TAMS 0x00000006fa800000| PB 0x00000006fa800000| Untracked 
|1526|0x00000006fb000000, 0x00000006fb000000, 0x00000006fb800000|  0%| F|  |TAMS 0x00000006fb000000| PB 0x00000006fb000000| Untracked 
|1527|0x00000006fb800000, 0x00000006fb800000, 0x00000006fc000000|  0%| F|  |TAMS 0x00000006fb800000| PB 0x00000006fb800000| Untracked 
|1528|0x00000006fc000000, 0x00000006fc000000, 0x00000006fc800000|  0%| F|  |TAMS 0x00000006fc000000| PB 0x00000006fc000000| Untracked 
|1529|0x00000006fc800000, 0x00000006fc800000, 0x00000006fd000000|  0%| F|  |TAMS 0x00000006fc800000| PB 0x00000006fc800000| Untracked 
|1530|0x00000006fd000000, 0x00000006fd000000, 0x00000006fd800000|  0%| F|  |TAMS 0x00000006fd000000| PB 0x00000006fd000000| Untracked 
|1531|0x00000006fd800000, 0x00000006fd800000, 0x00000006fe000000|  0%| F|  |TAMS 0x00000006fd800000| PB 0x00000006fd800000| Untracked 
|1532|0x00000006fe000000, 0x00000006fe000000, 0x00000006fe800000|  0%| F|  |TAMS 0x00000006fe000000| PB 0x00000006fe000000| Untracked 
|1533|0x00000006fe800000, 0x00000006fe800000, 0x00000006ff000000|  0%| F|  |TAMS 0x00000006fe800000| PB 0x00000006fe800000| Untracked 
|1534|0x00000006ff000000, 0x00000006ff000000, 0x00000006ff800000|  0%| F|  |TAMS 0x00000006ff000000| PB 0x00000006ff000000| Untracked 
|1535|0x00000006ff800000, 0x00000006ff800000, 0x0000000700000000|  0%| F|  |TAMS 0x00000006ff800000| PB 0x00000006ff800000| Untracked 
|1536|0x0000000700000000, 0x0000000700000000, 0x0000000700800000|  0%| F|  |TAMS 0x0000000700000000| PB 0x0000000700000000| Untracked 
|1537|0x0000000700800000, 0x0000000700800000, 0x0000000701000000|  0%| F|  |TAMS 0x0000000700800000| PB 0x0000000700800000| Untracked 
|1538|0x0000000701000000, 0x0000000701000000, 0x0000000701800000|  0%| F|  |TAMS 0x0000000701000000| PB 0x0000000701000000| Untracked 
|1539|0x0000000701800000, 0x0000000701800000, 0x0000000702000000|  0%| F|  |TAMS 0x0000000701800000| PB 0x0000000701800000| Untracked 
|1540|0x0000000702000000, 0x0000000702000000, 0x0000000702800000|  0%| F|  |TAMS 0x0000000702000000| PB 0x0000000702000000| Untracked 
|1541|0x0000000702800000, 0x0000000702800000, 0x0000000703000000|  0%| F|  |TAMS 0x0000000702800000| PB 0x0000000702800000| Untracked 
|1542|0x0000000703000000, 0x0000000703000000, 0x0000000703800000|  0%| F|  |TAMS 0x0000000703000000| PB 0x0000000703000000| Untracked 
|1543|0x0000000703800000, 0x0000000703800000, 0x0000000704000000|  0%| F|  |TAMS 0x0000000703800000| PB 0x0000000703800000| Untracked 
|1544|0x0000000704000000, 0x0000000704000000, 0x0000000704800000|  0%| F|  |TAMS 0x0000000704000000| PB 0x0000000704000000| Untracked 
|1545|0x0000000704800000, 0x0000000704800000, 0x0000000705000000|  0%| F|  |TAMS 0x0000000704800000| PB 0x0000000704800000| Untracked 
|1546|0x0000000705000000, 0x0000000705000000, 0x0000000705800000|  0%| F|  |TAMS 0x0000000705000000| PB 0x0000000705000000| Untracked 
|1547|0x0000000705800000, 0x0000000705800000, 0x0000000706000000|  0%| F|  |TAMS 0x0000000705800000| PB 0x0000000705800000| Untracked 
|1548|0x0000000706000000, 0x0000000706000000, 0x0000000706800000|  0%| F|  |TAMS 0x0000000706000000| PB 0x0000000706000000| Untracked 
|1549|0x0000000706800000, 0x0000000706800000, 0x0000000707000000|  0%| F|  |TAMS 0x0000000706800000| PB 0x0000000706800000| Untracked 
|1550|0x0000000707000000, 0x0000000707000000, 0x0000000707800000|  0%| F|  |TAMS 0x0000000707000000| PB 0x0000000707000000| Untracked 
|1551|0x0000000707800000, 0x0000000707800000, 0x0000000708000000|  0%| F|  |TAMS 0x0000000707800000| PB 0x0000000707800000| Untracked 
|1552|0x0000000708000000, 0x0000000708000000, 0x0000000708800000|  0%| F|  |TAMS 0x0000000708000000| PB 0x0000000708000000| Untracked 
|1553|0x0000000708800000, 0x0000000708800000, 0x0000000709000000|  0%| F|  |TAMS 0x0000000708800000| PB 0x0000000708800000| Untracked 
|1554|0x0000000709000000, 0x0000000709000000, 0x0000000709800000|  0%| F|  |TAMS 0x0000000709000000| PB 0x0000000709000000| Untracked 
|1555|0x0000000709800000, 0x0000000709800000, 0x000000070a000000|  0%| F|  |TAMS 0x0000000709800000| PB 0x0000000709800000| Untracked 
|1556|0x000000070a000000, 0x000000070a000000, 0x000000070a800000|  0%| F|  |TAMS 0x000000070a000000| PB 0x000000070a000000| Untracked 
|1557|0x000000070a800000, 0x000000070a800000, 0x000000070b000000|  0%| F|  |TAMS 0x000000070a800000| PB 0x000000070a800000| Untracked 
|1558|0x000000070b000000, 0x000000070b000000, 0x000000070b800000|  0%| F|  |TAMS 0x000000070b000000| PB 0x000000070b000000| Untracked 
|1559|0x000000070b800000, 0x000000070b800000, 0x000000070c000000|  0%| F|  |TAMS 0x000000070b800000| PB 0x000000070b800000| Untracked 
|1560|0x000000070c000000, 0x000000070c000000, 0x000000070c800000|  0%| F|  |TAMS 0x000000070c000000| PB 0x000000070c000000| Untracked 
|1561|0x000000070c800000, 0x000000070c800000, 0x000000070d000000|  0%| F|  |TAMS 0x000000070c800000| PB 0x000000070c800000| Untracked 
|1562|0x000000070d000000, 0x000000070d000000, 0x000000070d800000|  0%| F|  |TAMS 0x000000070d000000| PB 0x000000070d000000| Untracked 
|1563|0x000000070d800000, 0x000000070d800000, 0x000000070e000000|  0%| F|  |TAMS 0x000000070d800000| PB 0x000000070d800000| Untracked 
|1564|0x000000070e000000, 0x000000070e000000, 0x000000070e800000|  0%| F|  |TAMS 0x000000070e000000| PB 0x000000070e000000| Untracked 
|1565|0x000000070e800000, 0x000000070e800000, 0x000000070f000000|  0%| F|  |TAMS 0x000000070e800000| PB 0x000000070e800000| Untracked 
|1566|0x000000070f000000, 0x000000070f000000, 0x000000070f800000|  0%| F|  |TAMS 0x000000070f000000| PB 0x000000070f000000| Untracked 
|1567|0x000000070f800000, 0x000000070f800000, 0x0000000710000000|  0%| F|  |TAMS 0x000000070f800000| PB 0x000000070f800000| Untracked 
|1568|0x0000000710000000, 0x0000000710000000, 0x0000000710800000|  0%| F|  |TAMS 0x0000000710000000| PB 0x0000000710000000| Untracked 
|1569|0x0000000710800000, 0x0000000710800000, 0x0000000711000000|  0%| F|  |TAMS 0x0000000710800000| PB 0x0000000710800000| Untracked 
|1570|0x0000000711000000, 0x0000000711000000, 0x0000000711800000|  0%| F|  |TAMS 0x0000000711000000| PB 0x0000000711000000| Untracked 
|1571|0x0000000711800000, 0x0000000711800000, 0x0000000712000000|  0%| F|  |TAMS 0x0000000711800000| PB 0x0000000711800000| Untracked 
|1572|0x0000000712000000, 0x0000000712000000, 0x0000000712800000|  0%| F|  |TAMS 0x0000000712000000| PB 0x0000000712000000| Untracked 
|1573|0x0000000712800000, 0x0000000712800000, 0x0000000713000000|  0%| F|  |TAMS 0x0000000712800000| PB 0x0000000712800000| Untracked 
|1574|0x0000000713000000, 0x0000000713000000, 0x0000000713800000|  0%| F|  |TAMS 0x0000000713000000| PB 0x0000000713000000| Untracked 
|1575|0x0000000713800000, 0x0000000713800000, 0x0000000714000000|  0%| F|  |TAMS 0x0000000713800000| PB 0x0000000713800000| Untracked 
|1576|0x0000000714000000, 0x0000000714000000, 0x0000000714800000|  0%| F|  |TAMS 0x0000000714000000| PB 0x0000000714000000| Untracked 
|1577|0x0000000714800000, 0x0000000714800000, 0x0000000715000000|  0%| F|  |TAMS 0x0000000714800000| PB 0x0000000714800000| Untracked 
|1578|0x0000000715000000, 0x0000000715000000, 0x0000000715800000|  0%| F|  |TAMS 0x0000000715000000| PB 0x0000000715000000| Untracked 
|1579|0x0000000715800000, 0x0000000715800000, 0x0000000716000000|  0%| F|  |TAMS 0x0000000715800000| PB 0x0000000715800000| Untracked 
|1580|0x0000000716000000, 0x0000000716000000, 0x0000000716800000|  0%| F|  |TAMS 0x0000000716000000| PB 0x0000000716000000| Untracked 
|1581|0x0000000716800000, 0x0000000716800000, 0x0000000717000000|  0%| F|  |TAMS 0x0000000716800000| PB 0x0000000716800000| Untracked 
|1582|0x0000000717000000, 0x0000000717000000, 0x0000000717800000|  0%| F|  |TAMS 0x0000000717000000| PB 0x0000000717000000| Untracked 
|1583|0x0000000717800000, 0x0000000717800000, 0x0000000718000000|  0%| F|  |TAMS 0x0000000717800000| PB 0x0000000717800000| Untracked 
|1584|0x0000000718000000, 0x0000000718000000, 0x0000000718800000|  0%| F|  |TAMS 0x0000000718000000| PB 0x0000000718000000| Untracked 
|1585|0x0000000718800000, 0x0000000718800000, 0x0000000719000000|  0%| F|  |TAMS 0x0000000718800000| PB 0x0000000718800000| Untracked 
|1586|0x0000000719000000, 0x0000000719000000, 0x0000000719800000|  0%| F|  |TAMS 0x0000000719000000| PB 0x0000000719000000| Untracked 
|1587|0x0000000719800000, 0x0000000719800000, 0x000000071a000000|  0%| F|  |TAMS 0x0000000719800000| PB 0x0000000719800000| Untracked 
|1588|0x000000071a000000, 0x000000071a000000, 0x000000071a800000|  0%| F|  |TAMS 0x000000071a000000| PB 0x000000071a000000| Untracked 
|1589|0x000000071a800000, 0x000000071a800000, 0x000000071b000000|  0%| F|  |TAMS 0x000000071a800000| PB 0x000000071a800000| Untracked 
|1590|0x000000071b000000, 0x000000071b000000, 0x000000071b800000|  0%| F|  |TAMS 0x000000071b000000| PB 0x000000071b000000| Untracked 
|1591|0x000000071b800000, 0x000000071b800000, 0x000000071c000000|  0%| F|  |TAMS 0x000000071b800000| PB 0x000000071b800000| Untracked 
|1592|0x000000071c000000, 0x000000071c000000, 0x000000071c800000|  0%| F|  |TAMS 0x000000071c000000| PB 0x000000071c000000| Untracked 
|1593|0x000000071c800000, 0x000000071c800000, 0x000000071d000000|  0%| F|  |TAMS 0x000000071c800000| PB 0x000000071c800000| Untracked 
|1594|0x000000071d000000, 0x000000071d000000, 0x000000071d800000|  0%| F|  |TAMS 0x000000071d000000| PB 0x000000071d000000| Untracked 
|1595|0x000000071d800000, 0x000000071d800000, 0x000000071e000000|  0%| F|  |TAMS 0x000000071d800000| PB 0x000000071d800000| Untracked 
|1596|0x000000071e000000, 0x000000071e000000, 0x000000071e800000|  0%| F|  |TAMS 0x000000071e000000| PB 0x000000071e000000| Untracked 
|1597|0x000000071e800000, 0x000000071e800000, 0x000000071f000000|  0%| F|  |TAMS 0x000000071e800000| PB 0x000000071e800000| Untracked 
|1598|0x000000071f000000, 0x000000071f000000, 0x000000071f800000|  0%| F|  |TAMS 0x000000071f000000| PB 0x000000071f000000| Untracked 
|1599|0x000000071f800000, 0x000000071f800000, 0x0000000720000000|  0%| F|  |TAMS 0x000000071f800000| PB 0x000000071f800000| Untracked 
|1600|0x0000000720000000, 0x0000000720000000, 0x0000000720800000|  0%| F|  |TAMS 0x0000000720000000| PB 0x0000000720000000| Untracked 
|1601|0x0000000720800000, 0x0000000720800000, 0x0000000721000000|  0%| F|  |TAMS 0x0000000720800000| PB 0x0000000720800000| Untracked 
|1602|0x0000000721000000, 0x0000000721000000, 0x0000000721800000|  0%| F|  |TAMS 0x0000000721000000| PB 0x0000000721000000| Untracked 
|1603|0x0000000721800000, 0x0000000721800000, 0x0000000722000000|  0%| F|  |TAMS 0x0000000721800000| PB 0x0000000721800000| Untracked 
|1604|0x0000000722000000, 0x0000000722000000, 0x0000000722800000|  0%| F|  |TAMS 0x0000000722000000| PB 0x0000000722000000| Untracked 
|1605|0x0000000722800000, 0x0000000722800000, 0x0000000723000000|  0%| F|  |TAMS 0x0000000722800000| PB 0x0000000722800000| Untracked 
|1606|0x0000000723000000, 0x0000000723000000, 0x0000000723800000|  0%| F|  |TAMS 0x0000000723000000| PB 0x0000000723000000| Untracked 
|1607|0x0000000723800000, 0x0000000723800000, 0x0000000724000000|  0%| F|  |TAMS 0x0000000723800000| PB 0x0000000723800000| Untracked 
|1608|0x0000000724000000, 0x0000000724000000, 0x0000000724800000|  0%| F|  |TAMS 0x0000000724000000| PB 0x0000000724000000| Untracked 
|1609|0x0000000724800000, 0x0000000724800000, 0x0000000725000000|  0%| F|  |TAMS 0x0000000724800000| PB 0x0000000724800000| Untracked 
|1610|0x0000000725000000, 0x0000000725000000, 0x0000000725800000|  0%| F|  |TAMS 0x0000000725000000| PB 0x0000000725000000| Untracked 
|1611|0x0000000725800000, 0x0000000725800000, 0x0000000726000000|  0%| F|  |TAMS 0x0000000725800000| PB 0x0000000725800000| Untracked 
|1612|0x0000000726000000, 0x0000000726000000, 0x0000000726800000|  0%| F|  |TAMS 0x0000000726000000| PB 0x0000000726000000| Untracked 
|1613|0x0000000726800000, 0x0000000726800000, 0x0000000727000000|  0%| F|  |TAMS 0x0000000726800000| PB 0x0000000726800000| Untracked 
|1614|0x0000000727000000, 0x0000000727000000, 0x0000000727800000|  0%| F|  |TAMS 0x0000000727000000| PB 0x0000000727000000| Untracked 
|1615|0x0000000727800000, 0x0000000727800000, 0x0000000728000000|  0%| F|  |TAMS 0x0000000727800000| PB 0x0000000727800000| Untracked 
|1616|0x0000000728000000, 0x0000000728000000, 0x0000000728800000|  0%| F|  |TAMS 0x0000000728000000| PB 0x0000000728000000| Untracked 
|1617|0x0000000728800000, 0x0000000728800000, 0x0000000729000000|  0%| F|  |TAMS 0x0000000728800000| PB 0x0000000728800000| Untracked 
|1618|0x0000000729000000, 0x0000000729000000, 0x0000000729800000|  0%| F|  |TAMS 0x0000000729000000| PB 0x0000000729000000| Untracked 
|1619|0x0000000729800000, 0x0000000729800000, 0x000000072a000000|  0%| F|  |TAMS 0x0000000729800000| PB 0x0000000729800000| Untracked 
|1620|0x000000072a000000, 0x000000072a000000, 0x000000072a800000|  0%| F|  |TAMS 0x000000072a000000| PB 0x000000072a000000| Untracked 
|1621|0x000000072a800000, 0x000000072a800000, 0x000000072b000000|  0%| F|  |TAMS 0x000000072a800000| PB 0x000000072a800000| Untracked 
|1622|0x000000072b000000, 0x000000072b000000, 0x000000072b800000|  0%| F|  |TAMS 0x000000072b000000| PB 0x000000072b000000| Untracked 
|1623|0x000000072b800000, 0x000000072b800000, 0x000000072c000000|  0%| F|  |TAMS 0x000000072b800000| PB 0x000000072b800000| Untracked 
|1624|0x000000072c000000, 0x000000072c000000, 0x000000072c800000|  0%| F|  |TAMS 0x000000072c000000| PB 0x000000072c000000| Untracked 
|1625|0x000000072c800000, 0x000000072c800000, 0x000000072d000000|  0%| F|  |TAMS 0x000000072c800000| PB 0x000000072c800000| Untracked 
|1626|0x000000072d000000, 0x000000072d000000, 0x000000072d800000|  0%| F|  |TAMS 0x000000072d000000| PB 0x000000072d000000| Untracked 
|1627|0x000000072d800000, 0x000000072d800000, 0x000000072e000000|  0%| F|  |TAMS 0x000000072d800000| PB 0x000000072d800000| Untracked 
|1628|0x000000072e000000, 0x000000072e000000, 0x000000072e800000|  0%| F|  |TAMS 0x000000072e000000| PB 0x000000072e000000| Untracked 
|1629|0x000000072e800000, 0x000000072e800000, 0x000000072f000000|  0%| F|  |TAMS 0x000000072e800000| PB 0x000000072e800000| Untracked 
|1630|0x000000072f000000, 0x000000072f000000, 0x000000072f800000|  0%| F|  |TAMS 0x000000072f000000| PB 0x000000072f000000| Untracked 
|1631|0x000000072f800000, 0x000000072f800000, 0x0000000730000000|  0%| F|  |TAMS 0x000000072f800000| PB 0x000000072f800000| Untracked 
|1632|0x0000000730000000, 0x0000000730000000, 0x0000000730800000|  0%| F|  |TAMS 0x0000000730000000| PB 0x0000000730000000| Untracked 
|1633|0x0000000730800000, 0x0000000730800000, 0x0000000731000000|  0%| F|  |TAMS 0x0000000730800000| PB 0x0000000730800000| Untracked 
|1634|0x0000000731000000, 0x0000000731000000, 0x0000000731800000|  0%| F|  |TAMS 0x0000000731000000| PB 0x0000000731000000| Untracked 
|1635|0x0000000731800000, 0x0000000731800000, 0x0000000732000000|  0%| F|  |TAMS 0x0000000731800000| PB 0x0000000731800000| Untracked 
|1636|0x0000000732000000, 0x0000000732000000, 0x0000000732800000|  0%| F|  |TAMS 0x0000000732000000| PB 0x0000000732000000| Untracked 
|1637|0x0000000732800000, 0x0000000732800000, 0x0000000733000000|  0%| F|  |TAMS 0x0000000732800000| PB 0x0000000732800000| Untracked 
|1638|0x0000000733000000, 0x0000000733000000, 0x0000000733800000|  0%| F|  |TAMS 0x0000000733000000| PB 0x0000000733000000| Untracked 
|1639|0x0000000733800000, 0x0000000733800000, 0x0000000734000000|  0%| F|  |TAMS 0x0000000733800000| PB 0x0000000733800000| Untracked 
|1640|0x0000000734000000, 0x0000000734000000, 0x0000000734800000|  0%| F|  |TAMS 0x0000000734000000| PB 0x0000000734000000| Untracked 
|1641|0x0000000734800000, 0x0000000734800000, 0x0000000735000000|  0%| F|  |TAMS 0x0000000734800000| PB 0x0000000734800000| Untracked 
|1642|0x0000000735000000, 0x0000000735000000, 0x0000000735800000|  0%| F|  |TAMS 0x0000000735000000| PB 0x0000000735000000| Untracked 
|1643|0x0000000735800000, 0x0000000735800000, 0x0000000736000000|  0%| F|  |TAMS 0x0000000735800000| PB 0x0000000735800000| Untracked 
|1644|0x0000000736000000, 0x0000000736000000, 0x0000000736800000|  0%| F|  |TAMS 0x0000000736000000| PB 0x0000000736000000| Untracked 
|1645|0x0000000736800000, 0x0000000736800000, 0x0000000737000000|  0%| F|  |TAMS 0x0000000736800000| PB 0x0000000736800000| Untracked 
|1646|0x0000000737000000, 0x0000000737000000, 0x0000000737800000|  0%| F|  |TAMS 0x0000000737000000| PB 0x0000000737000000| Untracked 
|1647|0x0000000737800000, 0x0000000737800000, 0x0000000738000000|  0%| F|  |TAMS 0x0000000737800000| PB 0x0000000737800000| Untracked 
|1648|0x0000000738000000, 0x0000000738000000, 0x0000000738800000|  0%| F|  |TAMS 0x0000000738000000| PB 0x0000000738000000| Untracked 
|1649|0x0000000738800000, 0x0000000738800000, 0x0000000739000000|  0%| F|  |TAMS 0x0000000738800000| PB 0x0000000738800000| Untracked 
|1650|0x0000000739000000, 0x0000000739000000, 0x0000000739800000|  0%| F|  |TAMS 0x0000000739000000| PB 0x0000000739000000| Untracked 
|1651|0x0000000739800000, 0x0000000739800000, 0x000000073a000000|  0%| F|  |TAMS 0x0000000739800000| PB 0x0000000739800000| Untracked 
|1652|0x000000073a000000, 0x000000073a000000, 0x000000073a800000|  0%| F|  |TAMS 0x000000073a000000| PB 0x000000073a000000| Untracked 
|1653|0x000000073a800000, 0x000000073a800000, 0x000000073b000000|  0%| F|  |TAMS 0x000000073a800000| PB 0x000000073a800000| Untracked 
|1654|0x000000073b000000, 0x000000073b000000, 0x000000073b800000|  0%| F|  |TAMS 0x000000073b000000| PB 0x000000073b000000| Untracked 
|1655|0x000000073b800000, 0x000000073b800000, 0x000000073c000000|  0%| F|  |TAMS 0x000000073b800000| PB 0x000000073b800000| Untracked 
|1656|0x000000073c000000, 0x000000073c000000, 0x000000073c800000|  0%| F|  |TAMS 0x000000073c000000| PB 0x000000073c000000| Untracked 
|1657|0x000000073c800000, 0x000000073c800000, 0x000000073d000000|  0%| F|  |TAMS 0x000000073c800000| PB 0x000000073c800000| Untracked 
|1658|0x000000073d000000, 0x000000073d000000, 0x000000073d800000|  0%| F|  |TAMS 0x000000073d000000| PB 0x000000073d000000| Untracked 
|1659|0x000000073d800000, 0x000000073d800000, 0x000000073e000000|  0%| F|  |TAMS 0x000000073d800000| PB 0x000000073d800000| Untracked 
|1660|0x000000073e000000, 0x000000073e000000, 0x000000073e800000|  0%| F|  |TAMS 0x000000073e000000| PB 0x000000073e000000| Untracked 
|1661|0x000000073e800000, 0x000000073e800000, 0x000000073f000000|  0%| F|  |TAMS 0x000000073e800000| PB 0x000000073e800000| Untracked 
|1662|0x000000073f000000, 0x000000073f000000, 0x000000073f800000|  0%| F|  |TAMS 0x000000073f000000| PB 0x000000073f000000| Untracked 
|1663|0x000000073f800000, 0x000000073f800000, 0x0000000740000000|  0%| F|  |TAMS 0x000000073f800000| PB 0x000000073f800000| Untracked 
|1664|0x0000000740000000, 0x0000000740000000, 0x0000000740800000|  0%| F|  |TAMS 0x0000000740000000| PB 0x0000000740000000| Untracked 
|1665|0x0000000740800000, 0x0000000740800000, 0x0000000741000000|  0%| F|  |TAMS 0x0000000740800000| PB 0x0000000740800000| Untracked 
|1666|0x0000000741000000, 0x0000000741000000, 0x0000000741800000|  0%| F|  |TAMS 0x0000000741000000| PB 0x0000000741000000| Untracked 
|1667|0x0000000741800000, 0x0000000741800000, 0x0000000742000000|  0%| F|  |TAMS 0x0000000741800000| PB 0x0000000741800000| Untracked 
|1668|0x0000000742000000, 0x0000000742000000, 0x0000000742800000|  0%| F|  |TAMS 0x0000000742000000| PB 0x0000000742000000| Untracked 
|1669|0x0000000742800000, 0x0000000742800000, 0x0000000743000000|  0%| F|  |TAMS 0x0000000742800000| PB 0x0000000742800000| Untracked 
|1670|0x0000000743000000, 0x0000000743000000, 0x0000000743800000|  0%| F|  |TAMS 0x0000000743000000| PB 0x0000000743000000| Untracked 
|1671|0x0000000743800000, 0x0000000743800000, 0x0000000744000000|  0%| F|  |TAMS 0x0000000743800000| PB 0x0000000743800000| Untracked 
|1672|0x0000000744000000, 0x0000000744000000, 0x0000000744800000|  0%| F|  |TAMS 0x0000000744000000| PB 0x0000000744000000| Untracked 
|1673|0x0000000744800000, 0x0000000744800000, 0x0000000745000000|  0%| F|  |TAMS 0x0000000744800000| PB 0x0000000744800000| Untracked 
|1674|0x0000000745000000, 0x0000000745000000, 0x0000000745800000|  0%| F|  |TAMS 0x0000000745000000| PB 0x0000000745000000| Untracked 
|1675|0x0000000745800000, 0x0000000745800000, 0x0000000746000000|  0%| F|  |TAMS 0x0000000745800000| PB 0x0000000745800000| Untracked 
|1676|0x0000000746000000, 0x0000000746000000, 0x0000000746800000|  0%| F|  |TAMS 0x0000000746000000| PB 0x0000000746000000| Untracked 
|1677|0x0000000746800000, 0x0000000746800000, 0x0000000747000000|  0%| F|  |TAMS 0x0000000746800000| PB 0x0000000746800000| Untracked 
|1678|0x0000000747000000, 0x0000000747000000, 0x0000000747800000|  0%| F|  |TAMS 0x0000000747000000| PB 0x0000000747000000| Untracked 
|1679|0x0000000747800000, 0x0000000747800000, 0x0000000748000000|  0%| F|  |TAMS 0x0000000747800000| PB 0x0000000747800000| Untracked 
|1680|0x0000000748000000, 0x0000000748000000, 0x0000000748800000|  0%| F|  |TAMS 0x0000000748000000| PB 0x0000000748000000| Untracked 
|1681|0x0000000748800000, 0x0000000748800000, 0x0000000749000000|  0%| F|  |TAMS 0x0000000748800000| PB 0x0000000748800000| Untracked 
|1682|0x0000000749000000, 0x0000000749000000, 0x0000000749800000|  0%| F|  |TAMS 0x0000000749000000| PB 0x0000000749000000| Untracked 
|1683|0x0000000749800000, 0x0000000749800000, 0x000000074a000000|  0%| F|  |TAMS 0x0000000749800000| PB 0x0000000749800000| Untracked 
|1684|0x000000074a000000, 0x000000074a000000, 0x000000074a800000|  0%| F|  |TAMS 0x000000074a000000| PB 0x000000074a000000| Untracked 
|1685|0x000000074a800000, 0x000000074a800000, 0x000000074b000000|  0%| F|  |TAMS 0x000000074a800000| PB 0x000000074a800000| Untracked 
|1686|0x000000074b000000, 0x000000074b000000, 0x000000074b800000|  0%| F|  |TAMS 0x000000074b000000| PB 0x000000074b000000| Untracked 
|1687|0x000000074b800000, 0x000000074b800000, 0x000000074c000000|  0%| F|  |TAMS 0x000000074b800000| PB 0x000000074b800000| Untracked 
|1688|0x000000074c000000, 0x000000074c000000, 0x000000074c800000|  0%| F|  |TAMS 0x000000074c000000| PB 0x000000074c000000| Untracked 
|1689|0x000000074c800000, 0x000000074c800000, 0x000000074d000000|  0%| F|  |TAMS 0x000000074c800000| PB 0x000000074c800000| Untracked 
|1690|0x000000074d000000, 0x000000074d000000, 0x000000074d800000|  0%| F|  |TAMS 0x000000074d000000| PB 0x000000074d000000| Untracked 
|1691|0x000000074d800000, 0x000000074d800000, 0x000000074e000000|  0%| F|  |TAMS 0x000000074d800000| PB 0x000000074d800000| Untracked 
|1692|0x000000074e000000, 0x000000074e000000, 0x000000074e800000|  0%| F|  |TAMS 0x000000074e000000| PB 0x000000074e000000| Untracked 
|1693|0x000000074e800000, 0x000000074e800000, 0x000000074f000000|  0%| F|  |TAMS 0x000000074e800000| PB 0x000000074e800000| Untracked 
|1694|0x000000074f000000, 0x000000074f000000, 0x000000074f800000|  0%| F|  |TAMS 0x000000074f000000| PB 0x000000074f000000| Untracked 
|1695|0x000000074f800000, 0x000000074f800000, 0x0000000750000000|  0%| F|  |TAMS 0x000000074f800000| PB 0x000000074f800000| Untracked 
|1696|0x0000000750000000, 0x0000000750000000, 0x0000000750800000|  0%| F|  |TAMS 0x0000000750000000| PB 0x0000000750000000| Untracked 
|1697|0x0000000750800000, 0x0000000750800000, 0x0000000751000000|  0%| F|  |TAMS 0x0000000750800000| PB 0x0000000750800000| Untracked 
|1698|0x0000000751000000, 0x0000000751000000, 0x0000000751800000|  0%| F|  |TAMS 0x0000000751000000| PB 0x0000000751000000| Untracked 
|1699|0x0000000751800000, 0x0000000751800000, 0x0000000752000000|  0%| F|  |TAMS 0x0000000751800000| PB 0x0000000751800000| Untracked 
|1700|0x0000000752000000, 0x0000000752000000, 0x0000000752800000|  0%| F|  |TAMS 0x0000000752000000| PB 0x0000000752000000| Untracked 
|1701|0x0000000752800000, 0x0000000752800000, 0x0000000753000000|  0%| F|  |TAMS 0x0000000752800000| PB 0x0000000752800000| Untracked 
|1702|0x0000000753000000, 0x0000000753000000, 0x0000000753800000|  0%| F|  |TAMS 0x0000000753000000| PB 0x0000000753000000| Untracked 
|1703|0x0000000753800000, 0x0000000753800000, 0x0000000754000000|  0%| F|  |TAMS 0x0000000753800000| PB 0x0000000753800000| Untracked 
|1704|0x0000000754000000, 0x0000000754000000, 0x0000000754800000|  0%| F|  |TAMS 0x0000000754000000| PB 0x0000000754000000| Untracked 
|1705|0x0000000754800000, 0x0000000754800000, 0x0000000755000000|  0%| F|  |TAMS 0x0000000754800000| PB 0x0000000754800000| Untracked 
|1706|0x0000000755000000, 0x0000000755000000, 0x0000000755800000|  0%| F|  |TAMS 0x0000000755000000| PB 0x0000000755000000| Untracked 
|2045|0x00000007fe800000, 0x00000007ff000000, 0x00000007ff000000|100%| E|  |TAMS 0x00000007fe800000| PB 0x00000007fe800000| Complete 
|2046|0x00000007ff000000, 0x00000007ff800000, 0x00000007ff800000|100%| O|  |TAMS 0x00000007ff800000| PB 0x00000007ff000000| Untracked 
|2047|0x00000007ff800000, 0x0000000800000000, 0x0000000800000000|100%| O|  |TAMS 0x0000000800000000| PB 0x00000007ff800000| Untracked 

Card table byte_map: [0x0000022715660000,0x0000022717660000] _byte_map_base: 0x0000022713660000

Marking Bits: (CMBitMap*) 0x00000227276a0450
 Bits: [0x0000022717660000, 0x0000022727660000)

Polling page: 0x000002277ee40000

Metaspace:

Usage:
  Non-class:     63.55 MB used.
      Class:      7.08 MB used.
       Both:     70.63 MB used.

Virtual space:
  Non-class space:      128.00 MB reserved,      64.38 MB ( 50%) committed,  2 nodes.
      Class space:        1.00 GB reserved,       7.81 MB ( <1%) committed,  1 nodes.
             Both:        1.12 GB reserved,      72.19 MB (  6%) committed. 

Chunk freelists:
   Non-Class:  15.64 MB
       Class:  8.23 MB
        Both:  23.88 MB

MaxMetaspaceSize: unlimited
CompressedClassSpaceSize: 1.00 GB
Initial GC threshold: 21.00 MB
Current GC threshold: 117.44 MB
CDS: on
 - commit_granule_bytes: 65536.
 - commit_granule_words: 8192.
 - virtual_space_node_default_size: 8388608.
 - enlarge_chunks_in_place: 1.
 - use_allocation_guard: 0.


Internal statistics:

num_allocs_failed_limit: 11.
num_arena_births: 1448.
num_arena_deaths: 18.
num_vsnodes_births: 3.
num_vsnodes_deaths: 0.
num_space_committed: 1155.
num_space_uncommitted: 0.
num_chunks_returned_to_freelist: 31.
num_chunks_taken_from_freelist: 5152.
num_chunk_merges: 17.
num_chunk_splits: 3017.
num_chunks_enlarged: 1521.
num_inconsistent_stats: 0.

CodeHeap 'non-profiled nmethods': size=120000Kb used=13810Kb max_used=13810Kb free=106190Kb
 bounds [0x000002270c020000, 0x000002270cda0000, 0x0000022713550000]
CodeHeap 'profiled nmethods': size=120000Kb used=38825Kb max_used=38825Kb free=81174Kb
 bounds [0x0000022704550000, 0x0000022706b40000, 0x000002270ba80000]
CodeHeap 'non-nmethods': size=5760Kb used=1812Kb max_used=1933Kb free=3948Kb
 bounds [0x000002270ba80000, 0x000002270bcf0000, 0x000002270c020000]
CodeCache: size=245760Kb, used=54447Kb, max_used=54568Kb, free=191312Kb
 total_blobs=16704, nmethods=15935, adapters=671, full_count=0
Compilation: enabled, stopped_count=0, restarted_count=0

Compilation events (20 events):
Event: 1428.325 Thread 0x000002272a13d190 17917       4       java.lang.ClassLoader::preDefineClass (118 bytes)
Event: 1428.387 Thread 0x000002272a171260 17930       3       org.eclipse.jdt.internal.compiler.parser.Parser::consumePostfixExpression (9 bytes)
Event: 1428.389 Thread 0x000002272a171260 nmethod 17930 0x0000022706b37f10 code [0x0000022706b380c0, 0x0000022706b38358]
Event: 1428.390 Thread 0x000002272a171260 17931       3       org.eclipse.jdt.internal.compiler.parser.Parser::consumeEmptyTypeArguments (6 bytes)
Event: 1428.390 Thread 0x000002272a171260 nmethod 17931 0x0000022706b38410 code [0x0000022706b385c0, 0x0000022706b38788]
Event: 1428.397 Thread 0x000002272a171260 17932       3       org.eclipse.jdt.internal.compiler.ast.QualifiedNameReference::<init> (26 bytes)
Event: 1428.398 Thread 0x000002272a171260 nmethod 17932 0x0000022706b38890 code [0x0000022706b38a60, 0x0000022706b38e80]
Event: 1428.432 Thread 0x000002272a13d190 nmethod 17917 0x000002270cd94e90 code [0x000002270cd951a0, 0x000002270cd97160]
Event: 1428.433 Thread 0x000002272a13d190 17929       4       java.lang.invoke.VarHandleGuards::guard_LLL_Z (86 bytes)
Event: 1428.454 Thread 0x000002272a13d190 nmethod 17929 0x000002270cd98390 code [0x000002270cd98580, 0x000002270cd98bc0]
Event: 1428.454 Thread 0x000002272a13d190 17918       4       java.lang.ClassLoader::postDefineClass (39 bytes)
Event: 1428.467 Thread 0x000002272a171260 17933       3       org.eclipse.jdt.internal.compiler.ExtraFlags::getExtraFlags (81 bytes)
Event: 1428.468 Thread 0x000002272a171260 nmethod 17933 0x0000022706b39010 code [0x0000022706b391c0, 0x0000022706b394e8]
Event: 1428.545 Thread 0x000002272a13d190 nmethod 17918 0x000002270cd99410 code [0x000002270cd997a0, 0x000002270cd9b370]
Event: 1428.563 Thread 0x000002272a171260 17935       3       org.eclipse.core.runtime.URIUtil::isFileURI (10 bytes)
Event: 1428.564 Thread 0x000002272a171260 nmethod 17935 0x0000022706b39690 code [0x0000022706b39840, 0x0000022706b39990]
Event: 1428.577 Thread 0x000002272a13d190 17936       4       java.util.regex.Pattern$BranchConn::study (5 bytes)
Event: 1428.578 Thread 0x000002272a13d190 nmethod 17936 0x000002270cd9c510 code [0x000002270cd9c6a0, 0x000002270cd9c740]
Event: 1430.379 Thread 0x000002272a171260 17937       3       org.eclipse.core.internal.content.ContentType::hasFileSpec (91 bytes)
Event: 1430.383 Thread 0x000002272a171260 nmethod 17937 0x0000022706b39a90 code [0x0000022706b39ca0, 0x0000022706b3a230]

GC Heap History (20 events):
Event: 98.085 GC heap before
{Heap before GC invocations=34 (full 0):
 garbage-first heap   total 196608K, used 163064K [0x0000000400000000, 0x0000000800000000)
  region size 8192K, 12 young (98304K), 2 survivors (16384K)
 Metaspace       used 65283K, committed 66688K, reserved 1114112K
  class space    used 6743K, committed 7360K, reserved 1048576K
}
Event: 98.111 GC heap after
{Heap after GC invocations=35 (full 0):
 garbage-first heap   total 237568K, used 85723K [0x0000000400000000, 0x0000000800000000)
  region size 8192K, 2 young (16384K), 2 survivors (16384K)
 Metaspace       used 65283K, committed 66688K, reserved 1114112K
  class space    used 6743K, committed 7360K, reserved 1048576K
}
Event: 101.114 GC heap before
{Heap before GC invocations=35 (full 0):
 garbage-first heap   total 237568K, used 200411K [0x0000000400000000, 0x0000000800000000)
  region size 8192K, 16 young (131072K), 2 survivors (16384K)
 Metaspace       used 66799K, committed 68224K, reserved 1114112K
  class space    used 6846K, committed 7488K, reserved 1048576K
}
Event: 101.145 GC heap after
{Heap after GC invocations=36 (full 0):
 garbage-first heap   total 237568K, used 95328K [0x0000000400000000, 0x0000000800000000)
  region size 8192K, 2 young (16384K), 2 survivors (16384K)
 Metaspace       used 66799K, committed 68224K, reserved 1114112K
  class space    used 6846K, committed 7488K, reserved 1048576K
}
Event: 113.218 GC heap before
{Heap before GC invocations=36 (full 0):
 garbage-first heap   total 237568K, used 201824K [0x0000000400000000, 0x0000000800000000)
  region size 8192K, 16 young (131072K), 2 survivors (16384K)
 Metaspace       used 68003K, committed 69440K, reserved 1114112K
  class space    used 6898K, committed 7552K, reserved 1048576K
}
Event: 113.259 GC heap after
{Heap after GC invocations=37 (full 0):
 garbage-first heap   total 245760K, used 104897K [0x0000000400000000, 0x0000000800000000)
  region size 8192K, 2 young (16384K), 2 survivors (16384K)
 Metaspace       used 68003K, committed 69440K, reserved 1114112K
  class space    used 6898K, committed 7552K, reserved 1048576K
}
Event: 291.709 GC heap before
{Heap before GC invocations=37 (full 0):
 garbage-first heap   total 245760K, used 203201K [0x0000000400000000, 0x0000000800000000)
  region size 8192K, 15 young (122880K), 2 survivors (16384K)
 Metaspace       used 70551K, committed 72128K, reserved 1114112K
  class space    used 7165K, committed 7808K, reserved 1048576K
}
Event: 291.745 GC heap after
{Heap after GC invocations=38 (full 0):
 garbage-first heap   total 245760K, used 120901K [0x0000000400000000, 0x0000000800000000)
  region size 8192K, 2 young (16384K), 2 survivors (16384K)
 Metaspace       used 70551K, committed 72128K, reserved 1114112K
  class space    used 7165K, committed 7808K, reserved 1048576K
}
Event: 296.770 GC heap before
{Heap before GC invocations=39 (full 0):
 garbage-first heap   total 245760K, used 211013K [0x0000000400000000, 0x0000000800000000)
  region size 8192K, 13 young (106496K), 2 survivors (16384K)
 Metaspace       used 71242K, committed 72768K, reserved 1114112K
  class space    used 7196K, committed 7872K, reserved 1048576K
}
Event: 296.791 GC heap after
{Heap after GC invocations=40 (full 0):
 garbage-first heap   total 245760K, used 123991K [0x0000000400000000, 0x0000000800000000)
  region size 8192K, 2 young (16384K), 2 survivors (16384K)
 Metaspace       used 71242K, committed 72768K, reserved 1114112K
  class space    used 7196K, committed 7872K, reserved 1048576K
}
Event: 305.959 GC heap before
{Heap before GC invocations=40 (full 0):
 garbage-first heap   total 245760K, used 197719K [0x0000000400000000, 0x0000000800000000)
  region size 8192K, 12 young (98304K), 2 survivors (16384K)
 Metaspace       used 71442K, committed 73024K, reserved 1114112K
  class space    used 7196K, committed 7872K, reserved 1048576K
}
Event: 305.992 GC heap after
{Heap after GC invocations=41 (full 0):
 garbage-first heap   total 245760K, used 117853K [0x0000000400000000, 0x0000000800000000)
  region size 8192K, 2 young (16384K), 2 survivors (16384K)
 Metaspace       used 71442K, committed 73024K, reserved 1114112K
  class space    used 7196K, committed 7872K, reserved 1048576K
}
Event: 1377.838 GC heap before
{Heap before GC invocations=41 (full 0):
 garbage-first heap   total 245760K, used 199773K [0x0000000400000000, 0x0000000800000000)
  region size 8192K, 12 young (98304K), 2 survivors (16384K)
 Metaspace       used 71918K, committed 73536K, reserved 1179648K
  class space    used 7226K, committed 7936K, reserved 1048576K
}
Event: 1377.963 GC heap after
{Heap after GC invocations=42 (full 0):
 garbage-first heap   total 245760K, used 107366K [0x0000000400000000, 0x0000000800000000)
  region size 8192K, 1 young (8192K), 1 survivors (8192K)
 Metaspace       used 71918K, committed 73536K, reserved 1179648K
  class space    used 7226K, committed 7936K, reserved 1048576K
}
Event: 1395.980 GC heap before
{Heap before GC invocations=42 (full 0):
 garbage-first heap   total 245760K, used 205670K [0x0000000400000000, 0x0000000800000000)
  region size 8192K, 13 young (106496K), 1 survivors (8192K)
 Metaspace       used 72056K, committed 73600K, reserved 1179648K
  class space    used 7227K, committed 7936K, reserved 1048576K
}
Event: 1395.996 GC heap after
{Heap after GC invocations=43 (full 0):
 garbage-first heap   total 245760K, used 108516K [0x0000000400000000, 0x0000000800000000)
  region size 8192K, 1 young (8192K), 1 survivors (8192K)
 Metaspace       used 72056K, committed 73600K, reserved 1179648K
  class space    used 7227K, committed 7936K, reserved 1048576K
}
Event: 1396.567 GC heap before
{Heap before GC invocations=43 (full 0):
 garbage-first heap   total 245760K, used 116708K [0x0000000400000000, 0x0000000800000000)
  region size 8192K, 3 young (24576K), 1 survivors (8192K)
 Metaspace       used 72131K, committed 73728K, reserved 1179648K
  class space    used 7229K, committed 7936K, reserved 1048576K
}
Event: 1396.587 GC heap after
{Heap after GC invocations=44 (full 0):
 garbage-first heap   total 245760K, used 110277K [0x0000000400000000, 0x0000000800000000)
  region size 8192K, 1 young (8192K), 1 survivors (8192K)
 Metaspace       used 72131K, committed 73728K, reserved 1179648K
  class space    used 7229K, committed 7936K, reserved 1048576K
}
Event: 1427.017 GC heap before
{Heap before GC invocations=44 (full 0):
 garbage-first heap   total 8314880K, used 8236741K [0x0000000400000000, 0x0000000800000000)
  region size 8192K, 8 young (65536K), 1 survivors (8192K)
 Metaspace       used 72223K, committed 73792K, reserved 1179648K
  class space    used 7230K, committed 7936K, reserved 1048576K
}
Event: 1427.132 GC heap after
{Heap after GC invocations=45 (full 0):
 garbage-first heap   total 8314880K, used 8187993K [0x0000000400000000, 0x0000000800000000)
  region size 8192K, 1 young (8192K), 1 survivors (8192K)
 Metaspace       used 72223K, committed 73792K, reserved 1179648K
  class space    used 7230K, committed 7936K, reserved 1048576K
}

Dll operation events (20 events):
Event: 0.801 Attempting to load shared library c:\Users\ZHAN\.vscode\extensions\redhat.java-1.56.0-win32-x64\jre\21.0.12.1-win32-x86_64\bin\java.dll
Event: 0.801 Loaded shared library c:\Users\ZHAN\.vscode\extensions\redhat.java-1.56.0-win32-x64\jre\21.0.12.1-win32-x86_64\bin\java.dll
Event: 1.003 Attempting to load shared library c:\Users\ZHAN\.vscode\extensions\redhat.java-1.56.0-win32-x64\jre\21.0.12.1-win32-x86_64\bin\zip.dll
Event: 1.004 Loaded shared library c:\Users\ZHAN\.vscode\extensions\redhat.java-1.56.0-win32-x64\jre\21.0.12.1-win32-x86_64\bin\zip.dll
Event: 1.073 Attempting to load shared library C:\Users\ZHAN\.vscode\extensions\redhat.java-1.56.0-win32-x64\jre\21.0.12.1-win32-x86_64\bin\instrument.dll
Event: 1.073 Loaded shared library C:\Users\ZHAN\.vscode\extensions\redhat.java-1.56.0-win32-x64\jre\21.0.12.1-win32-x86_64\bin\instrument.dll
Event: 1.083 Attempting to load shared library C:\Users\ZHAN\.vscode\extensions\redhat.java-1.56.0-win32-x64\jre\21.0.12.1-win32-x86_64\bin\net.dll
Event: 1.267 Loaded shared library C:\Users\ZHAN\.vscode\extensions\redhat.java-1.56.0-win32-x64\jre\21.0.12.1-win32-x86_64\bin\net.dll
Event: 1.271 Attempting to load shared library C:\Users\ZHAN\.vscode\extensions\redhat.java-1.56.0-win32-x64\jre\21.0.12.1-win32-x86_64\bin\nio.dll
Event: 1.400 Loaded shared library C:\Users\ZHAN\.vscode\extensions\redhat.java-1.56.0-win32-x64\jre\21.0.12.1-win32-x86_64\bin\nio.dll
Event: 1.406 Attempting to load shared library C:\Users\ZHAN\.vscode\extensions\redhat.java-1.56.0-win32-x64\jre\21.0.12.1-win32-x86_64\bin\zip.dll
Event: 1.406 Loaded shared library C:\Users\ZHAN\.vscode\extensions\redhat.java-1.56.0-win32-x64\jre\21.0.12.1-win32-x86_64\bin\zip.dll
Event: 1.457 Attempting to load shared library C:\Users\ZHAN\.vscode\extensions\redhat.java-1.56.0-win32-x64\jre\21.0.12.1-win32-x86_64\bin\jimage.dll
Event: 1.457 Loaded shared library C:\Users\ZHAN\.vscode\extensions\redhat.java-1.56.0-win32-x64\jre\21.0.12.1-win32-x86_64\bin\jimage.dll
Event: 1.626 Attempting to load shared library c:\Users\ZHAN\.vscode\extensions\redhat.java-1.56.0-win32-x64\jre\21.0.12.1-win32-x86_64\bin\verify.dll
Event: 1.781 Loaded shared library c:\Users\ZHAN\.vscode\extensions\redhat.java-1.56.0-win32-x64\jre\21.0.12.1-win32-x86_64\bin\verify.dll
Event: 25.760 Attempting to load shared library C:\Users\ZHAN\AppData\Roaming\Code\User\globalStorage\redhat.java\1.56.0\config_win\org.eclipse.equinox.launcher\org.eclipse.equinox.launcher.win32.win32.x86_64_1.3.100.v20260804-1928\eclipse_11924.dll
Event: 26.236 Loaded shared library C:\Users\ZHAN\AppData\Roaming\Code\User\globalStorage\redhat.java\1.56.0\config_win\org.eclipse.equinox.launcher\org.eclipse.equinox.launcher.win32.win32.x86_64_1.3.100.v20260804-1928\eclipse_11924.dll
Event: 65.067 Attempting to load shared library C:\Users\ZHAN\AppData\Local\Temp\jna-2752475\jna3684869013046123197.dll
Event: 65.435 Loaded shared library C:\Users\ZHAN\AppData\Local\Temp\jna-2752475\jna3684869013046123197.dll

Deoptimization events (20 events):
Event: 1397.946 Thread 0x0000022770531000 Uncommon trap: trap_request=0xffffffbe fr.pc=0x000002270cd70df4 relative=0x0000000000001154
Event: 1397.946 Thread 0x0000022770531000 Uncommon trap: reason=profile_predicate action=maybe_recompile pc=0x000002270cd70df4 method=java.util.TimSort.reverseRange([Ljava/lang/Object;II)V @ 5 c2
Event: 1397.946 Thread 0x0000022770531000 DEOPT PACKING pc=0x000002270cd70df4 sp=0x0000008c9a1fd970
Event: 1397.946 Thread 0x0000022770531000 DEOPT UNPACKING pc=0x000002270bad7ba2 sp=0x0000008c9a1fd810 mode 2
Event: 1398.307 Thread 0x0000022770531000 DEOPT PACKING pc=0x0000022704a5afc6 sp=0x0000008c9a1fd330
Event: 1398.307 Thread 0x0000022770531000 DEOPT UNPACKING pc=0x000002270bad86e2 sp=0x0000008c9a1fc7a8 mode 0
Event: 1427.921 Thread 0x0000022774223650 DEOPT PACKING pc=0x00000227064eeefe sp=0x0000008c9aefc2c0
Event: 1427.922 Thread 0x0000022774223650 DEOPT UNPACKING pc=0x000002270bad86e2 sp=0x0000008c9aefb7a0 mode 0
Event: 1428.489 Thread 0x0000022770531690 Uncommon trap: trap_request=0xffffffc6 fr.pc=0x000002270c851540 relative=0x00000000000001e0
Event: 1428.489 Thread 0x0000022770531690 Uncommon trap: reason=bimorphic_or_optimized_type_check action=maybe_recompile pc=0x000002270c851540 method=java.util.stream.ReduceOps$ReduceOp.evaluateSequential(Ljava/util/stream/PipelineHelper;Ljava/util/Spliterator;)Ljava/lang/Object; @ 2 c2
Event: 1428.489 Thread 0x0000022770531690 DEOPT PACKING pc=0x000002270c851540 sp=0x0000008c998febe0
Event: 1428.490 Thread 0x0000022770531690 DEOPT UNPACKING pc=0x000002270bad7ba2 sp=0x0000008c998feb78 mode 2
Event: 1430.374 Thread 0x00000227705330d0 Uncommon trap: trap_request=0xffffffd6 fr.pc=0x000002270cd8a4ec relative=0x00000000000013cc
Event: 1430.374 Thread 0x00000227705330d0 Uncommon trap: reason=array_check action=maybe_recompile pc=0x000002270cd8a4ec method=java.util.TimSort.reverseRange([Ljava/lang/Object;II)V @ 27 c2
Event: 1430.374 Thread 0x00000227705330d0 DEOPT PACKING pc=0x000002270cd8a4ec sp=0x0000008c977fe760
Event: 1430.374 Thread 0x00000227705330d0 DEOPT UNPACKING pc=0x000002270bad7ba2 sp=0x0000008c977fe5f8 mode 2
Event: 1430.377 Thread 0x00000227705330d0 Uncommon trap: trap_request=0xffffffd6 fr.pc=0x000002270cd8a4ec relative=0x00000000000013cc
Event: 1430.377 Thread 0x00000227705330d0 Uncommon trap: reason=array_check action=maybe_recompile pc=0x000002270cd8a4ec method=java.util.TimSort.reverseRange([Ljava/lang/Object;II)V @ 27 c2
Event: 1430.377 Thread 0x00000227705330d0 DEOPT PACKING pc=0x000002270cd8a4ec sp=0x0000008c977fe7d0
Event: 1430.377 Thread 0x00000227705330d0 DEOPT UNPACKING pc=0x000002270bad7ba2 sp=0x0000008c977fe668 mode 2

Classes loaded (20 events):
Event: 294.610 Loading class java/util/stream/ReduceOps$CountingSink done
Event: 294.610 Loading class java/util/stream/ReduceOps$CountingSink$OfRef done
Event: 305.322 Loading class jdk/internal/module/IllegalAccessLogger
Event: 305.322 Loading class jdk/internal/module/IllegalAccessLogger done
Event: 385.569 Loading class java/util/stream/Nodes$CollectorTask$OfRef
Event: 385.578 Loading class java/util/stream/Nodes$CollectorTask
Event: 385.585 Loading class java/util/stream/Nodes$CollectorTask done
Event: 385.585 Loading class java/util/stream/Nodes$CollectorTask$OfRef done
Event: 385.787 Loading class java/util/function/LongFunction
Event: 385.788 Loading class java/util/function/LongFunction done
Event: 385.793 Loading class java/util/stream/Nodes$ConcNode
Event: 385.796 Loading class java/util/stream/Nodes$AbstractConcNode
Event: 385.801 Loading class java/util/stream/Nodes$AbstractConcNode done
Event: 385.802 Loading class java/util/stream/Nodes$ConcNode done
Event: 386.068 Loading class java/io/ObjectOutputStream$BlockDataOutputStream
Event: 386.071 Loading class java/io/ObjectOutputStream$BlockDataOutputStream done
Event: 386.071 Loading class java/io/ObjectOutputStream$HandleTable
Event: 386.072 Loading class java/io/ObjectOutputStream$HandleTable done
Event: 386.072 Loading class java/io/ObjectOutputStream$ReplaceTable
Event: 386.081 Loading class java/io/ObjectOutputStream$ReplaceTable done

Classes unloaded (9 events):
Event: 72.105 Thread 0x000002272a104590 Unloading class 0x000002272c1acc00 'java/lang/invoke/LambdaForm$MH+0x000002272c1acc00'
Event: 72.105 Thread 0x000002272a104590 Unloading class 0x000002272c1ac800 'java/lang/invoke/LambdaForm$MH+0x000002272c1ac800'
Event: 72.105 Thread 0x000002272a104590 Unloading class 0x000002272c1ac400 'java/lang/invoke/LambdaForm$MH+0x000002272c1ac400'
Event: 72.105 Thread 0x000002272a104590 Unloading class 0x000002272c1ac000 'java/lang/invoke/LambdaForm$MH+0x000002272c1ac000'
Event: 72.105 Thread 0x000002272a104590 Unloading class 0x000002272c1abc00 'java/lang/invoke/LambdaForm$BMH+0x000002272c1abc00'
Event: 72.105 Thread 0x000002272a104590 Unloading class 0x000002272c1ab800 'java/lang/invoke/LambdaForm$DMH+0x000002272c1ab800'
Event: 72.105 Thread 0x000002272a104590 Unloading class 0x000002272c1aa400 'java/lang/invoke/LambdaForm$DMH+0x000002272c1aa400'
Event: 291.975 Thread 0x000002272a104590 Unloading class 0x000002272c6f8c00 'java/lang/invoke/LambdaForm$MH+0x000002272c6f8c00'
Event: 291.975 Thread 0x000002272a104590 Unloading class 0x000002272c6f8000 'java/lang/invoke/LambdaForm$MH+0x000002272c6f8000'

Classes redefined (0 events):
No events

Internal exceptions (20 events):
Event: 116.191 Thread 0x0000022770531000 Exception <a 'sun/nio/fs/WindowsException'{0x000000040a408990}> (0x000000040a408990) 
thrown [s\src\hotspot\share\prims\jni.cpp, line 520]
Event: 116.192 Thread 0x0000022770531000 Exception <a 'sun/nio/fs/WindowsException'{0x000000040a408fd0}> (0x000000040a408fd0) 
thrown [s\src\hotspot\share\prims\jni.cpp, line 520]
Event: 116.228 Thread 0x0000022770531000 Exception <a 'sun/nio/fs/WindowsException'{0x000000040a6af608}> (0x000000040a6af608) 
thrown [s\src\hotspot\share\prims\jni.cpp, line 520]
Event: 116.228 Thread 0x0000022770531000 Exception <a 'sun/nio/fs/WindowsException'{0x000000040a6afc48}> (0x000000040a6afc48) 
thrown [s\src\hotspot\share\prims\jni.cpp, line 520]
Event: 290.706 Thread 0x0000022774223650 Exception <a 'java/lang/NoSuchMethodError'{0x00000004080cfd60}: 'java.lang.Object java.lang.invoke.DirectMethodHandle$Holder.invokeStatic(java.lang.Object, java.lang.Object, int, java.lang.Object)'> (0x00000004080cfd60) 
thrown [s\src\hotspot\share\interpreter\linkResolver.cpp, line 773]
Event: 295.973 Thread 0x0000022770534480 Exception <a 'sun/nio/fs/WindowsException'{0x000000040c2d2aa0}> (0x000000040c2d2aa0) 
thrown [s\src\hotspot\share\prims\jni.cpp, line 520]
Event: 296.008 Thread 0x0000022770534480 Exception <a 'sun/nio/fs/WindowsException'{0x000000040c2d3b10}> (0x000000040c2d3b10) 
thrown [s\src\hotspot\share\prims\jni.cpp, line 520]
Event: 296.488 Thread 0x0000022770534480 Exception <a 'sun/nio/fs/WindowsException'{0x00000004081fb910}> (0x00000004081fb910) 
thrown [s\src\hotspot\share\prims\jni.cpp, line 520]
Event: 305.089 Thread 0x0000022770534480 Exception <a 'sun/nio/fs/WindowsException'{0x000000040b2c5e90}> (0x000000040b2c5e90) 
thrown [s\src\hotspot\share\prims\jni.cpp, line 520]
Event: 305.090 Thread 0x0000022770534480 Exception <a 'sun/nio/fs/WindowsException'{0x000000040b2c6b88}> (0x000000040b2c6b88) 
thrown [s\src\hotspot\share\prims\jni.cpp, line 520]
Event: 305.163 Thread 0x0000022770534480 Exception <a 'sun/nio/fs/WindowsException'{0x000000040b34a768}> (0x000000040b34a768) 
thrown [s\src\hotspot\share\prims\jni.cpp, line 520]
Event: 385.161 Thread 0x0000022770dd9080 Exception <a 'java/lang/ArrayIndexOutOfBoundsException'{0x000000040b8995f8}: Index 431 out of bounds for length 430> (0x000000040b8995f8) 
thrown [s\src\hotspot\share\interpreter\interpreterRuntime.cpp, line 439]
Event: 385.957 Thread 0x0000022770dd89f0 Exception <a 'sun/nio/fs/WindowsException'{0x000000040b96a468}> (0x000000040b96a468) 
thrown [s\src\hotspot\share\prims\jni.cpp, line 520]
Event: 385.957 Thread 0x0000022770dd89f0 Exception <a 'sun/nio/fs/WindowsException'{0x000000040b96ad58}> (0x000000040b96ad58) 
thrown [s\src\hotspot\share\prims\jni.cpp, line 520]
Event: 386.315 Thread 0x0000022770dd89f0 Exception <a 'java/lang/NoSuchMethodError'{0x000000040ba16728}: static [J.<clinit>()V> (0x000000040ba16728) 
thrown [s\src\hotspot\share\prims\jni.cpp, line 1111]
Event: 386.387 Thread 0x0000022770dd89f0 Exception <a 'java/lang/NoSuchMethodError'{0x000000040ba4c8a0}: 'java.lang.Object java.lang.invoke.DirectMethodHandle$Holder.newInvokeSpecial(java.lang.Object, java.lang.Object, java.lang.Object, java.lang.Object, java.lang.Object, java.lang.Object, java.lang.Object, java.lang.Object)'> (0x000000040ba4c8a0) 
thrown [s\src\hotspot\share\interpreter\linkResolver.cpp, line 773]
Event: 418.797 Thread 0x0000022770dd9080 Exception <a 'java/lang/ArrayIndexOutOfBoundsException'{0x000000040bdbe7a8}: Index 431 out of bounds for length 430> (0x000000040bdbe7a8) 
thrown [s\src\hotspot\share\interpreter\interpreterRuntime.cpp, line 439]
Event: 1396.138 Thread 0x0000022770531690 Implicit null exception at 0x000002270c6bc1f6 to 0x000002270c6c03cc
Event: 1427.447 Thread 0x0000022774223650 Exception <a 'java/lang/IncompatibleClassChangeError'{0x00000007fe820cb8}: Found class java.lang.Object, but interface was expected> (0x00000007fe820cb8) 
thrown [s\src\hotspot\share\interpreter\linkResolver.cpp, line 840]
Event: 1427.463 Thread 0x0000022774223650 Exception <a 'java/lang/IncompatibleClassChangeError'{0x00000007fe8247c8}: Found class java.lang.Object, but interface was expected> (0x00000007fe8247c8) 
thrown [s\src\hotspot\share\interpreter\linkResolver.cpp, line 840]

ZGC Phase Switch (0 events):
No events

VM Operations (20 events):
Event: 1381.987 Executing safepoint VM operation: Cleanup done
Event: 1383.919 Executing non-safepoint VM operation: HandshakeAllThreads (HandshakeForDeflation)
Event: 1383.919 Executing non-safepoint VM operation: HandshakeAllThreads (HandshakeForDeflation) done
Event: 1383.919 Executing safepoint VM operation: Cleanup
Event: 1383.919 Executing safepoint VM operation: Cleanup done
Event: 1383.922 Executing non-safepoint VM operation: RendezvousGCThreads
Event: 1383.922 Executing non-safepoint VM operation: RendezvousGCThreads done
Event: 1384.935 Executing safepoint VM operation: Cleanup
Event: 1384.935 Executing safepoint VM operation: Cleanup done
Event: 1395.980 Executing safepoint VM operation: G1CollectForAllocation (G1 Evacuation Pause)
Event: 1395.997 Executing safepoint VM operation: G1CollectForAllocation (G1 Evacuation Pause) done
Event: 1396.269 Executing non-safepoint VM operation: HandshakeAllThreads (Deoptimize)
Event: 1396.269 Executing non-safepoint VM operation: HandshakeAllThreads (Deoptimize) done
Event: 1396.566 Executing safepoint VM operation: G1TryInitiateConcMark (G1 Humongous Allocation)
Event: 1396.588 Executing safepoint VM operation: G1TryInitiateConcMark (G1 Humongous Allocation) done
Event: 1398.595 Executing safepoint VM operation: Cleanup
Event: 1426.837 Executing safepoint VM operation: Cleanup done
Event: 1427.001 Executing safepoint VM operation: G1TryInitiateConcMark (G1 Humongous Allocation)
Event: 1427.132 Executing safepoint VM operation: G1TryInitiateConcMark (G1 Humongous Allocation) done
Event: 1427.795 Executing non-safepoint VM operation: HandshakeAllThreads (Deoptimize)

Memory protections (0 events):
No events

Nmethod flushes (20 events):
Event: 292.037 Thread 0x000002272a104590 flushing  nmethod 0x000002270c4f1e90
Event: 292.037 Thread 0x000002272a104590 flushing  nmethod 0x000002270c4fb090
Event: 292.037 Thread 0x000002272a104590 flushing  nmethod 0x0000022704abee10
Event: 292.037 Thread 0x000002272a104590 flushing  nmethod 0x0000022704cf4d10
Event: 292.037 Thread 0x000002272a104590 flushing  nmethod 0x0000022704f74310
Event: 292.037 Thread 0x000002272a104590 flushing  nmethod 0x0000022705090f10
Event: 292.037 Thread 0x000002272a104590 flushing  nmethod 0x00000227053c0910
Event: 292.037 Thread 0x000002272a104590 flushing  nmethod 0x00000227054f1110
Event: 292.037 Thread 0x000002272a104590 flushing  nmethod 0x00000227054f1610
Event: 292.037 Thread 0x000002272a104590 flushing  nmethod 0x0000022705508890
Event: 292.037 Thread 0x000002272a104590 flushing  nmethod 0x000002270560ce10
Event: 292.037 Thread 0x000002272a104590 flushing  nmethod 0x00000227056e5d90
Event: 292.037 Thread 0x000002272a104590 flushing  nmethod 0x00000227057caa10
Event: 292.037 Thread 0x000002272a104590 flushing  nmethod 0x00000227057e1e10
Event: 292.037 Thread 0x000002272a104590 flushing  nmethod 0x00000227057e4910
Event: 292.037 Thread 0x000002272a104590 flushing  nmethod 0x00000227057e5690
Event: 292.037 Thread 0x000002272a104590 flushing  nmethod 0x00000227057e8090
Event: 292.037 Thread 0x000002272a104590 flushing  nmethod 0x00000227057eb810
Event: 292.037 Thread 0x000002272a104590 flushing  nmethod 0x0000022705813910
Event: 292.037 Thread 0x000002272a104590 flushing  nmethod 0x0000022705820090

Events (20 events):
Event: 1016.312 Thread 0x0000022770ddb150 Thread exited: 0x0000022770ddb150
Event: 1316.338 Thread 0x000002277194b3a0 Thread exited: 0x000002277194b3a0
Event: 1370.715 Thread 0x000002272a13d190 Thread added: 0x0000022770680930
Event: 1371.214 Thread 0x0000022770680930 Thread exited: 0x0000022770680930
Event: 1374.334 Thread 0x000002272a171260 Thread added: 0x000002277067e050
Event: 1375.001 Thread 0x000002277067e050 Thread exited: 0x000002277067e050
Event: 1375.256 Thread 0x0000022770531000 Thread added: 0x00000227705330d0
Event: 1375.476 Thread 0x000002272a13d190 Thread added: 0x0000022770680930
Event: 1377.806 Thread 0x000002272a171260 Thread added: 0x0000022770680260
Event: 1380.782 Thread 0x0000022770680260 Thread exited: 0x0000022770680260
Event: 1383.308 Thread 0x0000022770680930 Thread exited: 0x0000022770680930
Event: 1383.497 Thread 0x000002272a13d190 Thread added: 0x000002277067e050
Event: 1383.610 Thread 0x000002272a171260 Thread added: 0x0000022770680260
Event: 1384.412 Thread 0x0000022770680260 Thread exited: 0x0000022770680260
Event: 1389.571 Thread 0x000002277067e050 Thread exited: 0x000002277067e050
Event: 1395.740 Thread 0x0000022774223650 Thread added: 0x0000022770531690
Event: 1396.011 Thread 0x000002272a171260 Thread added: 0x000002277067e720
Event: 1397.416 Thread 0x0000022770531000 Thread added: 0x0000022770dd8360
Event: 1397.522 Thread 0x000002277067e720 Thread exited: 0x000002277067e720
Event: 1428.370 Thread 0x0000022770dd89f0 Thread added: 0x0000022770dda430


Dynamic libraries:
0x00007ff6f9520000 - 0x00007ff6f952e000 	c:\Users\ZHAN\.vscode\extensions\redhat.java-1.56.0-win32-x64\jre\21.0.12.1-win32-x86_64\bin\java.exe
0x00007fff92120000 - 0x00007fff92386000 	C:\WINDOWS\SYSTEM32\ntdll.dll
0x00007fff911c0000 - 0x00007fff91289000 	C:\WINDOWS\System32\KERNEL32.DLL
0x00007fff8f5c0000 - 0x00007fff8f9bf000 	C:\WINDOWS\System32\KERNELBASE.dll
0x00007fff8fb60000 - 0x00007fff8fcac000 	C:\WINDOWS\System32\ucrtbase.dll
0x00007fff79be0000 - 0x00007fff79bfe000 	c:\Users\ZHAN\.vscode\extensions\redhat.java-1.56.0-win32-x64\jre\21.0.12.1-win32-x86_64\bin\VCRUNTIME140.dll
0x00007fff79bc0000 - 0x00007fff79bd8000 	c:\Users\ZHAN\.vscode\extensions\redhat.java-1.56.0-win32-x64\jre\21.0.12.1-win32-x86_64\bin\jli.dll
0x00007fff91a80000 - 0x00007fff91c46000 	C:\WINDOWS\System32\USER32.dll
0x00007fff73680000 - 0x00007fff73911000 	C:\WINDOWS\WinSxS\amd64_microsoft.windows.common-controls_6595b64144ccf1df_6.0.26100.8972_none_3e0da176e32f9d4b\COMCTL32.dll
0x00007fff90a00000 - 0x00007fff90aa9000 	C:\WINDOWS\System32\msvcrt.dll
0x00007fff8f390000 - 0x00007fff8f3b7000 	C:\WINDOWS\System32\win32u.dll
0x00007fff91120000 - 0x00007fff9114b000 	C:\WINDOWS\System32\GDI32.dll
0x00007fff8fcb0000 - 0x00007fff8fdd9000 	C:\WINDOWS\System32\gdi32full.dll
0x00007fff8f480000 - 0x00007fff8f523000 	C:\WINDOWS\System32\msvcp_win.dll
0x00007fff913c0000 - 0x00007fff913f2000 	C:\WINDOWS\System32\IMM32.DLL
0x00007fff79aa0000 - 0x00007fff79aac000 	c:\Users\ZHAN\.vscode\extensions\redhat.java-1.56.0-win32-x64\jre\21.0.12.1-win32-x86_64\bin\vcruntime140_1.dll
0x00007fff50500000 - 0x00007fff5058d000 	c:\Users\ZHAN\.vscode\extensions\redhat.java-1.56.0-win32-x64\jre\21.0.12.1-win32-x86_64\bin\msvcp140.dll
0x00007ffecf5e0000 - 0x00007ffed0382000 	c:\Users\ZHAN\.vscode\extensions\redhat.java-1.56.0-win32-x64\jre\21.0.12.1-win32-x86_64\bin\server\jvm.dll
0x00007fff90b60000 - 0x00007fff90c1c000 	C:\WINDOWS\System32\ADVAPI32.dll
0x00007fff90ab0000 - 0x00007fff90b5a000 	C:\WINDOWS\System32\sechost.dll
0x00007fff90dd0000 - 0x00007fff90ee8000 	C:\WINDOWS\System32\RPCRT4.dll
0x00007fff90c60000 - 0x00007fff90ce2000 	C:\WINDOWS\System32\WS2_32.dll
0x00007fff8f1f0000 - 0x00007fff8f24e000 	C:\WINDOWS\SYSTEM32\POWRPROF.dll
0x00007fff75fc0000 - 0x00007fff75ff6000 	C:\WINDOWS\SYSTEM32\WINMM.dll
0x00007fff7de50000 - 0x00007fff7de5b000 	C:\WINDOWS\SYSTEM32\VERSION.dll
0x00007fff8f1d0000 - 0x00007fff8f1e5000 	C:\WINDOWS\SYSTEM32\UMPDC.dll
0x00007fff8e0f0000 - 0x00007fff8e10b000 	C:\WINDOWS\SYSTEM32\kernel.appcore.dll
0x00007fff73970000 - 0x00007fff7397a000 	c:\Users\ZHAN\.vscode\extensions\redhat.java-1.56.0-win32-x64\jre\21.0.12.1-win32-x86_64\bin\jimage.dll
0x00007fff8c980000 - 0x00007fff8cbc2000 	C:\WINDOWS\SYSTEM32\DBGHELP.DLL
0x00007fff91500000 - 0x00007fff91885000 	C:\WINDOWS\System32\combase.dll
0x00007fff90cf0000 - 0x00007fff90dc9000 	C:\WINDOWS\System32\OLEAUT32.dll
0x00007fff6a470000 - 0x00007fff6a4ab000 	C:\WINDOWS\SYSTEM32\dbgcore.DLL
0x00007fff8fde0000 - 0x00007fff8fe8c000 	C:\WINDOWS\System32\bcryptPrimitives.dll
0x00007fff73520000 - 0x00007fff7352f000 	c:\Users\ZHAN\.vscode\extensions\redhat.java-1.56.0-win32-x64\jre\21.0.12.1-win32-x86_64\bin\instrument.dll
0x00007fff71920000 - 0x00007fff71940000 	c:\Users\ZHAN\.vscode\extensions\redhat.java-1.56.0-win32-x64\jre\21.0.12.1-win32-x86_64\bin\java.dll
0x00007fff90100000 - 0x00007fff90888000 	C:\WINDOWS\System32\SHELL32.dll
0x00007fff8cf00000 - 0x00007fff8d79b000 	C:\WINDOWS\SYSTEM32\windows.storage.dll
0x00007fff8ffb0000 - 0x00007fff900a9000 	C:\WINDOWS\System32\SHCORE.dll
0x00007fff91150000 - 0x00007fff911b6000 	C:\WINDOWS\System32\shlwapi.dll
0x00007fff8f2b0000 - 0x00007fff8f2d9000 	C:\WINDOWS\SYSTEM32\profapi.dll
0x00007fff71900000 - 0x00007fff71918000 	c:\Users\ZHAN\.vscode\extensions\redhat.java-1.56.0-win32-x64\jre\21.0.12.1-win32-x86_64\bin\zip.dll
0x00007fff79c80000 - 0x00007fff79c90000 	C:\Users\ZHAN\.vscode\extensions\redhat.java-1.56.0-win32-x64\jre\21.0.12.1-win32-x86_64\bin\net.dll
0x00007fff85140000 - 0x00007fff85268000 	C:\WINDOWS\SYSTEM32\WINHTTP.dll
0x00007fff8e680000 - 0x00007fff8e6ec000 	C:\WINDOWS\system32\mswsock.dll
0x00007fff79c60000 - 0x00007fff79c76000 	C:\Users\ZHAN\.vscode\extensions\redhat.java-1.56.0-win32-x64\jre\21.0.12.1-win32-x86_64\bin\nio.dll
0x00007fff718f0000 - 0x00007fff71900000 	c:\Users\ZHAN\.vscode\extensions\redhat.java-1.56.0-win32-x64\jre\21.0.12.1-win32-x86_64\bin\verify.dll
0x00007fff65870000 - 0x00007fff658b5000 	C:\Users\ZHAN\AppData\Roaming\Code\User\globalStorage\redhat.java\1.56.0\config_win\org.eclipse.equinox.launcher\org.eclipse.equinox.launcher.win32.win32.x86_64_1.3.100.v20260804-1928\eclipse_11924.dll
0x00007fff90f80000 - 0x00007fff91119000 	C:\WINDOWS\System32\ole32.dll
0x00007fff8e960000 - 0x00007fff8e97b000 	C:\WINDOWS\SYSTEM32\CRYPTSP.dll
0x00007fff8e050000 - 0x00007fff8e089000 	C:\WINDOWS\system32\rsaenh.dll
0x00007fff8e720000 - 0x00007fff8e752000 	C:\WINDOWS\SYSTEM32\USERENV.dll
0x00007fff8f280000 - 0x00007fff8f2aa000 	C:\WINDOWS\SYSTEM32\bcrypt.dll
0x00007fff8e980000 - 0x00007fff8e98c000 	C:\WINDOWS\SYSTEM32\CRYPTBASE.dll
0x00007fff8db80000 - 0x00007fff8dbb3000 	C:\WINDOWS\SYSTEM32\IPHLPAPI.DLL
0x00007fff909f0000 - 0x00007fff909fa000 	C:\WINDOWS\System32\NSI.dll
0x00007fff72430000 - 0x00007fff72479000 	C:\Users\ZHAN\AppData\Local\Temp\jna-2752475\jna3684869013046123197.dll
0x00007fff91290000 - 0x00007fff91298000 	C:\WINDOWS\System32\PSAPI.DLL
0x00007fff86950000 - 0x00007fff8696d000 	C:\WINDOWS\SYSTEM32\dhcpcsvc6.DLL
0x00007fff868f0000 - 0x00007fff86915000 	C:\WINDOWS\SYSTEM32\dhcpcsvc.DLL

JVMTI agents:
c:\Users\ZHAN\.vscode\extensions\redhat.java-1.56.0-win32-x64\lombok\lombok-1.18.39-4050.jar path:c:\Users\ZHAN\.vscode\extensions\redhat.java-1.56.0-win32-x64\jre\21.0.12.1-win32-x86_64\bin\instrument.dll, loaded, initialized, instrumentlib options:none

dbghelp: loaded successfully - version: 4.0.5 - missing functions: none
symbol engine: initialized successfully - sym options: 0x614 - pdb path: .;c:\Users\ZHAN\.vscode\extensions\redhat.java-1.56.0-win32-x64\jre\21.0.12.1-win32-x86_64\bin;C:\WINDOWS\SYSTEM32;C:\WINDOWS\WinSxS\amd64_microsoft.windows.common-controls_6595b64144ccf1df_6.0.26100.8972_none_3e0da176e32f9d4b;c:\Users\ZHAN\.vscode\extensions\redhat.java-1.56.0-win32-x64\jre\21.0.12.1-win32-x86_64\bin\server;C:\Users\ZHAN\AppData\Roaming\Code\User\globalStorage\redhat.java\1.56.0\config_win\org.eclipse.equinox.launcher\org.eclipse.equinox.launcher.win32.win32.x86_64_1.3.100.v20260804-1928;C:\Users\ZHAN\AppData\Local\Temp\jna-2752475

VM Arguments:
jvm_args: --add-modules=ALL-SYSTEM --add-opens=java.base/java.util=ALL-UNNAMED --add-opens=java.base/java.lang=ALL-UNNAMED --add-opens=java.base/sun.nio.fs=ALL-UNNAMED -Declipse.application=org.eclipse.jdt.ls.core.id1 -Dosgi.bundles.defaultStartLevel=4 -Declipse.product=org.eclipse.jdt.ls.core.product -Djava.import.generatesMetadataFilesAtProjectRoot=false -Dm2e.project.cache.size=50 -DDetectVMInstallationsJob.disabled=true -Dfile.encoding=utf8 -Xlog:disable -Xmx16G -XX:+UseG1GC -XX:+UseStringDeduplication -javaagent:c:\Users\ZHAN\.vscode\extensions\redhat.java-1.56.0-win32-x64\lombok\lombok-1.18.39-4050.jar -XX:+HeapDumpOnOutOfMemoryError -XX:HeapDumpPath=c:\Users\ZHAN\AppData\Roaming\Code\User\workspaceStorage\6ade11563f4fe5361217eb6860d671e4\redhat.java -Daether.dependencyCollector.impl=bf 
java_command: c:\Users\ZHAN\.vscode\extensions\redhat.java-1.56.0-win32-x64\server\plugins\org.eclipse.equinox.launcher_1.8.0.v20260804-1928.jar -configuration c:\Users\ZHAN\AppData\Roaming\Code\User\globalStorage\redhat.java\1.56.0\config_win -data c:\Users\ZHAN\AppData\Roaming\Code\User\workspaceStorage\6ade11563f4fe5361217eb6860d671e4\redhat.java\jdt_ws --pipe=\\.\pipe\lsp-8837fb0cd48733fefa85b63257319a04-sock
java_class_path (initial): c:\Users\ZHAN\.vscode\extensions\redhat.java-1.56.0-win32-x64\server\plugins\org.eclipse.equinox.launcher_1.8.0.v20260804-1928.jar
Launcher Type: SUN_STANDARD

[Global flags]
     intx CICompilerCount                          = 4                                         {product} {ergonomic}
     uint ConcGCThreads                            = 2                                         {product} {ergonomic}
     uint G1ConcRefinementThreads                  = 8                                         {product} {ergonomic}
   size_t G1HeapRegionSize                         = 8388608                                   {product} {ergonomic}
    uintx GCDrainStackTargetSize                   = 64                                        {product} {ergonomic}
     bool HeapDumpOnOutOfMemoryError               = true                                   {manageable} {command line}
    ccstr HeapDumpPath                             = c:\Users\ZHAN\AppData\Roaming\Code\User\workspaceStorage\6ade11563f4fe5361217eb6860d671e4\redhat.java         {manageable} {command line}
   size_t InitialHeapSize                          = 134217728                                 {product} {ergonomic}
   size_t MarkStackSize                            = 4194304                                   {product} {ergonomic}
   size_t MaxHeapSize                              = 17179869184                               {product} {command line}
   size_t MaxNewSize                               = 10301210624                               {product} {ergonomic}
   size_t MinHeapDeltaBytes                        = 8388608                                   {product} {ergonomic}
   size_t MinHeapSize                              = 8388608                                   {product} {ergonomic}
    uintx NonNMethodCodeHeapSize                   = 5839372                                {pd product} {ergonomic}
    uintx NonProfiledCodeHeapSize                  = 122909434                              {pd product} {ergonomic}
    uintx ProfiledCodeHeapSize                     = 122909434                              {pd product} {ergonomic}
    uintx ReservedCodeCacheSize                    = 251658240                              {pd product} {ergonomic}
     bool SegmentedCodeCache                       = true                                      {product} {ergonomic}
   size_t SoftMaxHeapSize                          = 17179869184                            {manageable} {ergonomic}
     bool UseCompressedOops                        = true                           {product lp64_product} {ergonomic}
     bool UseG1GC                                  = true                                      {product} {command line}
     bool UseLargePagesIndividualAllocation        = false                                  {pd product} {ergonomic}
     bool UseStringDeduplication                   = true                                      {product} {command line}

Logging:
Log output configuration:
 #0: stdout all=off uptime,level,tags foldmultilines=false
 #1: stderr all=off uptime,level,tags foldmultilines=false

Release file:
JAVA_VERSION="21.0.12.1" 
MODULES="java.base java.compiler java.datatransfer java.xml java.prefs java.desktop java.instrument java.logging java.management java.security.sasl java.naming java.rmi java.management.rmi java.net.http java.scripting java.security.jgss java.transaction.xa java.sql java.sql.rowset java.xml.crypto java.se java.smartcardio jdk.accessibility jdk.internal.jvmstat jdk.attach jdk.charsets jdk.internal.opt jdk.zipfs jdk.compiler jdk.crypto.ec jdk.crypto.cryptoki jdk.crypto.mscapi jdk.dynalink jdk.internal.ed jdk.editpad jdk.hotspot.agent jdk.httpserver jdk.internal.le jdk.internal.vm.ci jdk.internal.vm.compiler jdk.internal.vm.compiler.management jdk.jartool jdk.javadoc jdk.jcmd jdk.management jdk.management.agent jdk.jconsole jdk.jdeps jdk.jdwp.agent jdk.jdi jdk.jfr jdk.jshell jdk.jsobject jdk.jstatd jdk.localedata jdk.management.jfr jdk.naming.dns jdk.naming.rmi jdk.net jdk.nio.mapmode jdk.random jdk.sctp jdk.security.auth jdk.security.jgss jdk.unsupported jdk.unsupported.desktop jdk.xml.dom" 

Environment Variables:
JAVA_HOME=C:\Program Files\Java\jdk-25.0.2
PATH=C:\Program Files\Common Files\Oracle\Java\javapath;C:\Program Files\Python313;C:\Program Files\Python313\Scripts;C:\Program Files\Java\jdk-17\bin;C:\Program Files\Python313\Scripts\;C:\Program Files\Python313\;C:\Python27\;C:\Python27\Scripts;C:\WINDOWS\system32;C:\WINDOWS;C:\WINDOWS\System32\Wbem;C:\WINDOWS\System32\WindowsPowerShell\v1.0\;C:\WINDOWS\System32\OpenSSH\;C:\Program Files\Java\jdk-23\bin;C:\Program Files (x86)\Microsoft SQL Server\160\Tools\Binn\;C:\Program Files\Microsoft SQL Server\160\Tools\Binn\;C:\Program Files\Microsoft SQL Server\Client SDK\ODBC\170\Tools\Binn\;C:\Program Files\Microsoft SQL Server\160\DTS\Binn\;C:\Program Files\MySQL\MySQL Server 8.0\bin;C:\Program Files\Java\jdk-24\bin;C:\Program Files\Common Files\Autodesk Shared\;C:\Program Files\cursor\resources\app\bin;C:\apache-tomcat-9.0.113-windows-x64\apache-tomcat-9.0.113\bin;C:\Program Files\Java\jdk-25.0.2\bin;C:\Program Files\Java\jdk-25.0.2\bin;C:\Program Files\nodejs\;C:\Program Files\nodejs;c:\php;C:\Program Files\Maven\apache-maven-3.9.16;C:\Program Files\Git\cmd;C:\Program Files\MySQL\MySQL Shell 8.0\bin\;C:\Users\ZHAN\AppData\Local\Programs\Python\Launcher\;C:\Users\ZHAN\AppData\Local\Microsoft\WindowsApps;C:\Users\ZHAN\AppData\Local\Programs\Microsoft VS Code\bin;C:\Users\ZHAN\AppData\Roaming\npm;D:\PYTHON\bin;C:\Users\ZHAN\AppData\Local\Microsoft\WinGet\Packages\PHP.PHP.8.3_Microsoft.Winget.Source_8wekyb3d8bbwe;C:\Users\ZHAN\AppData\Local\Programs\Antigravity\bin;C:\Users\ZHAN\AppData\Local\Programs\Antigravity IDE\bin;D:\Apps\IntelliJ IDEA 2026.1.3\bin;
USERNAME=ZHAN
OS=Windows_NT
PROCESSOR_IDENTIFIER=Intel64 Family 6 Model 126 Stepping 5, GenuineIntel
TMP=C:\Users\ZHAN\AppData\Local\Temp
TEMP=C:\Users\ZHAN\AppData\Local\Temp




Periodic native trim disabled

---------------  S Y S T E M  ---------------

OS:
 Windows 11 , 64 bit Build 26100 (10.0.26100.9168)
OS uptime: 6 days 19:49 hours

CPU: total 8 (initial active 8) (4 cores per cpu, 2 threads per core) family 6 model 126 stepping 5 microcode 0xa0, cx8, cmov, fxsr, ht, mmx, 3dnowpref, sse, sse2, sse3, ssse3, sse4.1, sse4.2, popcnt, lzcnt, tsc, tscinvbit, avx, avx2, aes, erms, clmul, bmi1, bmi2, adx, avx512f, avx512dq, avx512cd, avx512bw, avx512vl, sha, fma, vzeroupper, avx512_vpopcntdq, avx512_vpclmulqdq, avx512_vaes, avx512_vnni, clflush, clflushopt, avx512_vbmi2, avx512_vbmi, rdtscp, rdpid, fsrm, gfni, avx512_bitalg, f16c, pku, avx512_ifma
Processor Information for the first 8 processors :
  Max Mhz: 1190, Current Mhz: 991, Mhz Limit: 987

Memory: 4k page, system-wide physical 7877M (29M free)
TotalPageFile size 32453M (AvailPageFile size 166M)
current process WorkingSet (physical memory assigned to process): 2715M, peak: 3115M
current process commit charge ("private bytes"): 14309M, peak: 14317M

vm_info: OpenJDK 64-Bit Server VM (21.0.12.1+1-LTS) for windows-amd64 JRE (21.0.12.1+1-LTS), built on 2026-08-18T00:00:00Z by "admin" with MS VC++ 17.12 (VS2022)

END.
